-- phpMyAdmin SQL Dump
-- version 5.2.1
-- https://www.phpmyadmin.net/
--
-- Host: 127.0.0.1:3306
-- Generation Time: Sep 19, 2025 at 07:27 AM
-- Server version: 9.1.0
-- PHP Version: 8.2.26

SET SQL_MODE = "NO_AUTO_VALUE_ON_ZERO";
START TRANSACTION;
SET time_zone = "+00:00";


/*!40101 SET @OLD_CHARACTER_SET_CLIENT=@@CHARACTER_SET_CLIENT */;
/*!40101 SET @OLD_CHARACTER_SET_RESULTS=@@CHARACTER_SET_RESULTS */;
/*!40101 SET @OLD_COLLATION_CONNECTION=@@COLLATION_CONNECTION */;
/*!40101 SET NAMES utf8mb4 */;

--
-- Database: `survey`
--

-- --------------------------------------------------------

--
-- Table structure for table `answers`
--

DROP TABLE IF EXISTS `answers`;
CREATE TABLE IF NOT EXISTS `answers` (
  `id` bigint UNSIGNED NOT NULL AUTO_INCREMENT,
  `response_id` bigint UNSIGNED NOT NULL,
  `question_id` bigint UNSIGNED NOT NULL,
  `option_id` bigint UNSIGNED DEFAULT NULL,
  `value` text COLLATE utf8mb4_unicode_ci,
  `created_at` timestamp NULL DEFAULT NULL,
  `updated_at` timestamp NULL DEFAULT NULL,
  PRIMARY KEY (`id`),
  KEY `answers_response_id_foreign` (`response_id`),
  KEY `answers_question_id_foreign` (`question_id`),
  KEY `answers_option_id_foreign` (`option_id`)
) ENGINE=MyISAM AUTO_INCREMENT=152 DEFAULT CHARSET=utf8mb4 COLLATE=utf8mb4_unicode_ci;

--
-- Dumping data for table `answers`
--

INSERT INTO `answers` (`id`, `response_id`, `question_id`, `option_id`, `value`, `created_at`, `updated_at`) VALUES
(1, 1, 8, 25, NULL, '2025-09-14 16:40:07', '2025-09-14 16:40:07'),
(2, 1, 9, 33, NULL, '2025-09-14 16:40:07', '2025-09-14 16:40:07'),
(3, 1, 10, NULL, '40', '2025-09-14 16:40:07', '2025-09-14 16:40:07'),
(4, 1, 11, 35, NULL, '2025-09-14 16:40:07', '2025-09-14 16:40:07'),
(5, 1, 12, 41, NULL, '2025-09-14 16:40:07', '2025-09-14 16:40:07'),
(6, 1, 13, 47, NULL, '2025-09-14 16:40:07', '2025-09-14 16:40:07'),
(7, 1, 14, NULL, '10', '2025-09-14 16:40:07', '2025-09-14 16:40:07'),
(8, 2, 8, 25, NULL, '2025-09-14 17:15:58', '2025-09-14 17:15:58'),
(9, 2, 9, 33, NULL, '2025-09-14 17:15:58', '2025-09-14 17:15:58'),
(10, 2, 10, NULL, '40', '2025-09-14 17:15:58', '2025-09-14 17:15:58'),
(11, 2, 11, 35, NULL, '2025-09-14 17:15:58', '2025-09-14 17:15:58'),
(12, 2, 12, 41, NULL, '2025-09-14 17:15:58', '2025-09-14 17:15:58'),
(13, 2, 13, 47, NULL, '2025-09-14 17:15:58', '2025-09-14 17:15:58'),
(14, 2, 14, NULL, '10', '2025-09-14 17:15:58', '2025-09-14 17:15:58'),
(15, 3, 26, NULL, 'ATEF00000000000', '2025-09-14 17:18:03', '2025-09-14 17:18:03'),
(16, 3, 27, NULL, 'atefakl800000@gmail.com', '2025-09-14 17:18:03', '2025-09-14 17:18:03'),
(17, 3, 28, 95, NULL, '2025-09-14 17:18:03', '2025-09-14 17:18:03'),
(18, 3, 30, 102, NULL, '2025-09-14 17:18:03', '2025-09-14 17:18:03'),
(19, 3, 31, 123, NULL, '2025-09-14 17:18:03', '2025-09-14 17:18:03'),
(20, 3, 32, 124, NULL, '2025-09-14 17:18:03', '2025-09-14 17:18:03'),
(21, 4, 177, NULL, 'yoyo', '2025-09-16 11:11:41', '2025-09-16 11:11:41'),
(22, 4, 178, NULL, 'yoyo@gmail.com', '2025-09-16 11:11:41', '2025-09-16 11:11:41'),
(23, 4, 179, NULL, 'jjj', '2025-09-16 11:11:41', '2025-09-16 11:11:41'),
(24, 4, 180, 290, NULL, '2025-09-16 11:11:41', '2025-09-16 11:11:41'),
(25, 4, 181, 294, NULL, '2025-09-16 11:11:41', '2025-09-16 11:11:41'),
(26, 4, 183, NULL, '4', '2025-09-16 11:11:41', '2025-09-16 11:11:41'),
(27, 4, 184, NULL, '2025-09-16', '2025-09-16 11:11:42', '2025-09-16 11:11:42'),
(28, 4, 185, NULL, '6', '2025-09-16 11:11:42', '2025-09-16 11:11:42'),
(29, 4, 186, 306, NULL, '2025-09-16 11:11:42', '2025-09-16 11:11:42'),
(30, 4, 187, 311, NULL, '2025-09-16 11:11:42', '2025-09-16 11:11:42'),
(31, 4, 187, 312, NULL, '2025-09-16 11:11:42', '2025-09-16 11:11:42'),
(32, 4, 188, NULL, 'hhhhhhh', '2025-09-16 11:11:42', '2025-09-16 11:11:42'),
(33, 5, 201, NULL, 'yoyo', '2025-09-16 11:30:42', '2025-09-16 11:30:42'),
(34, 5, 202, NULL, 'yoyo@gamil.com', '2025-09-16 11:30:42', '2025-09-16 11:30:42'),
(35, 5, 203, NULL, '10', '2025-09-16 11:30:42', '2025-09-16 11:30:42'),
(36, 5, 205, 350, NULL, '2025-09-16 11:30:42', '2025-09-16 11:30:42'),
(37, 5, 205, 351, NULL, '2025-09-16 11:30:42', '2025-09-16 11:30:42'),
(38, 5, 206, 356, NULL, '2025-09-16 11:30:42', '2025-09-16 11:30:42'),
(39, 5, 207, NULL, '4', '2025-09-16 11:30:42', '2025-09-16 11:30:42'),
(40, 5, 208, NULL, '2025-09-16', '2025-09-16 11:30:42', '2025-09-16 11:30:42'),
(41, 5, 210, 362, NULL, '2025-09-16 11:30:42', '2025-09-16 11:30:42'),
(42, 5, 211, 367, NULL, '2025-09-16 11:30:42', '2025-09-16 11:30:42'),
(43, 5, 211, 368, NULL, '2025-09-16 11:30:42', '2025-09-16 11:30:42'),
(44, 5, 212, NULL, 'be your biggest project', '2025-09-16 11:30:42', '2025-09-16 11:30:42'),
(45, 6, 227, NULL, 'kkkll', '2025-09-16 14:47:46', '2025-09-16 14:47:46'),
(46, 6, 228, NULL, ';;', '2025-09-16 14:47:46', '2025-09-16 14:47:46'),
(47, 6, 229, NULL, 'll', '2025-09-16 14:47:46', '2025-09-16 14:47:46'),
(48, 6, 230, 405, NULL, '2025-09-16 14:47:46', '2025-09-16 14:47:46'),
(49, 6, 231, 408, NULL, '2025-09-16 14:47:46', '2025-09-16 14:47:46'),
(50, 7, 253, NULL, 'yyyyyyy', '2025-09-17 02:52:42', '2025-09-17 02:52:42'),
(51, 7, 254, NULL, 'jjj', '2025-09-17 02:52:42', '2025-09-17 02:52:42'),
(52, 8, 253, NULL, 'yyyyyyy', '2025-09-17 03:04:42', '2025-09-17 03:04:42'),
(53, 8, 254, NULL, 'اتتينت', '2025-09-17 03:04:42', '2025-09-17 03:04:42'),
(54, 8, 255, NULL, 'yoyo@gmail.com', '2025-09-17 03:04:42', '2025-09-17 03:04:42'),
(55, 8, 256, 458, NULL, '2025-09-17 03:04:42', '2025-09-17 03:04:42'),
(56, 8, 257, 462, NULL, '2025-09-17 03:04:42', '2025-09-17 03:04:42'),
(57, 8, 257, 463, NULL, '2025-09-17 03:04:42', '2025-09-17 03:04:42'),
(58, 8, 258, 468, NULL, '2025-09-17 03:04:42', '2025-09-17 03:04:42'),
(59, 8, 259, NULL, '5', '2025-09-17 03:04:42', '2025-09-17 03:04:42'),
(60, 8, 260, NULL, '2025-09-17', '2025-09-17 03:04:42', '2025-09-17 03:04:42'),
(61, 8, 261, NULL, '5', '2025-09-17 03:04:42', '2025-09-17 03:04:42'),
(62, 8, 262, 474, NULL, '2025-09-17 03:04:42', '2025-09-17 03:04:42'),
(63, 8, 263, 479, NULL, '2025-09-17 03:04:42', '2025-09-17 03:04:42'),
(64, 8, 263, 480, NULL, '2025-09-17 03:04:42', '2025-09-17 03:04:42'),
(65, 9, 302, NULL, 'FFF@GMAIL.COM', '2025-09-17 03:14:14', '2025-09-17 03:14:14'),
(66, 9, 303, NULL, 'KJJF', '2025-09-17 03:14:14', '2025-09-17 03:14:14'),
(67, 9, 304, 569, NULL, '2025-09-17 03:14:14', '2025-09-17 03:14:14'),
(68, 9, 305, 574, NULL, '2025-09-17 03:14:14', '2025-09-17 03:14:14'),
(69, 9, 306, 580, NULL, '2025-09-17 03:14:14', '2025-09-17 03:14:14'),
(70, 9, 307, NULL, '5', '2025-09-17 03:14:14', '2025-09-17 03:14:14'),
(71, 9, 308, NULL, '2025-09-17', '2025-09-17 03:14:14', '2025-09-17 03:14:14'),
(72, 9, 309, NULL, '5', '2025-09-17 03:14:14', '2025-09-17 03:14:14'),
(73, 9, 310, 586, NULL, '2025-09-17 03:14:14', '2025-09-17 03:14:14'),
(74, 9, 311, 591, NULL, '2025-09-17 03:14:14', '2025-09-17 03:14:14'),
(75, 9, 311, 592, NULL, '2025-09-17 03:14:14', '2025-09-17 03:14:14'),
(76, 9, 312, NULL, 'KKK', '2025-09-17 03:14:14', '2025-09-17 03:14:14'),
(77, 10, 325, NULL, '4', '2025-09-17 03:17:54', '2025-09-17 03:17:54'),
(78, 10, 326, NULL, 'YOYO@GMAIL.COM', '2025-09-17 03:17:54', '2025-09-17 03:17:54'),
(79, 10, 327, NULL, 'LKDLDLDF', '2025-09-17 03:17:54', '2025-09-17 03:17:54'),
(80, 10, 328, 626, NULL, '2025-09-17 03:17:54', '2025-09-17 03:17:54'),
(81, 10, 329, 630, NULL, '2025-09-17 03:17:54', '2025-09-17 03:17:54'),
(82, 10, 329, 632, NULL, '2025-09-17 03:17:54', '2025-09-17 03:17:54'),
(83, 10, 330, 636, NULL, '2025-09-17 03:17:54', '2025-09-17 03:17:54'),
(84, 10, 331, NULL, '5', '2025-09-17 03:17:54', '2025-09-17 03:17:54'),
(85, 10, 332, NULL, '2025-09-03', '2025-09-17 03:17:54', '2025-09-17 03:17:54'),
(86, 10, 333, NULL, '10', '2025-09-17 03:17:54', '2025-09-17 03:17:54'),
(87, 10, 334, 642, NULL, '2025-09-17 03:17:54', '2025-09-17 03:17:54'),
(88, 10, 335, 647, NULL, '2025-09-17 03:17:54', '2025-09-17 03:17:54'),
(89, 10, 335, 648, NULL, '2025-09-17 03:17:54', '2025-09-17 03:17:54'),
(90, 10, 336, NULL, 'LLL', '2025-09-17 03:17:54', '2025-09-17 03:17:54'),
(91, 11, 339, NULL, 'L;LKKD', '2025-09-17 03:19:41', '2025-09-17 03:19:41'),
(92, 11, 340, NULL, 'KKKSLKSK', '2025-09-17 03:19:41', '2025-09-17 03:19:41'),
(93, 12, 353, NULL, 'KKJCLKLKDK', '2025-09-17 03:21:06', '2025-09-17 03:21:06'),
(94, 12, 354, NULL, 'yoyo@gmail.com', '2025-09-17 03:21:06', '2025-09-17 03:21:06'),
(95, 12, 355, NULL, 'hhhhhhh', '2025-09-17 03:21:06', '2025-09-17 03:21:06'),
(96, 12, 361, NULL, '6', '2025-09-17 03:21:06', '2025-09-17 03:21:06'),
(97, 12, 364, NULL, 'hhhhhhh', '2025-09-17 03:21:06', '2025-09-17 03:21:06'),
(98, 13, 55, NULL, 'نؤيمن', '2025-09-18 10:51:46', '2025-09-18 10:51:46'),
(99, 13, 56, NULL, 'مننين', '2025-09-18 10:51:46', '2025-09-18 10:51:46'),
(100, 13, 57, NULL, 'زوزوئوءوؤم', '2025-09-18 10:51:46', '2025-09-18 10:51:46'),
(101, 14, 377, NULL, 'KKJCLKLKDK', '2025-09-18 12:49:44', '2025-09-18 12:49:44'),
(102, 14, 378, NULL, 'yoyo@gmail.com', '2025-09-18 12:49:44', '2025-09-18 12:49:44'),
(103, 14, 379, NULL, 'منممنبقننب', '2025-09-18 12:49:44', '2025-09-18 12:49:44'),
(104, 14, 380, 739, NULL, '2025-09-18 12:49:44', '2025-09-18 12:49:44'),
(105, 14, 381, 742, NULL, '2025-09-18 12:49:44', '2025-09-18 12:49:44'),
(106, 14, 381, 743, NULL, '2025-09-18 12:49:44', '2025-09-18 12:49:44'),
(107, 14, 382, 748, NULL, '2025-09-18 12:49:44', '2025-09-18 12:49:44'),
(108, 14, 383, NULL, '3', '2025-09-18 12:49:44', '2025-09-18 12:49:44'),
(109, 14, 384, NULL, '2025-09-18', '2025-09-18 12:49:44', '2025-09-18 12:49:44'),
(110, 14, 385, NULL, '6', '2025-09-18 12:49:44', '2025-09-18 12:49:44'),
(111, 14, 387, 759, NULL, '2025-09-18 12:49:44', '2025-09-18 12:49:44'),
(112, 15, 377, NULL, 'YOYO@GMAIL.COM', '2025-09-18 12:51:08', '2025-09-18 12:51:08'),
(113, 15, 378, NULL, 'YOYO@GMAIL.COM', '2025-09-18 12:51:08', '2025-09-18 12:51:08'),
(114, 15, 379, NULL, 'LLL', '2025-09-18 12:51:08', '2025-09-18 12:51:08'),
(115, 15, 380, 739, NULL, '2025-09-18 12:51:08', '2025-09-18 12:51:08'),
(116, 15, 381, 742, NULL, '2025-09-18 12:51:08', '2025-09-18 12:51:08'),
(117, 15, 381, 743, NULL, '2025-09-18 12:51:08', '2025-09-18 12:51:08'),
(118, 15, 382, 748, NULL, '2025-09-18 12:51:08', '2025-09-18 12:51:08'),
(119, 15, 383, NULL, '4', '2025-09-18 12:51:08', '2025-09-18 12:51:08'),
(120, 15, 384, NULL, '2025-09-18', '2025-09-18 12:51:08', '2025-09-18 12:51:08'),
(121, 15, 385, NULL, '10', '2025-09-18 12:51:08', '2025-09-18 12:51:08'),
(122, 15, 386, 754, NULL, '2025-09-18 12:51:08', '2025-09-18 12:51:08'),
(123, 15, 387, 759, NULL, '2025-09-18 12:51:08', '2025-09-18 12:51:08'),
(124, 15, 388, NULL, 'LLL', '2025-09-18 12:51:08', '2025-09-18 12:51:08'),
(125, 16, 377, NULL, 'YOYO@GMAIL.COM', '2025-09-18 12:55:25', '2025-09-18 12:55:25'),
(126, 16, 378, NULL, 'YOYO@GMAIL.COM', '2025-09-18 12:55:25', '2025-09-18 12:55:25'),
(127, 16, 379, NULL, 'LLL', '2025-09-18 12:55:25', '2025-09-18 12:55:25'),
(128, 16, 380, 738, NULL, '2025-09-18 12:55:25', '2025-09-18 12:55:25'),
(129, 16, 381, 742, NULL, '2025-09-18 12:55:25', '2025-09-18 12:55:25'),
(130, 16, 381, 743, NULL, '2025-09-18 12:55:25', '2025-09-18 12:55:25'),
(131, 16, 381, 744, NULL, '2025-09-18 12:55:25', '2025-09-18 12:55:25'),
(132, 16, 384, NULL, '2025-09-18', '2025-09-18 12:55:25', '2025-09-18 12:55:25'),
(133, 16, 385, NULL, '10', '2025-09-18 12:55:25', '2025-09-18 12:55:25'),
(134, 16, 386, 754, NULL, '2025-09-18 12:55:25', '2025-09-18 12:55:25'),
(135, 16, 387, 759, NULL, '2025-09-18 12:55:25', '2025-09-18 12:55:25'),
(136, 16, 387, 760, NULL, '2025-09-18 12:55:25', '2025-09-18 12:55:25'),
(137, 16, 388, NULL, 'LLL', '2025-09-18 12:55:25', '2025-09-18 12:55:25'),
(138, 17, 377, NULL, 'yosra', '2025-09-18 12:56:42', '2025-09-18 12:56:42'),
(139, 17, 378, NULL, 'YOYO@GMAIL.COM', '2025-09-18 12:56:42', '2025-09-18 12:56:42'),
(140, 17, 379, NULL, 'oikkj', '2025-09-18 12:56:42', '2025-09-18 12:56:42'),
(141, 17, 380, 738, NULL, '2025-09-18 12:56:42', '2025-09-18 12:56:42'),
(142, 17, 381, 742, NULL, '2025-09-18 12:56:42', '2025-09-18 12:56:42'),
(143, 17, 381, 743, NULL, '2025-09-18 12:56:42', '2025-09-18 12:56:42'),
(144, 17, 382, 748, NULL, '2025-09-18 12:56:42', '2025-09-18 12:56:42'),
(145, 17, 383, NULL, '4', '2025-09-18 12:56:42', '2025-09-18 12:56:42'),
(146, 17, 384, NULL, '2025-09-18', '2025-09-18 12:56:42', '2025-09-18 12:56:42'),
(147, 17, 385, NULL, '10', '2025-09-18 12:56:42', '2025-09-18 12:56:42'),
(148, 17, 386, 754, NULL, '2025-09-18 12:56:42', '2025-09-18 12:56:42'),
(149, 17, 387, 759, NULL, '2025-09-18 12:56:42', '2025-09-18 12:56:42'),
(150, 17, 387, 760, NULL, '2025-09-18 12:56:42', '2025-09-18 12:56:42'),
(151, 17, 388, NULL, 'Describe your biggest project', '2025-09-18 12:56:42', '2025-09-18 12:56:42');

-- --------------------------------------------------------

--
-- Table structure for table `failed_jobs`
--

DROP TABLE IF EXISTS `failed_jobs`;
CREATE TABLE IF NOT EXISTS `failed_jobs` (
  `id` bigint UNSIGNED NOT NULL AUTO_INCREMENT,
  `uuid` varchar(191) COLLATE utf8mb4_unicode_ci NOT NULL,
  `connection` text COLLATE utf8mb4_unicode_ci NOT NULL,
  `queue` text COLLATE utf8mb4_unicode_ci NOT NULL,
  `payload` longtext COLLATE utf8mb4_unicode_ci NOT NULL,
  `exception` longtext COLLATE utf8mb4_unicode_ci NOT NULL,
  `failed_at` timestamp NOT NULL DEFAULT CURRENT_TIMESTAMP,
  PRIMARY KEY (`id`),
  UNIQUE KEY `failed_jobs_uuid_unique` (`uuid`)
) ENGINE=MyISAM DEFAULT CHARSET=utf8mb4 COLLATE=utf8mb4_unicode_ci;

-- --------------------------------------------------------

--
-- Table structure for table `migrations`
--

DROP TABLE IF EXISTS `migrations`;
CREATE TABLE IF NOT EXISTS `migrations` (
  `id` int UNSIGNED NOT NULL AUTO_INCREMENT,
  `migration` varchar(191) COLLATE utf8mb4_unicode_ci NOT NULL,
  `batch` int NOT NULL,
  PRIMARY KEY (`id`)
) ENGINE=MyISAM AUTO_INCREMENT=20 DEFAULT CHARSET=utf8mb4 COLLATE=utf8mb4_unicode_ci;

--
-- Dumping data for table `migrations`
--

INSERT INTO `migrations` (`id`, `migration`, `batch`) VALUES
(1, '2014_10_12_000000_create_users_table', 1),
(2, '2014_10_12_100000_create_password_resets_table', 1),
(3, '2019_08_19_000000_create_failed_jobs_table', 1),
(4, '2019_12_14_000001_create_personal_access_tokens_table', 1),
(5, '2025_09_10_111511_create_surveys_table', 1),
(6, '2025_09_10_120001_create_questions_table', 1),
(7, '2025_09_10_120002_create_options_table', 1),
(8, '2025_09_10_120003_create_respondents_table', 1),
(9, '2025_09_10_120004_create_responses_table', 1),
(10, '2025_09_10_120005_create_answers_table', 1),
(11, '2025_09_12_070410_add_score_and_account_type_to_users_table', 1),
(12, '2025_09_12_083600_add_survey_number_to_surveys_table', 1),
(13, '2025_09_12_092200_add_weight_to_questions_table', 1),
(14, '2025_09_12_092300_add_weight_and_is_correct_to_options_table', 1),
(15, '2025_09_12_999999_fix_options_label_default', 1),
(16, '2025_09_13_135031_add_weight_to_questions_and_points_to_options', 1),
(17, '2025_09_13_210501_add_description_to_questions_table', 1),
(18, '2025_09_14_144033_add_unique_constraint_to_surveys_title', 1),
(19, '2025_09_14_180215_add_is_active_to_surveys_table', 1);

-- --------------------------------------------------------

--
-- Table structure for table `options`
--

DROP TABLE IF EXISTS `options`;
CREATE TABLE IF NOT EXISTS `options` (
  `id` bigint UNSIGNED NOT NULL AUTO_INCREMENT,
  `question_id` bigint UNSIGNED NOT NULL,
  `label` varchar(191) CHARACTER SET utf8mb4 COLLATE utf8mb4_unicode_ci NOT NULL DEFAULT 'Option',
  `weight` double(8,2) DEFAULT NULL,
  `points` int DEFAULT NULL,
  `is_correct` tinyint(1) NOT NULL DEFAULT '0',
  `display_order` int UNSIGNED NOT NULL DEFAULT '0',
  `created_at` timestamp NULL DEFAULT NULL,
  `updated_at` timestamp NULL DEFAULT NULL,
  PRIMARY KEY (`id`),
  KEY `options_question_id_foreign` (`question_id`)
) ENGINE=MyISAM AUTO_INCREMENT=1157 DEFAULT CHARSET=utf8mb4 COLLATE=utf8mb4_unicode_ci;

--
-- Dumping data for table `options`
--

INSERT INTO `options` (`id`, `question_id`, `label`, `weight`, `points`, `is_correct`, `display_order`, `created_at`, `updated_at`) VALUES
(1, 1, 'مصر', NULL, NULL, 0, 0, '2025-09-14 16:39:40', '2025-09-14 16:39:40'),
(2, 1, 'السعودية', NULL, NULL, 0, 1, '2025-09-14 16:39:40', '2025-09-14 16:39:40'),
(3, 1, 'الإمارات', NULL, NULL, 0, 2, '2025-09-14 16:39:40', '2025-09-14 16:39:40'),
(4, 1, 'الكويت', NULL, NULL, 0, 3, '2025-09-14 16:39:40', '2025-09-14 16:39:40'),
(5, 1, 'قطر', NULL, NULL, 0, 4, '2025-09-14 16:39:40', '2025-09-14 16:39:40'),
(6, 1, 'البحرين', NULL, NULL, 0, 5, '2025-09-14 16:39:40', '2025-09-14 16:39:40'),
(7, 1, 'عمان', NULL, NULL, 0, 6, '2025-09-14 16:39:40', '2025-09-14 16:39:40'),
(8, 1, 'الأردن', NULL, NULL, 0, 7, '2025-09-14 16:39:40', '2025-09-14 16:39:40'),
(9, 2, 'ذكر', NULL, NULL, 0, 0, '2025-09-14 16:39:40', '2025-09-14 16:39:40'),
(10, 2, 'أنثى', NULL, NULL, 0, 1, '2025-09-14 16:39:40', '2025-09-14 16:39:40'),
(11, 4, 'أقل من الثانوية', NULL, NULL, 0, 0, '2025-09-14 16:39:40', '2025-09-14 16:39:40'),
(12, 4, 'ثانوية عامة', NULL, NULL, 0, 1, '2025-09-14 16:39:40', '2025-09-14 16:39:40'),
(13, 4, 'دبلوم', NULL, NULL, 0, 2, '2025-09-14 16:39:40', '2025-09-14 16:39:40'),
(14, 4, 'بكالوريوس', NULL, NULL, 0, 3, '2025-09-14 16:39:40', '2025-09-14 16:39:40'),
(15, 4, 'ماجستير', NULL, NULL, 0, 4, '2025-09-14 16:39:40', '2025-09-14 16:39:40'),
(16, 4, 'دكتوراه', NULL, NULL, 0, 5, '2025-09-14 16:39:40', '2025-09-14 16:39:40'),
(17, 5, 'موظف حكومي', NULL, NULL, 0, 0, '2025-09-14 16:39:40', '2025-09-14 16:39:40'),
(18, 5, 'موظف قطاع خاص', NULL, NULL, 0, 1, '2025-09-14 16:39:40', '2025-09-14 16:39:40'),
(19, 5, 'أعمال حرة', NULL, NULL, 0, 2, '2025-09-14 16:39:40', '2025-09-14 16:39:40'),
(20, 5, 'طالب', NULL, NULL, 0, 3, '2025-09-14 16:39:40', '2025-09-14 16:39:40'),
(21, 5, 'متقاعد', NULL, NULL, 0, 4, '2025-09-14 16:39:40', '2025-09-14 16:39:40'),
(22, 5, 'عاطل عن العمل', NULL, NULL, 0, 5, '2025-09-14 16:39:40', '2025-09-14 16:39:40'),
(23, 6, 'نعم', NULL, NULL, 0, 0, '2025-09-14 16:39:40', '2025-09-14 16:39:40'),
(24, 6, 'لا', NULL, NULL, 0, 1, '2025-09-14 16:39:40', '2025-09-14 16:39:40'),
(25, 8, 'مصر', NULL, NULL, 0, 0, '2025-09-14 16:39:44', '2025-09-14 16:39:44'),
(26, 8, 'السعودية', NULL, NULL, 0, 1, '2025-09-14 16:39:44', '2025-09-14 16:39:44'),
(27, 8, 'الإمارات', NULL, NULL, 0, 2, '2025-09-14 16:39:44', '2025-09-14 16:39:44'),
(28, 8, 'الكويت', NULL, NULL, 0, 3, '2025-09-14 16:39:44', '2025-09-14 16:39:44'),
(29, 8, 'قطر', NULL, NULL, 0, 4, '2025-09-14 16:39:44', '2025-09-14 16:39:44'),
(30, 8, 'البحرين', NULL, NULL, 0, 5, '2025-09-14 16:39:44', '2025-09-14 16:39:44'),
(31, 8, 'عمان', NULL, NULL, 0, 6, '2025-09-14 16:39:44', '2025-09-14 16:39:44'),
(32, 8, 'الأردن', NULL, NULL, 0, 7, '2025-09-14 16:39:44', '2025-09-14 16:39:44'),
(33, 9, 'ذكر', NULL, NULL, 0, 0, '2025-09-14 16:39:44', '2025-09-14 16:39:44'),
(34, 9, 'أنثى', NULL, NULL, 0, 1, '2025-09-14 16:39:44', '2025-09-14 16:39:44'),
(35, 11, 'أقل من الثانوية', NULL, NULL, 0, 0, '2025-09-14 16:39:44', '2025-09-14 16:39:44'),
(36, 11, 'ثانوية عامة', NULL, NULL, 0, 1, '2025-09-14 16:39:44', '2025-09-14 16:39:44'),
(37, 11, 'دبلوم', NULL, NULL, 0, 2, '2025-09-14 16:39:44', '2025-09-14 16:39:44'),
(38, 11, 'بكالوريوس', NULL, NULL, 0, 3, '2025-09-14 16:39:44', '2025-09-14 16:39:44'),
(39, 11, 'ماجستير', NULL, NULL, 0, 4, '2025-09-14 16:39:44', '2025-09-14 16:39:44'),
(40, 11, 'دكتوراه', NULL, NULL, 0, 5, '2025-09-14 16:39:44', '2025-09-14 16:39:44'),
(41, 12, 'موظف حكومي', NULL, NULL, 0, 0, '2025-09-14 16:39:44', '2025-09-14 16:39:44'),
(42, 12, 'موظف قطاع خاص', NULL, NULL, 0, 1, '2025-09-14 16:39:44', '2025-09-14 16:39:44'),
(43, 12, 'أعمال حرة', NULL, NULL, 0, 2, '2025-09-14 16:39:44', '2025-09-14 16:39:44'),
(44, 12, 'طالب', NULL, NULL, 0, 3, '2025-09-14 16:39:44', '2025-09-14 16:39:44'),
(45, 12, 'متقاعد', NULL, NULL, 0, 4, '2025-09-14 16:39:44', '2025-09-14 16:39:44'),
(46, 12, 'عاطل عن العمل', NULL, NULL, 0, 5, '2025-09-14 16:39:44', '2025-09-14 16:39:44'),
(47, 13, 'نعم', NULL, NULL, 0, 0, '2025-09-14 16:39:44', '2025-09-14 16:39:44'),
(48, 13, 'لا', NULL, NULL, 0, 1, '2025-09-14 16:39:44', '2025-09-14 16:39:44'),
(49, 17, 'أقل من 15 سنة', NULL, NULL, 0, 0, '2025-09-14 17:17:29', '2025-09-14 17:17:29'),
(50, 17, 'من 15 إلى 25 سنة', NULL, NULL, 0, 1, '2025-09-14 17:17:29', '2025-09-14 17:17:29'),
(51, 17, 'من 25 إلى 35 سنة', NULL, NULL, 0, 2, '2025-09-14 17:17:29', '2025-09-14 17:17:29'),
(52, 17, 'أكبر من 35 سنة', NULL, NULL, 0, 3, '2025-09-14 17:17:29', '2025-09-14 17:17:29'),
(53, 18, 'ذكر', NULL, NULL, 0, 0, '2025-09-14 17:17:29', '2025-09-14 17:17:29'),
(54, 18, 'أنثى', NULL, NULL, 0, 1, '2025-09-14 17:17:29', '2025-09-14 17:17:29'),
(55, 18, 'أفضل عدم الإجابة', NULL, NULL, 0, 2, '2025-09-14 17:17:29', '2025-09-14 17:17:29'),
(56, 19, 'مصر', NULL, NULL, 0, 0, '2025-09-14 17:17:29', '2025-09-14 17:17:29'),
(57, 19, 'السعودية', NULL, NULL, 0, 1, '2025-09-14 17:17:29', '2025-09-14 17:17:29'),
(58, 19, 'الإمارات', NULL, NULL, 0, 2, '2025-09-14 17:17:29', '2025-09-14 17:17:29'),
(59, 19, 'الكويت', NULL, NULL, 0, 3, '2025-09-14 17:17:29', '2025-09-14 17:17:29'),
(60, 19, 'قطر', NULL, NULL, 0, 4, '2025-09-14 17:17:29', '2025-09-14 17:17:29'),
(61, 19, 'البحرين', NULL, NULL, 0, 5, '2025-09-14 17:17:29', '2025-09-14 17:17:29'),
(62, 19, 'عمان', NULL, NULL, 0, 6, '2025-09-14 17:17:29', '2025-09-14 17:17:29'),
(63, 19, 'الأردن', NULL, NULL, 0, 7, '2025-09-14 17:17:29', '2025-09-14 17:17:29'),
(64, 19, 'فلسطين', NULL, NULL, 0, 8, '2025-09-14 17:17:29', '2025-09-14 17:17:29'),
(65, 19, 'لبنان', NULL, NULL, 0, 9, '2025-09-14 17:17:29', '2025-09-14 17:17:29'),
(66, 19, 'سوريا', NULL, NULL, 0, 10, '2025-09-14 17:17:29', '2025-09-14 17:17:29'),
(67, 19, 'العراق', NULL, NULL, 0, 11, '2025-09-14 17:17:29', '2025-09-14 17:17:29'),
(68, 19, 'اليمن', NULL, NULL, 0, 12, '2025-09-14 17:17:29', '2025-09-14 17:17:29'),
(69, 19, 'ليبيا', NULL, NULL, 0, 13, '2025-09-14 17:17:29', '2025-09-14 17:17:29'),
(70, 19, 'تونس', NULL, NULL, 0, 14, '2025-09-14 17:17:29', '2025-09-14 17:17:29'),
(71, 19, 'الجزائر', NULL, NULL, 0, 15, '2025-09-14 17:17:29', '2025-09-14 17:17:29'),
(72, 19, 'المغرب', NULL, NULL, 0, 16, '2025-09-14 17:17:29', '2025-09-14 17:17:29'),
(73, 19, 'موريتانيا', NULL, NULL, 0, 17, '2025-09-14 17:17:29', '2025-09-14 17:17:29'),
(74, 19, 'الصومال', NULL, NULL, 0, 18, '2025-09-14 17:17:29', '2025-09-14 17:17:29'),
(75, 19, 'جيبوتي', NULL, NULL, 0, 19, '2025-09-14 17:17:29', '2025-09-14 17:17:29'),
(76, 19, 'جزر القمر', NULL, NULL, 0, 20, '2025-09-14 17:17:29', '2025-09-14 17:17:29'),
(77, 20, '(حقل نصي)*', NULL, NULL, 0, 0, '2025-09-14 17:17:29', '2025-09-14 17:17:29'),
(78, 21, 'طالب ثانوي', NULL, NULL, 0, 0, '2025-09-14 17:17:29', '2025-09-14 17:17:29'),
(79, 21, 'طالب جامعي', NULL, NULL, 0, 1, '2025-09-14 17:17:29', '2025-09-14 17:17:29'),
(80, 21, 'خريج جامعي', NULL, NULL, 0, 2, '2025-09-14 17:17:29', '2025-09-14 17:17:29'),
(81, 21, 'ماجستير', NULL, NULL, 0, 3, '2025-09-14 17:17:29', '2025-09-14 17:17:29'),
(82, 21, 'دكتوراه', NULL, NULL, 0, 4, '2025-09-14 17:17:29', '2025-09-14 17:17:29'),
(83, 22, '(حقل نصي)*', NULL, NULL, 0, 0, '2025-09-14 17:17:29', '2025-09-14 17:17:29'),
(84, 23, 'طالب', NULL, NULL, 0, 0, '2025-09-14 17:17:29', '2025-09-14 17:17:29'),
(85, 23, 'خريج', NULL, NULL, 0, 1, '2025-09-14 17:17:29', '2025-09-14 17:17:29'),
(86, 23, 'موظف', NULL, NULL, 0, 2, '2025-09-14 17:17:29', '2025-09-14 17:17:29'),
(87, 23, 'أعمل لحسابي', NULL, NULL, 0, 3, '2025-09-14 17:17:29', '2025-09-14 17:17:29'),
(88, 23, 'أبحث عن عمل', NULL, NULL, 0, 4, '2025-09-14 17:17:29', '2025-09-14 17:17:29'),
(89, 24, 'مبتدئ', NULL, NULL, 0, 0, '2025-09-14 17:17:29', '2025-09-14 17:17:29'),
(90, 24, 'متوسط', NULL, NULL, 0, 1, '2025-09-14 17:17:29', '2025-09-14 17:17:29'),
(91, 24, 'متقدم', NULL, NULL, 0, 2, '2025-09-14 17:17:29', '2025-09-14 17:17:29'),
(92, 24, 'متمكن', NULL, NULL, 0, 3, '2025-09-14 17:17:29', '2025-09-14 17:17:29'),
(93, 25, 'نعم', NULL, NULL, 0, 0, '2025-09-14 17:17:29', '2025-09-14 17:17:29'),
(94, 25, 'لا', NULL, NULL, 0, 1, '2025-09-14 17:17:29', '2025-09-14 17:17:29'),
(95, 28, 'أقل من 15 سنة', NULL, NULL, 0, 0, '2025-09-14 17:17:33', '2025-09-14 17:17:33'),
(96, 28, 'من 15 إلى 25 سنة', NULL, NULL, 0, 1, '2025-09-14 17:17:33', '2025-09-14 17:17:33'),
(97, 28, 'من 25 إلى 35 سنة', NULL, NULL, 0, 2, '2025-09-14 17:17:33', '2025-09-14 17:17:33'),
(98, 28, 'أكبر من 35 سنة', NULL, NULL, 0, 3, '2025-09-14 17:17:33', '2025-09-14 17:17:33'),
(99, 29, 'ذكر', NULL, NULL, 0, 0, '2025-09-14 17:17:33', '2025-09-14 17:17:33'),
(100, 29, 'أنثى', NULL, NULL, 0, 1, '2025-09-14 17:17:33', '2025-09-14 17:17:33'),
(101, 29, 'أفضل عدم الإجابة', NULL, NULL, 0, 2, '2025-09-14 17:17:33', '2025-09-14 17:17:33'),
(102, 30, 'مصر', NULL, NULL, 0, 0, '2025-09-14 17:17:33', '2025-09-14 17:17:33'),
(103, 30, 'السعودية', NULL, NULL, 0, 1, '2025-09-14 17:17:33', '2025-09-14 17:17:33'),
(104, 30, 'الإمارات', NULL, NULL, 0, 2, '2025-09-14 17:17:33', '2025-09-14 17:17:33'),
(105, 30, 'الكويت', NULL, NULL, 0, 3, '2025-09-14 17:17:33', '2025-09-14 17:17:33'),
(106, 30, 'قطر', NULL, NULL, 0, 4, '2025-09-14 17:17:33', '2025-09-14 17:17:33'),
(107, 30, 'البحرين', NULL, NULL, 0, 5, '2025-09-14 17:17:33', '2025-09-14 17:17:33'),
(108, 30, 'عمان', NULL, NULL, 0, 6, '2025-09-14 17:17:33', '2025-09-14 17:17:33'),
(109, 30, 'الأردن', NULL, NULL, 0, 7, '2025-09-14 17:17:33', '2025-09-14 17:17:33'),
(110, 30, 'فلسطين', NULL, NULL, 0, 8, '2025-09-14 17:17:33', '2025-09-14 17:17:33'),
(111, 30, 'لبنان', NULL, NULL, 0, 9, '2025-09-14 17:17:33', '2025-09-14 17:17:33'),
(112, 30, 'سوريا', NULL, NULL, 0, 10, '2025-09-14 17:17:33', '2025-09-14 17:17:33'),
(113, 30, 'العراق', NULL, NULL, 0, 11, '2025-09-14 17:17:33', '2025-09-14 17:17:33'),
(114, 30, 'اليمن', NULL, NULL, 0, 12, '2025-09-14 17:17:33', '2025-09-14 17:17:33'),
(115, 30, 'ليبيا', NULL, NULL, 0, 13, '2025-09-14 17:17:33', '2025-09-14 17:17:33'),
(116, 30, 'تونس', NULL, NULL, 0, 14, '2025-09-14 17:17:33', '2025-09-14 17:17:33'),
(117, 30, 'الجزائر', NULL, NULL, 0, 15, '2025-09-14 17:17:33', '2025-09-14 17:17:33'),
(118, 30, 'المغرب', NULL, NULL, 0, 16, '2025-09-14 17:17:33', '2025-09-14 17:17:33'),
(119, 30, 'موريتانيا', NULL, NULL, 0, 17, '2025-09-14 17:17:33', '2025-09-14 17:17:33'),
(120, 30, 'الصومال', NULL, NULL, 0, 18, '2025-09-14 17:17:33', '2025-09-14 17:17:33'),
(121, 30, 'جيبوتي', NULL, NULL, 0, 19, '2025-09-14 17:17:33', '2025-09-14 17:17:33'),
(122, 30, 'جزر القمر', NULL, NULL, 0, 20, '2025-09-14 17:17:33', '2025-09-14 17:17:33'),
(123, 31, '(حقل نصي)*', NULL, NULL, 0, 0, '2025-09-14 17:17:33', '2025-09-14 17:17:33'),
(124, 32, 'طالب ثانوي', NULL, NULL, 0, 0, '2025-09-14 17:17:33', '2025-09-14 17:17:33'),
(125, 32, 'طالب جامعي', NULL, NULL, 0, 1, '2025-09-14 17:17:33', '2025-09-14 17:17:33'),
(126, 32, 'خريج جامعي', NULL, NULL, 0, 2, '2025-09-14 17:17:33', '2025-09-14 17:17:33'),
(127, 32, 'ماجستير', NULL, NULL, 0, 3, '2025-09-14 17:17:33', '2025-09-14 17:17:33'),
(128, 32, 'دكتوراه', NULL, NULL, 0, 4, '2025-09-14 17:17:33', '2025-09-14 17:17:33'),
(129, 33, '(حقل نصي)*', NULL, NULL, 0, 0, '2025-09-14 17:17:33', '2025-09-14 17:17:33'),
(130, 34, 'طالب', NULL, NULL, 0, 0, '2025-09-14 17:17:33', '2025-09-14 17:17:33'),
(131, 34, 'خريج', NULL, NULL, 0, 1, '2025-09-14 17:17:33', '2025-09-14 17:17:33'),
(132, 34, 'موظف', NULL, NULL, 0, 2, '2025-09-14 17:17:33', '2025-09-14 17:17:33'),
(133, 34, 'أعمل لحسابي', NULL, NULL, 0, 3, '2025-09-14 17:17:33', '2025-09-14 17:17:33'),
(134, 34, 'أبحث عن عمل', NULL, NULL, 0, 4, '2025-09-14 17:17:33', '2025-09-14 17:17:33'),
(135, 35, 'مبتدئ', NULL, NULL, 0, 0, '2025-09-14 17:17:33', '2025-09-14 17:17:33'),
(136, 35, 'متوسط', NULL, NULL, 0, 1, '2025-09-14 17:17:33', '2025-09-14 17:17:33'),
(137, 35, 'متقدم', NULL, NULL, 0, 2, '2025-09-14 17:17:33', '2025-09-14 17:17:33'),
(138, 35, 'متمكن', NULL, NULL, 0, 3, '2025-09-14 17:17:33', '2025-09-14 17:17:33'),
(139, 36, 'نعم', NULL, NULL, 0, 0, '2025-09-14 17:17:33', '2025-09-14 17:17:33'),
(140, 36, 'لا', NULL, NULL, 0, 1, '2025-09-14 17:17:33', '2025-09-14 17:17:33'),
(141, 37, 'الخيار 1', NULL, NULL, 0, 0, '2025-09-14 17:21:59', '2025-09-14 17:21:59'),
(142, 37, 'الخيار 2', NULL, NULL, 0, 1, '2025-09-14 17:21:59', '2025-09-14 17:21:59'),
(143, 38, 'الخيار 1', NULL, NULL, 0, 0, '2025-09-14 17:22:05', '2025-09-14 17:22:05'),
(144, 38, 'الخيار 2', NULL, NULL, 0, 1, '2025-09-14 17:22:05', '2025-09-14 17:22:05'),
(145, 39, 'الخيار 1', NULL, NULL, 0, 0, '2025-09-14 17:22:09', '2025-09-14 17:22:09'),
(146, 39, 'الخيار 2', NULL, NULL, 0, 1, '2025-09-14 17:22:09', '2025-09-14 17:22:09'),
(147, 40, 'الخيار 1', NULL, NULL, 0, 0, '2025-09-14 17:31:35', '2025-09-14 17:31:35'),
(148, 40, 'الخيار 2', NULL, NULL, 0, 1, '2025-09-14 17:31:35', '2025-09-14 17:31:35'),
(149, 120, '18-25', 1.00, NULL, 0, 0, '2025-09-16 10:49:31', '2025-09-16 10:49:31'),
(150, 120, '26-35', 1.00, NULL, 0, 1, '2025-09-16 10:49:31', '2025-09-16 10:49:31'),
(151, 120, '36-45', 1.00, NULL, 0, 2, '2025-09-16 10:49:31', '2025-09-16 10:49:31'),
(152, 120, '46-60', 1.00, NULL, 0, 3, '2025-09-16 10:49:31', '2025-09-16 10:49:31'),
(153, 120, '60+', 1.00, NULL, 0, 4, '2025-09-16 10:49:31', '2025-09-16 10:49:31'),
(154, 121, 'JavaScript', 1.00, NULL, 0, 0, '2025-09-16 10:49:31', '2025-09-16 10:49:31'),
(155, 121, 'Python', 1.00, NULL, 0, 1, '2025-09-16 10:49:31', '2025-09-16 10:49:31'),
(156, 121, 'PHP', 1.00, NULL, 0, 2, '2025-09-16 10:49:31', '2025-09-16 10:49:31'),
(157, 121, 'Java', 1.00, NULL, 0, 3, '2025-09-16 10:49:31', '2025-09-16 10:49:31'),
(158, 121, 'C#', 1.00, NULL, 0, 4, '2025-09-16 10:49:31', '2025-09-16 10:49:31'),
(159, 121, 'Go', 1.00, NULL, 0, 5, '2025-09-16 10:49:31', '2025-09-16 10:49:31'),
(160, 122, 'Egypt', 1.00, NULL, 0, 0, '2025-09-16 10:49:31', '2025-09-16 10:49:31'),
(161, 122, 'Saudi Arabia', 1.00, NULL, 0, 1, '2025-09-16 10:49:31', '2025-09-16 10:49:31'),
(162, 122, 'UAE', 1.00, NULL, 0, 2, '2025-09-16 10:49:31', '2025-09-16 10:49:31'),
(163, 122, 'Jordan', 1.00, NULL, 0, 3, '2025-09-16 10:49:31', '2025-09-16 10:49:31'),
(164, 122, 'Lebanon', 1.00, NULL, 0, 4, '2025-09-16 10:49:31', '2025-09-16 10:49:31'),
(165, 122, 'Morocco', 1.00, NULL, 0, 5, '2025-09-16 10:49:31', '2025-09-16 10:49:31'),
(166, 126, 'VS Code', 1.00, NULL, 0, 0, '2025-09-16 10:49:31', '2025-09-16 10:49:31'),
(167, 126, 'PHPStorm', 1.00, NULL, 0, 1, '2025-09-16 10:49:31', '2025-09-16 10:49:31'),
(168, 126, 'Sublime Text', 1.00, NULL, 0, 2, '2025-09-16 10:49:31', '2025-09-16 10:49:31'),
(169, 126, 'Atom', 1.00, NULL, 0, 3, '2025-09-16 10:49:31', '2025-09-16 10:49:31'),
(170, 126, 'Vim', 1.00, NULL, 0, 4, '2025-09-16 10:49:31', '2025-09-16 10:49:31'),
(171, 127, 'Laravel', 1.00, NULL, 0, 0, '2025-09-16 10:49:31', '2025-09-16 10:49:31'),
(172, 127, 'React', 1.00, NULL, 0, 1, '2025-09-16 10:49:31', '2025-09-16 10:49:31'),
(173, 127, 'Vue.js', 1.00, NULL, 0, 2, '2025-09-16 10:49:31', '2025-09-16 10:49:31'),
(174, 127, 'Angular', 1.00, NULL, 0, 3, '2025-09-16 10:49:31', '2025-09-16 10:49:31'),
(175, 127, 'Express.js', 1.00, NULL, 0, 4, '2025-09-16 10:49:31', '2025-09-16 10:49:31'),
(176, 127, 'Django', 1.00, NULL, 0, 5, '2025-09-16 10:49:31', '2025-09-16 10:49:31'),
(177, 132, '18-25', 1.00, NULL, 0, 0, '2025-09-16 10:49:35', '2025-09-16 10:49:35'),
(178, 132, '26-35', 1.00, NULL, 0, 1, '2025-09-16 10:49:35', '2025-09-16 10:49:35'),
(179, 132, '36-45', 1.00, NULL, 0, 2, '2025-09-16 10:49:35', '2025-09-16 10:49:35'),
(180, 132, '46-60', 1.00, NULL, 0, 3, '2025-09-16 10:49:35', '2025-09-16 10:49:35'),
(181, 132, '60+', 1.00, NULL, 0, 4, '2025-09-16 10:49:35', '2025-09-16 10:49:35'),
(182, 133, 'JavaScript', 1.00, NULL, 0, 0, '2025-09-16 10:49:35', '2025-09-16 10:49:35'),
(183, 133, 'Python', 1.00, NULL, 0, 1, '2025-09-16 10:49:35', '2025-09-16 10:49:35'),
(184, 133, 'PHP', 1.00, NULL, 0, 2, '2025-09-16 10:49:35', '2025-09-16 10:49:35'),
(185, 133, 'Java', 1.00, NULL, 0, 3, '2025-09-16 10:49:35', '2025-09-16 10:49:35'),
(186, 133, 'C#', 1.00, NULL, 0, 4, '2025-09-16 10:49:35', '2025-09-16 10:49:35'),
(187, 133, 'Go', 1.00, NULL, 0, 5, '2025-09-16 10:49:35', '2025-09-16 10:49:35'),
(188, 134, 'Egypt', 1.00, NULL, 0, 0, '2025-09-16 10:49:35', '2025-09-16 10:49:35'),
(189, 134, 'Saudi Arabia', 1.00, NULL, 0, 1, '2025-09-16 10:49:35', '2025-09-16 10:49:35'),
(190, 134, 'UAE', 1.00, NULL, 0, 2, '2025-09-16 10:49:35', '2025-09-16 10:49:35'),
(191, 134, 'Jordan', 1.00, NULL, 0, 3, '2025-09-16 10:49:35', '2025-09-16 10:49:35'),
(192, 134, 'Lebanon', 1.00, NULL, 0, 4, '2025-09-16 10:49:35', '2025-09-16 10:49:35'),
(193, 134, 'Morocco', 1.00, NULL, 0, 5, '2025-09-16 10:49:35', '2025-09-16 10:49:35'),
(194, 138, 'VS Code', 1.00, NULL, 0, 0, '2025-09-16 10:49:35', '2025-09-16 10:49:35'),
(195, 138, 'PHPStorm', 1.00, NULL, 0, 1, '2025-09-16 10:49:35', '2025-09-16 10:49:35'),
(196, 138, 'Sublime Text', 1.00, NULL, 0, 2, '2025-09-16 10:49:35', '2025-09-16 10:49:35'),
(197, 138, 'Atom', 1.00, NULL, 0, 3, '2025-09-16 10:49:35', '2025-09-16 10:49:35'),
(198, 138, 'Vim', 1.00, NULL, 0, 4, '2025-09-16 10:49:35', '2025-09-16 10:49:35'),
(199, 139, 'Laravel', 1.00, NULL, 0, 0, '2025-09-16 10:49:35', '2025-09-16 10:49:35'),
(200, 139, 'React', 1.00, NULL, 0, 1, '2025-09-16 10:49:35', '2025-09-16 10:49:35'),
(201, 139, 'Vue.js', 1.00, NULL, 0, 2, '2025-09-16 10:49:35', '2025-09-16 10:49:35'),
(202, 139, 'Angular', 1.00, NULL, 0, 3, '2025-09-16 10:49:35', '2025-09-16 10:49:35'),
(203, 139, 'Express.js', 1.00, NULL, 0, 4, '2025-09-16 10:49:35', '2025-09-16 10:49:35'),
(204, 139, 'Django', 1.00, NULL, 0, 5, '2025-09-16 10:49:35', '2025-09-16 10:49:35'),
(205, 144, '18-25', 1.00, NULL, 0, 0, '2025-09-16 10:49:35', '2025-09-16 10:49:35'),
(206, 144, '26-35', 1.00, NULL, 0, 1, '2025-09-16 10:49:35', '2025-09-16 10:49:35'),
(207, 144, '36-45', 1.00, NULL, 0, 2, '2025-09-16 10:49:35', '2025-09-16 10:49:35'),
(208, 144, '46-60', 1.00, NULL, 0, 3, '2025-09-16 10:49:35', '2025-09-16 10:49:35'),
(209, 144, '60+', 1.00, NULL, 0, 4, '2025-09-16 10:49:35', '2025-09-16 10:49:35'),
(210, 145, 'JavaScript', 1.00, NULL, 0, 0, '2025-09-16 10:49:35', '2025-09-16 10:49:35'),
(211, 145, 'Python', 1.00, NULL, 0, 1, '2025-09-16 10:49:35', '2025-09-16 10:49:35'),
(212, 145, 'PHP', 1.00, NULL, 0, 2, '2025-09-16 10:49:35', '2025-09-16 10:49:35'),
(213, 145, 'Java', 1.00, NULL, 0, 3, '2025-09-16 10:49:35', '2025-09-16 10:49:35'),
(214, 145, 'C#', 1.00, NULL, 0, 4, '2025-09-16 10:49:35', '2025-09-16 10:49:35'),
(215, 145, 'Go', 1.00, NULL, 0, 5, '2025-09-16 10:49:35', '2025-09-16 10:49:35'),
(216, 146, 'Egypt', 1.00, NULL, 0, 0, '2025-09-16 10:49:35', '2025-09-16 10:49:35'),
(217, 146, 'Saudi Arabia', 1.00, NULL, 0, 1, '2025-09-16 10:49:35', '2025-09-16 10:49:35'),
(218, 146, 'UAE', 1.00, NULL, 0, 2, '2025-09-16 10:49:35', '2025-09-16 10:49:35'),
(219, 146, 'Jordan', 1.00, NULL, 0, 3, '2025-09-16 10:49:35', '2025-09-16 10:49:35'),
(220, 146, 'Lebanon', 1.00, NULL, 0, 4, '2025-09-16 10:49:35', '2025-09-16 10:49:35'),
(221, 146, 'Morocco', 1.00, NULL, 0, 5, '2025-09-16 10:49:35', '2025-09-16 10:49:35'),
(222, 150, 'VS Code', 1.00, NULL, 0, 0, '2025-09-16 10:49:35', '2025-09-16 10:49:35'),
(223, 150, 'PHPStorm', 1.00, NULL, 0, 1, '2025-09-16 10:49:35', '2025-09-16 10:49:35'),
(224, 150, 'Sublime Text', 1.00, NULL, 0, 2, '2025-09-16 10:49:35', '2025-09-16 10:49:35'),
(225, 150, 'Atom', 1.00, NULL, 0, 3, '2025-09-16 10:49:35', '2025-09-16 10:49:35'),
(226, 150, 'Vim', 1.00, NULL, 0, 4, '2025-09-16 10:49:35', '2025-09-16 10:49:35'),
(227, 151, 'Laravel', 1.00, NULL, 0, 0, '2025-09-16 10:49:35', '2025-09-16 10:49:35'),
(228, 151, 'React', 1.00, NULL, 0, 1, '2025-09-16 10:49:35', '2025-09-16 10:49:35'),
(229, 151, 'Vue.js', 1.00, NULL, 0, 2, '2025-09-16 10:49:35', '2025-09-16 10:49:35'),
(230, 151, 'Angular', 1.00, NULL, 0, 3, '2025-09-16 10:49:35', '2025-09-16 10:49:35'),
(231, 151, 'Express.js', 1.00, NULL, 0, 4, '2025-09-16 10:49:35', '2025-09-16 10:49:35'),
(232, 151, 'Django', 1.00, NULL, 0, 5, '2025-09-16 10:49:35', '2025-09-16 10:49:35'),
(233, 156, '18-25', 1.00, NULL, 0, 0, '2025-09-16 10:49:35', '2025-09-16 10:49:35'),
(234, 156, '26-35', 1.00, NULL, 0, 1, '2025-09-16 10:49:35', '2025-09-16 10:49:35'),
(235, 156, '36-45', 1.00, NULL, 0, 2, '2025-09-16 10:49:35', '2025-09-16 10:49:35'),
(236, 156, '46-60', 1.00, NULL, 0, 3, '2025-09-16 10:49:35', '2025-09-16 10:49:35'),
(237, 156, '60+', 1.00, NULL, 0, 4, '2025-09-16 10:49:35', '2025-09-16 10:49:35'),
(238, 157, 'JavaScript', 1.00, NULL, 0, 0, '2025-09-16 10:49:35', '2025-09-16 10:49:35'),
(239, 157, 'Python', 1.00, NULL, 0, 1, '2025-09-16 10:49:35', '2025-09-16 10:49:35'),
(240, 157, 'PHP', 1.00, NULL, 0, 2, '2025-09-16 10:49:35', '2025-09-16 10:49:35'),
(241, 157, 'Java', 1.00, NULL, 0, 3, '2025-09-16 10:49:35', '2025-09-16 10:49:35'),
(242, 157, 'C#', 1.00, NULL, 0, 4, '2025-09-16 10:49:35', '2025-09-16 10:49:35'),
(243, 157, 'Go', 1.00, NULL, 0, 5, '2025-09-16 10:49:35', '2025-09-16 10:49:35'),
(244, 158, 'Egypt', 1.00, NULL, 0, 0, '2025-09-16 10:49:35', '2025-09-16 10:49:35'),
(245, 158, 'Saudi Arabia', 1.00, NULL, 0, 1, '2025-09-16 10:49:35', '2025-09-16 10:49:35'),
(246, 158, 'UAE', 1.00, NULL, 0, 2, '2025-09-16 10:49:35', '2025-09-16 10:49:35'),
(247, 158, 'Jordan', 1.00, NULL, 0, 3, '2025-09-16 10:49:35', '2025-09-16 10:49:35'),
(248, 158, 'Lebanon', 1.00, NULL, 0, 4, '2025-09-16 10:49:35', '2025-09-16 10:49:35'),
(249, 158, 'Morocco', 1.00, NULL, 0, 5, '2025-09-16 10:49:35', '2025-09-16 10:49:35'),
(250, 162, 'VS Code', 1.00, NULL, 0, 0, '2025-09-16 10:49:35', '2025-09-16 10:49:35'),
(251, 162, 'PHPStorm', 1.00, NULL, 0, 1, '2025-09-16 10:49:35', '2025-09-16 10:49:35'),
(252, 162, 'Sublime Text', 1.00, NULL, 0, 2, '2025-09-16 10:49:35', '2025-09-16 10:49:35'),
(253, 162, 'Atom', 1.00, NULL, 0, 3, '2025-09-16 10:49:35', '2025-09-16 10:49:35'),
(254, 162, 'Vim', 1.00, NULL, 0, 4, '2025-09-16 10:49:35', '2025-09-16 10:49:35'),
(255, 163, 'Laravel', 1.00, NULL, 0, 0, '2025-09-16 10:49:35', '2025-09-16 10:49:35'),
(256, 163, 'React', 1.00, NULL, 0, 1, '2025-09-16 10:49:35', '2025-09-16 10:49:35'),
(257, 163, 'Vue.js', 1.00, NULL, 0, 2, '2025-09-16 10:49:35', '2025-09-16 10:49:35'),
(258, 163, 'Angular', 1.00, NULL, 0, 3, '2025-09-16 10:49:35', '2025-09-16 10:49:35'),
(259, 163, 'Express.js', 1.00, NULL, 0, 4, '2025-09-16 10:49:35', '2025-09-16 10:49:35'),
(260, 163, 'Django', 1.00, NULL, 0, 5, '2025-09-16 10:49:35', '2025-09-16 10:49:35'),
(261, 168, '18-25', 1.00, NULL, 0, 0, '2025-09-16 10:57:35', '2025-09-16 10:57:35'),
(262, 168, '26-35', 1.00, NULL, 0, 1, '2025-09-16 10:57:35', '2025-09-16 10:57:35'),
(263, 168, '36-45', 1.00, NULL, 0, 2, '2025-09-16 10:57:35', '2025-09-16 10:57:35'),
(264, 168, '46-60', 1.00, NULL, 0, 3, '2025-09-16 10:57:35', '2025-09-16 10:57:35'),
(265, 168, '60+', 1.00, NULL, 0, 4, '2025-09-16 10:57:35', '2025-09-16 10:57:35'),
(266, 169, 'JavaScript', 1.00, NULL, 0, 0, '2025-09-16 10:57:35', '2025-09-16 10:57:35'),
(267, 169, 'Python', 1.00, NULL, 0, 1, '2025-09-16 10:57:35', '2025-09-16 10:57:35'),
(268, 169, 'PHP', 1.00, NULL, 0, 2, '2025-09-16 10:57:35', '2025-09-16 10:57:35'),
(269, 169, 'Java', 1.00, NULL, 0, 3, '2025-09-16 10:57:35', '2025-09-16 10:57:35'),
(270, 169, 'C#', 1.00, NULL, 0, 4, '2025-09-16 10:57:35', '2025-09-16 10:57:35'),
(271, 169, 'Go', 1.00, NULL, 0, 5, '2025-09-16 10:57:35', '2025-09-16 10:57:35'),
(272, 170, 'Egypt', 1.00, NULL, 0, 0, '2025-09-16 10:57:35', '2025-09-16 10:57:35'),
(273, 170, 'Saudi Arabia', 1.00, NULL, 0, 1, '2025-09-16 10:57:35', '2025-09-16 10:57:35'),
(274, 170, 'UAE', 1.00, NULL, 0, 2, '2025-09-16 10:57:35', '2025-09-16 10:57:35'),
(275, 170, 'Jordan', 1.00, NULL, 0, 3, '2025-09-16 10:57:35', '2025-09-16 10:57:35'),
(276, 170, 'Lebanon', 1.00, NULL, 0, 4, '2025-09-16 10:57:35', '2025-09-16 10:57:35'),
(277, 170, 'Morocco', 1.00, NULL, 0, 5, '2025-09-16 10:57:35', '2025-09-16 10:57:35'),
(278, 174, 'VS Code', 1.00, NULL, 0, 0, '2025-09-16 10:57:35', '2025-09-16 10:57:35'),
(279, 174, 'PHPStorm', 1.00, NULL, 0, 1, '2025-09-16 10:57:35', '2025-09-16 10:57:35'),
(280, 174, 'Sublime Text', 1.00, NULL, 0, 2, '2025-09-16 10:57:35', '2025-09-16 10:57:35'),
(281, 174, 'Atom', 1.00, NULL, 0, 3, '2025-09-16 10:57:35', '2025-09-16 10:57:35'),
(282, 174, 'Vim', 1.00, NULL, 0, 4, '2025-09-16 10:57:35', '2025-09-16 10:57:35'),
(283, 175, 'Laravel', 1.00, NULL, 0, 0, '2025-09-16 10:57:35', '2025-09-16 10:57:35'),
(284, 175, 'React', 1.00, NULL, 0, 1, '2025-09-16 10:57:35', '2025-09-16 10:57:35'),
(285, 175, 'Vue.js', 1.00, NULL, 0, 2, '2025-09-16 10:57:35', '2025-09-16 10:57:35'),
(286, 175, 'Angular', 1.00, NULL, 0, 3, '2025-09-16 10:57:35', '2025-09-16 10:57:35'),
(287, 175, 'Express.js', 1.00, NULL, 0, 4, '2025-09-16 10:57:35', '2025-09-16 10:57:35'),
(288, 175, 'Django', 1.00, NULL, 0, 5, '2025-09-16 10:57:35', '2025-09-16 10:57:35'),
(289, 180, '18-25', 1.00, NULL, 0, 0, '2025-09-16 10:57:38', '2025-09-16 10:57:38'),
(290, 180, '26-35', 1.00, NULL, 0, 1, '2025-09-16 10:57:38', '2025-09-16 10:57:38'),
(291, 180, '36-45', 1.00, NULL, 0, 2, '2025-09-16 10:57:38', '2025-09-16 10:57:38'),
(292, 180, '46-60', 1.00, NULL, 0, 3, '2025-09-16 10:57:38', '2025-09-16 10:57:38'),
(293, 180, '60+', 1.00, NULL, 0, 4, '2025-09-16 10:57:38', '2025-09-16 10:57:38'),
(294, 181, 'JavaScript', 1.00, NULL, 0, 0, '2025-09-16 10:57:38', '2025-09-16 10:57:38'),
(295, 181, 'Python', 1.00, NULL, 0, 1, '2025-09-16 10:57:38', '2025-09-16 10:57:38'),
(296, 181, 'PHP', 1.00, NULL, 0, 2, '2025-09-16 10:57:38', '2025-09-16 10:57:38'),
(297, 181, 'Java', 1.00, NULL, 0, 3, '2025-09-16 10:57:38', '2025-09-16 10:57:38'),
(298, 181, 'C#', 1.00, NULL, 0, 4, '2025-09-16 10:57:38', '2025-09-16 10:57:38'),
(299, 181, 'Go', 1.00, NULL, 0, 5, '2025-09-16 10:57:38', '2025-09-16 10:57:38'),
(300, 182, 'Egypt', 1.00, NULL, 0, 0, '2025-09-16 10:57:38', '2025-09-16 10:57:38'),
(301, 182, 'Saudi Arabia', 1.00, NULL, 0, 1, '2025-09-16 10:57:38', '2025-09-16 10:57:38'),
(302, 182, 'UAE', 1.00, NULL, 0, 2, '2025-09-16 10:57:38', '2025-09-16 10:57:38'),
(303, 182, 'Jordan', 1.00, NULL, 0, 3, '2025-09-16 10:57:38', '2025-09-16 10:57:38'),
(304, 182, 'Lebanon', 1.00, NULL, 0, 4, '2025-09-16 10:57:38', '2025-09-16 10:57:38'),
(305, 182, 'Morocco', 1.00, NULL, 0, 5, '2025-09-16 10:57:38', '2025-09-16 10:57:38'),
(306, 186, 'VS Code', 1.00, NULL, 0, 0, '2025-09-16 10:57:38', '2025-09-16 10:57:38'),
(307, 186, 'PHPStorm', 1.00, NULL, 0, 1, '2025-09-16 10:57:38', '2025-09-16 10:57:38'),
(308, 186, 'Sublime Text', 1.00, NULL, 0, 2, '2025-09-16 10:57:38', '2025-09-16 10:57:38'),
(309, 186, 'Atom', 1.00, NULL, 0, 3, '2025-09-16 10:57:38', '2025-09-16 10:57:38'),
(310, 186, 'Vim', 1.00, NULL, 0, 4, '2025-09-16 10:57:38', '2025-09-16 10:57:38'),
(311, 187, 'Laravel', 1.00, NULL, 0, 0, '2025-09-16 10:57:38', '2025-09-16 10:57:38'),
(312, 187, 'React', 1.00, NULL, 0, 1, '2025-09-16 10:57:38', '2025-09-16 10:57:38'),
(313, 187, 'Vue.js', 1.00, NULL, 0, 2, '2025-09-16 10:57:38', '2025-09-16 10:57:38'),
(314, 187, 'Angular', 1.00, NULL, 0, 3, '2025-09-16 10:57:38', '2025-09-16 10:57:38'),
(315, 187, 'Express.js', 1.00, NULL, 0, 4, '2025-09-16 10:57:38', '2025-09-16 10:57:38'),
(316, 187, 'Django', 1.00, NULL, 0, 5, '2025-09-16 10:57:38', '2025-09-16 10:57:38'),
(317, 192, '18-25', 1.00, NULL, 0, 0, '2025-09-16 11:29:25', '2025-09-16 11:29:25'),
(318, 192, '26-35', 1.00, NULL, 0, 1, '2025-09-16 11:29:25', '2025-09-16 11:29:25'),
(319, 192, '36-45', 1.00, NULL, 0, 2, '2025-09-16 11:29:25', '2025-09-16 11:29:25'),
(320, 192, '46-60', 1.00, NULL, 0, 3, '2025-09-16 11:29:25', '2025-09-16 11:29:25'),
(321, 192, '60+', 1.00, NULL, 0, 4, '2025-09-16 11:29:25', '2025-09-16 11:29:25'),
(322, 193, 'JavaScript', 1.00, NULL, 0, 0, '2025-09-16 11:29:26', '2025-09-16 11:29:26'),
(323, 193, 'Python', 1.00, NULL, 0, 1, '2025-09-16 11:29:26', '2025-09-16 11:29:26'),
(324, 193, 'PHP', 1.00, NULL, 0, 2, '2025-09-16 11:29:26', '2025-09-16 11:29:26'),
(325, 193, 'Java', 1.00, NULL, 0, 3, '2025-09-16 11:29:26', '2025-09-16 11:29:26'),
(326, 193, 'C#', 1.00, NULL, 0, 4, '2025-09-16 11:29:26', '2025-09-16 11:29:26'),
(327, 193, 'Go', 1.00, NULL, 0, 5, '2025-09-16 11:29:26', '2025-09-16 11:29:26'),
(328, 194, 'Egypt', 1.00, NULL, 0, 0, '2025-09-16 11:29:26', '2025-09-16 11:29:26'),
(329, 194, 'Saudi Arabia', 1.00, NULL, 0, 1, '2025-09-16 11:29:26', '2025-09-16 11:29:26'),
(330, 194, 'UAE', 1.00, NULL, 0, 2, '2025-09-16 11:29:26', '2025-09-16 11:29:26'),
(331, 194, 'Jordan', 1.00, NULL, 0, 3, '2025-09-16 11:29:26', '2025-09-16 11:29:26'),
(332, 194, 'Lebanon', 1.00, NULL, 0, 4, '2025-09-16 11:29:26', '2025-09-16 11:29:26'),
(333, 194, 'Morocco', 1.00, NULL, 0, 5, '2025-09-16 11:29:26', '2025-09-16 11:29:26'),
(334, 198, 'VS Code', 1.00, NULL, 0, 0, '2025-09-16 11:29:26', '2025-09-16 11:29:26'),
(335, 198, 'PHPStorm', 1.00, NULL, 0, 1, '2025-09-16 11:29:26', '2025-09-16 11:29:26'),
(336, 198, 'Sublime Text', 1.00, NULL, 0, 2, '2025-09-16 11:29:26', '2025-09-16 11:29:26'),
(337, 198, 'Atom', 1.00, NULL, 0, 3, '2025-09-16 11:29:26', '2025-09-16 11:29:26'),
(338, 198, 'Vim', 1.00, NULL, 0, 4, '2025-09-16 11:29:26', '2025-09-16 11:29:26'),
(339, 199, 'Laravel', 1.00, NULL, 0, 0, '2025-09-16 11:29:26', '2025-09-16 11:29:26'),
(340, 199, 'React', 1.00, NULL, 0, 1, '2025-09-16 11:29:26', '2025-09-16 11:29:26'),
(341, 199, 'Vue.js', 1.00, NULL, 0, 2, '2025-09-16 11:29:26', '2025-09-16 11:29:26'),
(342, 199, 'Angular', 1.00, NULL, 0, 3, '2025-09-16 11:29:26', '2025-09-16 11:29:26'),
(343, 199, 'Express.js', 1.00, NULL, 0, 4, '2025-09-16 11:29:26', '2025-09-16 11:29:26'),
(344, 199, 'Django', 1.00, NULL, 0, 5, '2025-09-16 11:29:26', '2025-09-16 11:29:26'),
(345, 204, '18-25', 1.00, NULL, 0, 0, '2025-09-16 11:29:28', '2025-09-16 11:29:28'),
(346, 204, '26-35', 1.00, NULL, 0, 1, '2025-09-16 11:29:28', '2025-09-16 11:29:28'),
(347, 204, '36-45', 1.00, NULL, 0, 2, '2025-09-16 11:29:28', '2025-09-16 11:29:28'),
(348, 204, '46-60', 1.00, NULL, 0, 3, '2025-09-16 11:29:28', '2025-09-16 11:29:28'),
(349, 204, '60+', 1.00, NULL, 0, 4, '2025-09-16 11:29:28', '2025-09-16 11:29:28'),
(350, 205, 'JavaScript', 1.00, NULL, 0, 0, '2025-09-16 11:29:28', '2025-09-16 11:29:28'),
(351, 205, 'Python', 1.00, NULL, 0, 1, '2025-09-16 11:29:28', '2025-09-16 11:29:28'),
(352, 205, 'PHP', 1.00, NULL, 0, 2, '2025-09-16 11:29:28', '2025-09-16 11:29:28'),
(353, 205, 'Java', 1.00, NULL, 0, 3, '2025-09-16 11:29:28', '2025-09-16 11:29:28'),
(354, 205, 'C#', 1.00, NULL, 0, 4, '2025-09-16 11:29:28', '2025-09-16 11:29:28'),
(355, 205, 'Go', 1.00, NULL, 0, 5, '2025-09-16 11:29:28', '2025-09-16 11:29:28'),
(356, 206, 'Egypt', 1.00, NULL, 0, 0, '2025-09-16 11:29:28', '2025-09-16 11:29:28'),
(357, 206, 'Saudi Arabia', 1.00, NULL, 0, 1, '2025-09-16 11:29:28', '2025-09-16 11:29:28'),
(358, 206, 'UAE', 1.00, NULL, 0, 2, '2025-09-16 11:29:28', '2025-09-16 11:29:28'),
(359, 206, 'Jordan', 1.00, NULL, 0, 3, '2025-09-16 11:29:28', '2025-09-16 11:29:28'),
(360, 206, 'Lebanon', 1.00, NULL, 0, 4, '2025-09-16 11:29:28', '2025-09-16 11:29:28'),
(361, 206, 'Morocco', 1.00, NULL, 0, 5, '2025-09-16 11:29:28', '2025-09-16 11:29:28'),
(362, 210, 'VS Code', 1.00, NULL, 0, 0, '2025-09-16 11:29:28', '2025-09-16 11:29:28'),
(363, 210, 'PHPStorm', 1.00, NULL, 0, 1, '2025-09-16 11:29:28', '2025-09-16 11:29:28'),
(364, 210, 'Sublime Text', 1.00, NULL, 0, 2, '2025-09-16 11:29:28', '2025-09-16 11:29:28'),
(365, 210, 'Atom', 1.00, NULL, 0, 3, '2025-09-16 11:29:28', '2025-09-16 11:29:28'),
(366, 210, 'Vim', 1.00, NULL, 0, 4, '2025-09-16 11:29:28', '2025-09-16 11:29:28'),
(367, 211, 'Laravel', 1.00, NULL, 0, 0, '2025-09-16 11:29:28', '2025-09-16 11:29:28'),
(368, 211, 'React', 1.00, NULL, 0, 1, '2025-09-16 11:29:28', '2025-09-16 11:29:28'),
(369, 211, 'Vue.js', 1.00, NULL, 0, 2, '2025-09-16 11:29:28', '2025-09-16 11:29:28'),
(370, 211, 'Angular', 1.00, NULL, 0, 3, '2025-09-16 11:29:28', '2025-09-16 11:29:28'),
(371, 211, 'Express.js', 1.00, NULL, 0, 4, '2025-09-16 11:29:28', '2025-09-16 11:29:28'),
(372, 211, 'Django', 1.00, NULL, 0, 5, '2025-09-16 11:29:28', '2025-09-16 11:29:28'),
(373, 216, '18-25', 1.00, NULL, 0, 0, '2025-09-16 14:46:27', '2025-09-16 14:46:27'),
(374, 216, '26-35', 1.00, NULL, 0, 1, '2025-09-16 14:46:27', '2025-09-16 14:46:27'),
(375, 216, '36-45', 1.00, NULL, 0, 2, '2025-09-16 14:46:27', '2025-09-16 14:46:27'),
(376, 216, '46-60', 1.00, NULL, 0, 3, '2025-09-16 14:46:27', '2025-09-16 14:46:27'),
(377, 216, '60+', 1.00, NULL, 0, 4, '2025-09-16 14:46:27', '2025-09-16 14:46:27'),
(378, 217, 'JavaScript', 1.00, NULL, 0, 0, '2025-09-16 14:46:27', '2025-09-16 14:46:27'),
(379, 217, 'Python', 1.00, NULL, 0, 1, '2025-09-16 14:46:27', '2025-09-16 14:46:27'),
(380, 217, 'PHP', 1.00, NULL, 0, 2, '2025-09-16 14:46:27', '2025-09-16 14:46:27'),
(381, 217, 'Java', 1.00, NULL, 0, 3, '2025-09-16 14:46:27', '2025-09-16 14:46:27'),
(382, 217, 'C#', 1.00, NULL, 0, 4, '2025-09-16 14:46:27', '2025-09-16 14:46:27'),
(383, 217, 'Go', 1.00, NULL, 0, 5, '2025-09-16 14:46:27', '2025-09-16 14:46:27'),
(384, 218, 'Egypt', 1.00, NULL, 0, 0, '2025-09-16 14:46:27', '2025-09-16 14:46:27'),
(385, 218, 'Saudi Arabia', 1.00, NULL, 0, 1, '2025-09-16 14:46:27', '2025-09-16 14:46:27'),
(386, 218, 'UAE', 1.00, NULL, 0, 2, '2025-09-16 14:46:27', '2025-09-16 14:46:27'),
(387, 218, 'Jordan', 1.00, NULL, 0, 3, '2025-09-16 14:46:27', '2025-09-16 14:46:27'),
(388, 218, 'Lebanon', 1.00, NULL, 0, 4, '2025-09-16 14:46:27', '2025-09-16 14:46:27'),
(389, 218, 'Morocco', 1.00, NULL, 0, 5, '2025-09-16 14:46:27', '2025-09-16 14:46:27'),
(390, 222, 'VS Code', 1.00, NULL, 0, 0, '2025-09-16 14:46:27', '2025-09-16 14:46:27'),
(391, 222, 'PHPStorm', 1.00, NULL, 0, 1, '2025-09-16 14:46:27', '2025-09-16 14:46:27'),
(392, 222, 'Sublime Text', 1.00, NULL, 0, 2, '2025-09-16 14:46:27', '2025-09-16 14:46:27'),
(393, 222, 'Atom', 1.00, NULL, 0, 3, '2025-09-16 14:46:27', '2025-09-16 14:46:27'),
(394, 222, 'Vim', 1.00, NULL, 0, 4, '2025-09-16 14:46:27', '2025-09-16 14:46:27'),
(395, 223, 'Laravel', 1.00, NULL, 0, 0, '2025-09-16 14:46:27', '2025-09-16 14:46:27'),
(396, 223, 'React', 1.00, NULL, 0, 1, '2025-09-16 14:46:27', '2025-09-16 14:46:27'),
(397, 223, 'Vue.js', 1.00, NULL, 0, 2, '2025-09-16 14:46:27', '2025-09-16 14:46:27'),
(398, 223, 'Angular', 1.00, NULL, 0, 3, '2025-09-16 14:46:27', '2025-09-16 14:46:27'),
(399, 223, 'Express.js', 1.00, NULL, 0, 4, '2025-09-16 14:46:27', '2025-09-16 14:46:27'),
(400, 223, 'Django', 1.00, NULL, 0, 5, '2025-09-16 14:46:27', '2025-09-16 14:46:27'),
(401, 230, '18-25', 1.00, NULL, 0, 0, '2025-09-16 14:46:37', '2025-09-16 14:46:37'),
(402, 230, '26-35', 1.00, NULL, 0, 1, '2025-09-16 14:46:37', '2025-09-16 14:46:37'),
(403, 230, '36-45', 1.00, NULL, 0, 2, '2025-09-16 14:46:37', '2025-09-16 14:46:37'),
(404, 230, '46-60', 1.00, NULL, 0, 3, '2025-09-16 14:46:37', '2025-09-16 14:46:37'),
(405, 230, '60+', 1.00, NULL, 0, 4, '2025-09-16 14:46:37', '2025-09-16 14:46:37'),
(406, 231, 'JavaScript', 1.00, NULL, 0, 0, '2025-09-16 14:46:37', '2025-09-16 14:46:37'),
(407, 231, 'Python', 1.00, NULL, 0, 1, '2025-09-16 14:46:37', '2025-09-16 14:46:37'),
(408, 231, 'PHP', 1.00, NULL, 0, 2, '2025-09-16 14:46:37', '2025-09-16 14:46:37'),
(409, 231, 'Java', 1.00, NULL, 0, 3, '2025-09-16 14:46:37', '2025-09-16 14:46:37'),
(410, 231, 'C#', 1.00, NULL, 0, 4, '2025-09-16 14:46:37', '2025-09-16 14:46:37'),
(411, 231, 'Go', 1.00, NULL, 0, 5, '2025-09-16 14:46:37', '2025-09-16 14:46:37'),
(412, 232, 'Egypt', 1.00, NULL, 0, 0, '2025-09-16 14:46:37', '2025-09-16 14:46:37'),
(413, 232, 'Saudi Arabia', 1.00, NULL, 0, 1, '2025-09-16 14:46:37', '2025-09-16 14:46:37'),
(414, 232, 'UAE', 1.00, NULL, 0, 2, '2025-09-16 14:46:37', '2025-09-16 14:46:37'),
(415, 232, 'Jordan', 1.00, NULL, 0, 3, '2025-09-16 14:46:37', '2025-09-16 14:46:37'),
(416, 232, 'Lebanon', 1.00, NULL, 0, 4, '2025-09-16 14:46:37', '2025-09-16 14:46:37'),
(417, 232, 'Morocco', 1.00, NULL, 0, 5, '2025-09-16 14:46:37', '2025-09-16 14:46:37'),
(418, 236, 'VS Code', 1.00, NULL, 0, 0, '2025-09-16 14:46:37', '2025-09-16 14:46:37'),
(419, 236, 'PHPStorm', 1.00, NULL, 0, 1, '2025-09-16 14:46:37', '2025-09-16 14:46:37'),
(420, 236, 'Sublime Text', 1.00, NULL, 0, 2, '2025-09-16 14:46:37', '2025-09-16 14:46:37'),
(421, 236, 'Atom', 1.00, NULL, 0, 3, '2025-09-16 14:46:37', '2025-09-16 14:46:37'),
(422, 236, 'Vim', 1.00, NULL, 0, 4, '2025-09-16 14:46:37', '2025-09-16 14:46:37'),
(423, 237, 'Laravel', 1.00, NULL, 0, 0, '2025-09-16 14:46:37', '2025-09-16 14:46:37'),
(424, 237, 'React', 1.00, NULL, 0, 1, '2025-09-16 14:46:37', '2025-09-16 14:46:37'),
(425, 237, 'Vue.js', 1.00, NULL, 0, 2, '2025-09-16 14:46:37', '2025-09-16 14:46:37'),
(426, 237, 'Angular', 1.00, NULL, 0, 3, '2025-09-16 14:46:37', '2025-09-16 14:46:37'),
(427, 237, 'Express.js', 1.00, NULL, 0, 4, '2025-09-16 14:46:37', '2025-09-16 14:46:37'),
(428, 237, 'Django', 1.00, NULL, 0, 5, '2025-09-16 14:46:37', '2025-09-16 14:46:37'),
(429, 244, '18-25', 1.00, NULL, 0, 0, '2025-09-17 02:51:58', '2025-09-17 02:51:58'),
(430, 244, '26-35', 1.00, NULL, 0, 1, '2025-09-17 02:51:58', '2025-09-17 02:51:58'),
(431, 244, '36-45', 1.00, NULL, 0, 2, '2025-09-17 02:51:58', '2025-09-17 02:51:58'),
(432, 244, '46-60', 1.00, NULL, 0, 3, '2025-09-17 02:51:58', '2025-09-17 02:51:58'),
(433, 244, '60+', 1.00, NULL, 0, 4, '2025-09-17 02:51:58', '2025-09-17 02:51:58'),
(434, 245, 'JavaScript', 1.00, NULL, 0, 0, '2025-09-17 02:51:58', '2025-09-17 02:51:58'),
(435, 245, 'Python', 1.00, NULL, 0, 1, '2025-09-17 02:51:58', '2025-09-17 02:51:58'),
(436, 245, 'PHP', 1.00, NULL, 0, 2, '2025-09-17 02:51:58', '2025-09-17 02:51:58'),
(437, 245, 'Java', 1.00, NULL, 0, 3, '2025-09-17 02:51:58', '2025-09-17 02:51:58'),
(438, 245, 'C#', 1.00, NULL, 0, 4, '2025-09-17 02:51:58', '2025-09-17 02:51:58'),
(439, 245, 'Go', 1.00, NULL, 0, 5, '2025-09-17 02:51:58', '2025-09-17 02:51:58'),
(440, 246, 'Egypt', 1.00, NULL, 0, 0, '2025-09-17 02:51:58', '2025-09-17 02:51:58'),
(441, 246, 'Saudi Arabia', 1.00, NULL, 0, 1, '2025-09-17 02:51:58', '2025-09-17 02:51:58'),
(442, 246, 'UAE', 1.00, NULL, 0, 2, '2025-09-17 02:51:58', '2025-09-17 02:51:58'),
(443, 246, 'Jordan', 1.00, NULL, 0, 3, '2025-09-17 02:51:58', '2025-09-17 02:51:58'),
(444, 246, 'Lebanon', 1.00, NULL, 0, 4, '2025-09-17 02:51:58', '2025-09-17 02:51:58'),
(445, 246, 'Morocco', 1.00, NULL, 0, 5, '2025-09-17 02:51:58', '2025-09-17 02:51:58'),
(446, 250, 'VS Code', 1.00, NULL, 0, 0, '2025-09-17 02:51:58', '2025-09-17 02:51:58'),
(447, 250, 'PHPStorm', 1.00, NULL, 0, 1, '2025-09-17 02:51:58', '2025-09-17 02:51:58'),
(448, 250, 'Sublime Text', 1.00, NULL, 0, 2, '2025-09-17 02:51:58', '2025-09-17 02:51:58'),
(449, 250, 'Atom', 1.00, NULL, 0, 3, '2025-09-17 02:51:58', '2025-09-17 02:51:58'),
(450, 250, 'Vim', 1.00, NULL, 0, 4, '2025-09-17 02:51:58', '2025-09-17 02:51:58'),
(451, 251, 'Laravel', 1.00, NULL, 0, 0, '2025-09-17 02:51:58', '2025-09-17 02:51:58'),
(452, 251, 'React', 1.00, NULL, 0, 1, '2025-09-17 02:51:59', '2025-09-17 02:51:59'),
(453, 251, 'Vue.js', 1.00, NULL, 0, 2, '2025-09-17 02:51:59', '2025-09-17 02:51:59'),
(454, 251, 'Angular', 1.00, NULL, 0, 3, '2025-09-17 02:51:59', '2025-09-17 02:51:59'),
(455, 251, 'Express.js', 1.00, NULL, 0, 4, '2025-09-17 02:51:59', '2025-09-17 02:51:59'),
(456, 251, 'Django', 1.00, NULL, 0, 5, '2025-09-17 02:51:59', '2025-09-17 02:51:59'),
(457, 256, '18-25', 1.00, NULL, 0, 0, '2025-09-17 02:52:02', '2025-09-17 02:52:02'),
(458, 256, '26-35', 1.00, NULL, 0, 1, '2025-09-17 02:52:02', '2025-09-17 02:52:02'),
(459, 256, '36-45', 1.00, NULL, 0, 2, '2025-09-17 02:52:02', '2025-09-17 02:52:02'),
(460, 256, '46-60', 1.00, NULL, 0, 3, '2025-09-17 02:52:02', '2025-09-17 02:52:02'),
(461, 256, '60+', 1.00, NULL, 0, 4, '2025-09-17 02:52:02', '2025-09-17 02:52:02'),
(462, 257, 'JavaScript', 1.00, NULL, 0, 0, '2025-09-17 02:52:02', '2025-09-17 02:52:02'),
(463, 257, 'Python', 1.00, NULL, 0, 1, '2025-09-17 02:52:02', '2025-09-17 02:52:02'),
(464, 257, 'PHP', 1.00, NULL, 0, 2, '2025-09-17 02:52:02', '2025-09-17 02:52:02'),
(465, 257, 'Java', 1.00, NULL, 0, 3, '2025-09-17 02:52:02', '2025-09-17 02:52:02'),
(466, 257, 'C#', 1.00, NULL, 0, 4, '2025-09-17 02:52:02', '2025-09-17 02:52:02'),
(467, 257, 'Go', 1.00, NULL, 0, 5, '2025-09-17 02:52:02', '2025-09-17 02:52:02'),
(468, 258, 'Egypt', 1.00, NULL, 0, 0, '2025-09-17 02:52:02', '2025-09-17 02:52:02'),
(469, 258, 'Saudi Arabia', 1.00, NULL, 0, 1, '2025-09-17 02:52:02', '2025-09-17 02:52:02'),
(470, 258, 'UAE', 1.00, NULL, 0, 2, '2025-09-17 02:52:02', '2025-09-17 02:52:02'),
(471, 258, 'Jordan', 1.00, NULL, 0, 3, '2025-09-17 02:52:02', '2025-09-17 02:52:02'),
(472, 258, 'Lebanon', 1.00, NULL, 0, 4, '2025-09-17 02:52:02', '2025-09-17 02:52:02'),
(473, 258, 'Morocco', 1.00, NULL, 0, 5, '2025-09-17 02:52:02', '2025-09-17 02:52:02'),
(474, 262, 'VS Code', 1.00, NULL, 0, 0, '2025-09-17 02:52:02', '2025-09-17 02:52:02'),
(475, 262, 'PHPStorm', 1.00, NULL, 0, 1, '2025-09-17 02:52:02', '2025-09-17 02:52:02'),
(476, 262, 'Sublime Text', 1.00, NULL, 0, 2, '2025-09-17 02:52:02', '2025-09-17 02:52:02'),
(477, 262, 'Atom', 1.00, NULL, 0, 3, '2025-09-17 02:52:02', '2025-09-17 02:52:02'),
(478, 262, 'Vim', 1.00, NULL, 0, 4, '2025-09-17 02:52:02', '2025-09-17 02:52:02'),
(479, 263, 'Laravel', 1.00, NULL, 0, 0, '2025-09-17 02:52:02', '2025-09-17 02:52:02'),
(480, 263, 'React', 1.00, NULL, 0, 1, '2025-09-17 02:52:02', '2025-09-17 02:52:02'),
(481, 263, 'Vue.js', 1.00, NULL, 0, 2, '2025-09-17 02:52:02', '2025-09-17 02:52:02'),
(482, 263, 'Angular', 1.00, NULL, 0, 3, '2025-09-17 02:52:02', '2025-09-17 02:52:02'),
(483, 263, 'Express.js', 1.00, NULL, 0, 4, '2025-09-17 02:52:02', '2025-09-17 02:52:02'),
(484, 263, 'Django', 1.00, NULL, 0, 5, '2025-09-17 02:52:02', '2025-09-17 02:52:02'),
(485, 268, '18-25', 1.00, NULL, 0, 0, '2025-09-17 02:59:01', '2025-09-17 02:59:01'),
(486, 268, '26-35', 1.00, NULL, 0, 1, '2025-09-17 02:59:01', '2025-09-17 02:59:01'),
(487, 268, '36-45', 1.00, NULL, 0, 2, '2025-09-17 02:59:01', '2025-09-17 02:59:01'),
(488, 268, '46-60', 1.00, NULL, 0, 3, '2025-09-17 02:59:01', '2025-09-17 02:59:01'),
(489, 268, '60+', 1.00, NULL, 0, 4, '2025-09-17 02:59:01', '2025-09-17 02:59:01'),
(490, 269, 'JavaScript', 1.00, NULL, 0, 0, '2025-09-17 02:59:01', '2025-09-17 02:59:01'),
(491, 269, 'Python', 1.00, NULL, 0, 1, '2025-09-17 02:59:01', '2025-09-17 02:59:01'),
(492, 269, 'PHP', 1.00, NULL, 0, 2, '2025-09-17 02:59:01', '2025-09-17 02:59:01'),
(493, 269, 'Java', 1.00, NULL, 0, 3, '2025-09-17 02:59:01', '2025-09-17 02:59:01'),
(494, 269, 'C#', 1.00, NULL, 0, 4, '2025-09-17 02:59:01', '2025-09-17 02:59:01'),
(495, 269, 'Go', 1.00, NULL, 0, 5, '2025-09-17 02:59:01', '2025-09-17 02:59:01'),
(496, 270, 'Egypt', 1.00, NULL, 0, 0, '2025-09-17 02:59:01', '2025-09-17 02:59:01'),
(497, 270, 'Saudi Arabia', 1.00, NULL, 0, 1, '2025-09-17 02:59:01', '2025-09-17 02:59:01'),
(498, 270, 'UAE', 1.00, NULL, 0, 2, '2025-09-17 02:59:01', '2025-09-17 02:59:01'),
(499, 270, 'Jordan', 1.00, NULL, 0, 3, '2025-09-17 02:59:01', '2025-09-17 02:59:01'),
(500, 270, 'Lebanon', 1.00, NULL, 0, 4, '2025-09-17 02:59:01', '2025-09-17 02:59:01'),
(501, 270, 'Morocco', 1.00, NULL, 0, 5, '2025-09-17 02:59:01', '2025-09-17 02:59:01'),
(502, 274, 'VS Code', 1.00, NULL, 0, 0, '2025-09-17 02:59:01', '2025-09-17 02:59:01'),
(503, 274, 'PHPStorm', 1.00, NULL, 0, 1, '2025-09-17 02:59:01', '2025-09-17 02:59:01'),
(504, 274, 'Sublime Text', 1.00, NULL, 0, 2, '2025-09-17 02:59:01', '2025-09-17 02:59:01'),
(505, 274, 'Atom', 1.00, NULL, 0, 3, '2025-09-17 02:59:01', '2025-09-17 02:59:01'),
(506, 274, 'Vim', 1.00, NULL, 0, 4, '2025-09-17 02:59:01', '2025-09-17 02:59:01'),
(507, 275, 'Laravel', 1.00, NULL, 0, 0, '2025-09-17 02:59:01', '2025-09-17 02:59:01'),
(508, 275, 'React', 1.00, NULL, 0, 1, '2025-09-17 02:59:01', '2025-09-17 02:59:01'),
(509, 275, 'Vue.js', 1.00, NULL, 0, 2, '2025-09-17 02:59:01', '2025-09-17 02:59:01'),
(510, 275, 'Angular', 1.00, NULL, 0, 3, '2025-09-17 02:59:01', '2025-09-17 02:59:01'),
(511, 275, 'Express.js', 1.00, NULL, 0, 4, '2025-09-17 02:59:01', '2025-09-17 02:59:01'),
(512, 275, 'Django', 1.00, NULL, 0, 5, '2025-09-17 02:59:01', '2025-09-17 02:59:01'),
(513, 280, '18-25', 1.00, NULL, 0, 0, '2025-09-17 02:59:05', '2025-09-17 02:59:05'),
(514, 280, '26-35', 1.00, NULL, 0, 1, '2025-09-17 02:59:05', '2025-09-17 02:59:05'),
(515, 280, '36-45', 1.00, NULL, 0, 2, '2025-09-17 02:59:05', '2025-09-17 02:59:05'),
(516, 280, '46-60', 1.00, NULL, 0, 3, '2025-09-17 02:59:05', '2025-09-17 02:59:05'),
(517, 280, '60+', 1.00, NULL, 0, 4, '2025-09-17 02:59:05', '2025-09-17 02:59:05'),
(518, 281, 'JavaScript', 1.00, NULL, 0, 0, '2025-09-17 02:59:05', '2025-09-17 02:59:05'),
(519, 281, 'Python', 1.00, NULL, 0, 1, '2025-09-17 02:59:05', '2025-09-17 02:59:05'),
(520, 281, 'PHP', 1.00, NULL, 0, 2, '2025-09-17 02:59:05', '2025-09-17 02:59:05'),
(521, 281, 'Java', 1.00, NULL, 0, 3, '2025-09-17 02:59:05', '2025-09-17 02:59:05'),
(522, 281, 'C#', 1.00, NULL, 0, 4, '2025-09-17 02:59:05', '2025-09-17 02:59:05'),
(523, 281, 'Go', 1.00, NULL, 0, 5, '2025-09-17 02:59:05', '2025-09-17 02:59:05'),
(524, 282, 'Egypt', 1.00, NULL, 0, 0, '2025-09-17 02:59:05', '2025-09-17 02:59:05'),
(525, 282, 'Saudi Arabia', 1.00, NULL, 0, 1, '2025-09-17 02:59:05', '2025-09-17 02:59:05'),
(526, 282, 'UAE', 1.00, NULL, 0, 2, '2025-09-17 02:59:05', '2025-09-17 02:59:05'),
(527, 282, 'Jordan', 1.00, NULL, 0, 3, '2025-09-17 02:59:05', '2025-09-17 02:59:05'),
(528, 282, 'Lebanon', 1.00, NULL, 0, 4, '2025-09-17 02:59:05', '2025-09-17 02:59:05'),
(529, 282, 'Morocco', 1.00, NULL, 0, 5, '2025-09-17 02:59:05', '2025-09-17 02:59:05'),
(530, 286, 'VS Code', 1.00, NULL, 0, 0, '2025-09-17 02:59:05', '2025-09-17 02:59:05'),
(531, 286, 'PHPStorm', 1.00, NULL, 0, 1, '2025-09-17 02:59:05', '2025-09-17 02:59:05'),
(532, 286, 'Sublime Text', 1.00, NULL, 0, 2, '2025-09-17 02:59:05', '2025-09-17 02:59:05'),
(533, 286, 'Atom', 1.00, NULL, 0, 3, '2025-09-17 02:59:05', '2025-09-17 02:59:05'),
(534, 286, 'Vim', 1.00, NULL, 0, 4, '2025-09-17 02:59:05', '2025-09-17 02:59:05'),
(535, 287, 'Laravel', 1.00, NULL, 0, 0, '2025-09-17 02:59:05', '2025-09-17 02:59:05'),
(536, 287, 'React', 1.00, NULL, 0, 1, '2025-09-17 02:59:05', '2025-09-17 02:59:05'),
(537, 287, 'Vue.js', 1.00, NULL, 0, 2, '2025-09-17 02:59:05', '2025-09-17 02:59:05'),
(538, 287, 'Angular', 1.00, NULL, 0, 3, '2025-09-17 02:59:05', '2025-09-17 02:59:05'),
(539, 287, 'Express.js', 1.00, NULL, 0, 4, '2025-09-17 02:59:05', '2025-09-17 02:59:05'),
(540, 287, 'Django', 1.00, NULL, 0, 5, '2025-09-17 02:59:05', '2025-09-17 02:59:05'),
(541, 292, '18-25', 1.00, NULL, 0, 0, '2025-09-17 03:05:57', '2025-09-17 03:05:57'),
(542, 292, '26-35', 1.00, NULL, 0, 1, '2025-09-17 03:05:57', '2025-09-17 03:05:57'),
(543, 292, '36-45', 1.00, NULL, 0, 2, '2025-09-17 03:05:57', '2025-09-17 03:05:57'),
(544, 292, '46-60', 1.00, NULL, 0, 3, '2025-09-17 03:05:57', '2025-09-17 03:05:57'),
(545, 292, '60+', 1.00, NULL, 0, 4, '2025-09-17 03:05:57', '2025-09-17 03:05:57'),
(546, 293, 'JavaScript', 1.00, NULL, 0, 0, '2025-09-17 03:05:57', '2025-09-17 03:05:57'),
(547, 293, 'Python', 1.00, NULL, 0, 1, '2025-09-17 03:05:57', '2025-09-17 03:05:57'),
(548, 293, 'PHP', 1.00, NULL, 0, 2, '2025-09-17 03:05:57', '2025-09-17 03:05:57'),
(549, 293, 'Java', 1.00, NULL, 0, 3, '2025-09-17 03:05:57', '2025-09-17 03:05:57'),
(550, 293, 'C#', 1.00, NULL, 0, 4, '2025-09-17 03:05:57', '2025-09-17 03:05:57'),
(551, 293, 'Go', 1.00, NULL, 0, 5, '2025-09-17 03:05:57', '2025-09-17 03:05:57'),
(552, 294, 'Egypt', 1.00, NULL, 0, 0, '2025-09-17 03:05:57', '2025-09-17 03:05:57'),
(553, 294, 'Saudi Arabia', 1.00, NULL, 0, 1, '2025-09-17 03:05:57', '2025-09-17 03:05:57'),
(554, 294, 'UAE', 1.00, NULL, 0, 2, '2025-09-17 03:05:57', '2025-09-17 03:05:57'),
(555, 294, 'Jordan', 1.00, NULL, 0, 3, '2025-09-17 03:05:57', '2025-09-17 03:05:57'),
(556, 294, 'Lebanon', 1.00, NULL, 0, 4, '2025-09-17 03:05:57', '2025-09-17 03:05:57'),
(557, 294, 'Morocco', 1.00, NULL, 0, 5, '2025-09-17 03:05:57', '2025-09-17 03:05:57'),
(558, 298, 'VS Code', 1.00, NULL, 0, 0, '2025-09-17 03:05:57', '2025-09-17 03:05:57'),
(559, 298, 'PHPStorm', 1.00, NULL, 0, 1, '2025-09-17 03:05:57', '2025-09-17 03:05:57'),
(560, 298, 'Sublime Text', 1.00, NULL, 0, 2, '2025-09-17 03:05:57', '2025-09-17 03:05:57'),
(561, 298, 'Atom', 1.00, NULL, 0, 3, '2025-09-17 03:05:57', '2025-09-17 03:05:57'),
(562, 298, 'Vim', 1.00, NULL, 0, 4, '2025-09-17 03:05:57', '2025-09-17 03:05:57'),
(563, 299, 'Laravel', 1.00, NULL, 0, 0, '2025-09-17 03:05:57', '2025-09-17 03:05:57'),
(564, 299, 'React', 1.00, NULL, 0, 1, '2025-09-17 03:05:57', '2025-09-17 03:05:57'),
(565, 299, 'Vue.js', 1.00, NULL, 0, 2, '2025-09-17 03:05:57', '2025-09-17 03:05:57'),
(566, 299, 'Angular', 1.00, NULL, 0, 3, '2025-09-17 03:05:57', '2025-09-17 03:05:57'),
(567, 299, 'Express.js', 1.00, NULL, 0, 4, '2025-09-17 03:05:57', '2025-09-17 03:05:57'),
(568, 299, 'Django', 1.00, NULL, 0, 5, '2025-09-17 03:05:57', '2025-09-17 03:05:57'),
(569, 304, '18-25', 1.00, NULL, 0, 0, '2025-09-17 03:06:01', '2025-09-17 03:06:01'),
(570, 304, '26-35', 1.00, NULL, 0, 1, '2025-09-17 03:06:01', '2025-09-17 03:06:01'),
(571, 304, '36-45', 1.00, NULL, 0, 2, '2025-09-17 03:06:01', '2025-09-17 03:06:01'),
(572, 304, '46-60', 1.00, NULL, 0, 3, '2025-09-17 03:06:01', '2025-09-17 03:06:01'),
(573, 304, '60+', 1.00, NULL, 0, 4, '2025-09-17 03:06:01', '2025-09-17 03:06:01'),
(574, 305, 'JavaScript', 1.00, NULL, 0, 0, '2025-09-17 03:06:01', '2025-09-17 03:06:01'),
(575, 305, 'Python', 1.00, NULL, 0, 1, '2025-09-17 03:06:01', '2025-09-17 03:06:01'),
(576, 305, 'PHP', 1.00, NULL, 0, 2, '2025-09-17 03:06:01', '2025-09-17 03:06:01'),
(577, 305, 'Java', 1.00, NULL, 0, 3, '2025-09-17 03:06:01', '2025-09-17 03:06:01'),
(578, 305, 'C#', 1.00, NULL, 0, 4, '2025-09-17 03:06:01', '2025-09-17 03:06:01'),
(579, 305, 'Go', 1.00, NULL, 0, 5, '2025-09-17 03:06:01', '2025-09-17 03:06:01'),
(580, 306, 'Egypt', 1.00, NULL, 0, 0, '2025-09-17 03:06:01', '2025-09-17 03:06:01'),
(581, 306, 'Saudi Arabia', 1.00, NULL, 0, 1, '2025-09-17 03:06:01', '2025-09-17 03:06:01'),
(582, 306, 'UAE', 1.00, NULL, 0, 2, '2025-09-17 03:06:01', '2025-09-17 03:06:01'),
(583, 306, 'Jordan', 1.00, NULL, 0, 3, '2025-09-17 03:06:01', '2025-09-17 03:06:01'),
(584, 306, 'Lebanon', 1.00, NULL, 0, 4, '2025-09-17 03:06:01', '2025-09-17 03:06:01'),
(585, 306, 'Morocco', 1.00, NULL, 0, 5, '2025-09-17 03:06:01', '2025-09-17 03:06:01'),
(586, 310, 'VS Code', 1.00, NULL, 0, 0, '2025-09-17 03:06:01', '2025-09-17 03:06:01'),
(587, 310, 'PHPStorm', 1.00, NULL, 0, 1, '2025-09-17 03:06:01', '2025-09-17 03:06:01'),
(588, 310, 'Sublime Text', 1.00, NULL, 0, 2, '2025-09-17 03:06:01', '2025-09-17 03:06:01'),
(589, 310, 'Atom', 1.00, NULL, 0, 3, '2025-09-17 03:06:01', '2025-09-17 03:06:01'),
(590, 310, 'Vim', 1.00, NULL, 0, 4, '2025-09-17 03:06:01', '2025-09-17 03:06:01'),
(591, 311, 'Laravel', 1.00, NULL, 0, 0, '2025-09-17 03:06:01', '2025-09-17 03:06:01'),
(592, 311, 'React', 1.00, NULL, 0, 1, '2025-09-17 03:06:01', '2025-09-17 03:06:01'),
(593, 311, 'Vue.js', 1.00, NULL, 0, 2, '2025-09-17 03:06:01', '2025-09-17 03:06:01'),
(594, 311, 'Angular', 1.00, NULL, 0, 3, '2025-09-17 03:06:01', '2025-09-17 03:06:01'),
(595, 311, 'Express.js', 1.00, NULL, 0, 4, '2025-09-17 03:06:01', '2025-09-17 03:06:01');
INSERT INTO `options` (`id`, `question_id`, `label`, `weight`, `points`, `is_correct`, `display_order`, `created_at`, `updated_at`) VALUES
(596, 311, 'Django', 1.00, NULL, 0, 5, '2025-09-17 03:06:01', '2025-09-17 03:06:01'),
(597, 316, '18-25', 1.00, NULL, 0, 0, '2025-09-17 03:16:41', '2025-09-17 03:16:41'),
(598, 316, '26-35', 1.00, NULL, 0, 1, '2025-09-17 03:16:41', '2025-09-17 03:16:41'),
(599, 316, '36-45', 1.00, NULL, 0, 2, '2025-09-17 03:16:41', '2025-09-17 03:16:41'),
(600, 316, '46-60', 1.00, NULL, 0, 3, '2025-09-17 03:16:41', '2025-09-17 03:16:41'),
(601, 316, '60+', 1.00, NULL, 0, 4, '2025-09-17 03:16:41', '2025-09-17 03:16:41'),
(602, 317, 'JavaScript', 1.00, NULL, 0, 0, '2025-09-17 03:16:41', '2025-09-17 03:16:41'),
(603, 317, 'Python', 1.00, NULL, 0, 1, '2025-09-17 03:16:41', '2025-09-17 03:16:41'),
(604, 317, 'PHP', 1.00, NULL, 0, 2, '2025-09-17 03:16:41', '2025-09-17 03:16:41'),
(605, 317, 'Java', 1.00, NULL, 0, 3, '2025-09-17 03:16:41', '2025-09-17 03:16:41'),
(606, 317, 'C#', 1.00, NULL, 0, 4, '2025-09-17 03:16:41', '2025-09-17 03:16:41'),
(607, 317, 'Go', 1.00, NULL, 0, 5, '2025-09-17 03:16:41', '2025-09-17 03:16:41'),
(608, 318, 'Egypt', 1.00, NULL, 0, 0, '2025-09-17 03:16:41', '2025-09-17 03:16:41'),
(609, 318, 'Saudi Arabia', 1.00, NULL, 0, 1, '2025-09-17 03:16:41', '2025-09-17 03:16:41'),
(610, 318, 'UAE', 1.00, NULL, 0, 2, '2025-09-17 03:16:41', '2025-09-17 03:16:41'),
(611, 318, 'Jordan', 1.00, NULL, 0, 3, '2025-09-17 03:16:41', '2025-09-17 03:16:41'),
(612, 318, 'Lebanon', 1.00, NULL, 0, 4, '2025-09-17 03:16:41', '2025-09-17 03:16:41'),
(613, 318, 'Morocco', 1.00, NULL, 0, 5, '2025-09-17 03:16:41', '2025-09-17 03:16:41'),
(614, 322, 'VS Code', 1.00, NULL, 0, 0, '2025-09-17 03:16:41', '2025-09-17 03:16:41'),
(615, 322, 'PHPStorm', 1.00, NULL, 0, 1, '2025-09-17 03:16:41', '2025-09-17 03:16:41'),
(616, 322, 'Sublime Text', 1.00, NULL, 0, 2, '2025-09-17 03:16:41', '2025-09-17 03:16:41'),
(617, 322, 'Atom', 1.00, NULL, 0, 3, '2025-09-17 03:16:41', '2025-09-17 03:16:41'),
(618, 322, 'Vim', 1.00, NULL, 0, 4, '2025-09-17 03:16:41', '2025-09-17 03:16:41'),
(619, 323, 'Laravel', 1.00, NULL, 0, 0, '2025-09-17 03:16:41', '2025-09-17 03:16:41'),
(620, 323, 'React', 1.00, NULL, 0, 1, '2025-09-17 03:16:41', '2025-09-17 03:16:41'),
(621, 323, 'Vue.js', 1.00, NULL, 0, 2, '2025-09-17 03:16:41', '2025-09-17 03:16:41'),
(622, 323, 'Angular', 1.00, NULL, 0, 3, '2025-09-17 03:16:41', '2025-09-17 03:16:41'),
(623, 323, 'Express.js', 1.00, NULL, 0, 4, '2025-09-17 03:16:41', '2025-09-17 03:16:41'),
(624, 323, 'Django', 1.00, NULL, 0, 5, '2025-09-17 03:16:41', '2025-09-17 03:16:41'),
(625, 328, '18-25', 1.00, NULL, 0, 0, '2025-09-17 03:16:46', '2025-09-17 03:16:46'),
(626, 328, '26-35', 1.00, NULL, 0, 1, '2025-09-17 03:16:46', '2025-09-17 03:16:46'),
(627, 328, '36-45', 1.00, NULL, 0, 2, '2025-09-17 03:16:46', '2025-09-17 03:16:46'),
(628, 328, '46-60', 1.00, NULL, 0, 3, '2025-09-17 03:16:46', '2025-09-17 03:16:46'),
(629, 328, '60+', 1.00, NULL, 0, 4, '2025-09-17 03:16:46', '2025-09-17 03:16:46'),
(630, 329, 'JavaScript', 1.00, NULL, 0, 0, '2025-09-17 03:16:46', '2025-09-17 03:16:46'),
(631, 329, 'Python', 1.00, NULL, 0, 1, '2025-09-17 03:16:46', '2025-09-17 03:16:46'),
(632, 329, 'PHP', 1.00, NULL, 0, 2, '2025-09-17 03:16:46', '2025-09-17 03:16:46'),
(633, 329, 'Java', 1.00, NULL, 0, 3, '2025-09-17 03:16:46', '2025-09-17 03:16:46'),
(634, 329, 'C#', 1.00, NULL, 0, 4, '2025-09-17 03:16:46', '2025-09-17 03:16:46'),
(635, 329, 'Go', 1.00, NULL, 0, 5, '2025-09-17 03:16:46', '2025-09-17 03:16:46'),
(636, 330, 'Egypt', 1.00, NULL, 0, 0, '2025-09-17 03:16:46', '2025-09-17 03:16:46'),
(637, 330, 'Saudi Arabia', 1.00, NULL, 0, 1, '2025-09-17 03:16:46', '2025-09-17 03:16:46'),
(638, 330, 'UAE', 1.00, NULL, 0, 2, '2025-09-17 03:16:46', '2025-09-17 03:16:46'),
(639, 330, 'Jordan', 1.00, NULL, 0, 3, '2025-09-17 03:16:46', '2025-09-17 03:16:46'),
(640, 330, 'Lebanon', 1.00, NULL, 0, 4, '2025-09-17 03:16:46', '2025-09-17 03:16:46'),
(641, 330, 'Morocco', 1.00, NULL, 0, 5, '2025-09-17 03:16:46', '2025-09-17 03:16:46'),
(642, 334, 'VS Code', 1.00, NULL, 0, 0, '2025-09-17 03:16:46', '2025-09-17 03:16:46'),
(643, 334, 'PHPStorm', 1.00, NULL, 0, 1, '2025-09-17 03:16:46', '2025-09-17 03:16:46'),
(644, 334, 'Sublime Text', 1.00, NULL, 0, 2, '2025-09-17 03:16:46', '2025-09-17 03:16:46'),
(645, 334, 'Atom', 1.00, NULL, 0, 3, '2025-09-17 03:16:46', '2025-09-17 03:16:46'),
(646, 334, 'Vim', 1.00, NULL, 0, 4, '2025-09-17 03:16:46', '2025-09-17 03:16:46'),
(647, 335, 'Laravel', 1.00, NULL, 0, 0, '2025-09-17 03:16:46', '2025-09-17 03:16:46'),
(648, 335, 'React', 1.00, NULL, 0, 1, '2025-09-17 03:16:46', '2025-09-17 03:16:46'),
(649, 335, 'Vue.js', 1.00, NULL, 0, 2, '2025-09-17 03:16:46', '2025-09-17 03:16:46'),
(650, 335, 'Angular', 1.00, NULL, 0, 3, '2025-09-17 03:16:46', '2025-09-17 03:16:46'),
(651, 335, 'Express.js', 1.00, NULL, 0, 4, '2025-09-17 03:16:46', '2025-09-17 03:16:46'),
(652, 335, 'Django', 1.00, NULL, 0, 5, '2025-09-17 03:16:46', '2025-09-17 03:16:46'),
(653, 344, '18-25', NULL, 1, 0, 0, '2025-09-17 03:20:24', '2025-09-17 03:20:24'),
(654, 344, '26-35', NULL, 1, 0, 1, '2025-09-17 03:20:24', '2025-09-17 03:20:24'),
(655, 344, '36-45', NULL, 1, 0, 2, '2025-09-17 03:20:24', '2025-09-17 03:20:24'),
(656, 344, '46-60', NULL, 1, 0, 3, '2025-09-17 03:20:24', '2025-09-17 03:20:24'),
(657, 344, '60+', NULL, 1, 0, 4, '2025-09-17 03:20:24', '2025-09-17 03:20:24'),
(658, 345, 'JavaScript', NULL, 1, 0, 0, '2025-09-17 03:20:24', '2025-09-17 03:20:24'),
(659, 345, 'Python', NULL, 1, 0, 1, '2025-09-17 03:20:24', '2025-09-17 03:20:24'),
(660, 345, 'PHP', NULL, 1, 0, 2, '2025-09-17 03:20:24', '2025-09-17 03:20:24'),
(661, 345, 'Java', NULL, 1, 0, 3, '2025-09-17 03:20:24', '2025-09-17 03:20:24'),
(662, 345, 'C#', NULL, 1, 0, 4, '2025-09-17 03:20:24', '2025-09-17 03:20:24'),
(663, 345, 'Go', NULL, 1, 0, 5, '2025-09-17 03:20:24', '2025-09-17 03:20:24'),
(664, 346, 'Egypt', NULL, 1, 0, 0, '2025-09-17 03:20:24', '2025-09-17 03:20:24'),
(665, 346, 'Saudi Arabia', NULL, 1, 0, 1, '2025-09-17 03:20:24', '2025-09-17 03:20:24'),
(666, 346, 'UAE', NULL, 1, 0, 2, '2025-09-17 03:20:24', '2025-09-17 03:20:24'),
(667, 346, 'Jordan', NULL, 1, 0, 3, '2025-09-17 03:20:24', '2025-09-17 03:20:24'),
(668, 346, 'Lebanon', NULL, 1, 0, 4, '2025-09-17 03:20:24', '2025-09-17 03:20:24'),
(669, 346, 'Morocco', NULL, 1, 0, 5, '2025-09-17 03:20:24', '2025-09-17 03:20:24'),
(670, 350, 'VS Code', NULL, 1, 0, 0, '2025-09-17 03:20:24', '2025-09-17 03:20:24'),
(671, 350, 'PHPStorm', NULL, 1, 0, 1, '2025-09-17 03:20:24', '2025-09-17 03:20:24'),
(672, 350, 'Sublime Text', NULL, 1, 0, 2, '2025-09-17 03:20:24', '2025-09-17 03:20:24'),
(673, 350, 'Atom', NULL, 1, 0, 3, '2025-09-17 03:20:24', '2025-09-17 03:20:24'),
(674, 350, 'Vim', NULL, 1, 0, 4, '2025-09-17 03:20:24', '2025-09-17 03:20:24'),
(675, 351, 'Laravel', NULL, 1, 0, 0, '2025-09-17 03:20:24', '2025-09-17 03:20:24'),
(676, 351, 'React', NULL, 1, 0, 1, '2025-09-17 03:20:24', '2025-09-17 03:20:24'),
(677, 351, 'Vue.js', NULL, 1, 0, 2, '2025-09-17 03:20:24', '2025-09-17 03:20:24'),
(678, 351, 'Angular', NULL, 1, 0, 3, '2025-09-17 03:20:24', '2025-09-17 03:20:24'),
(679, 351, 'Express.js', NULL, 1, 0, 4, '2025-09-17 03:20:24', '2025-09-17 03:20:24'),
(680, 351, 'Django', NULL, 1, 0, 5, '2025-09-17 03:20:24', '2025-09-17 03:20:24'),
(681, 356, '18-25', NULL, 1, 0, 0, '2025-09-17 03:20:28', '2025-09-17 03:20:28'),
(682, 356, '26-35', NULL, 1, 0, 1, '2025-09-17 03:20:28', '2025-09-17 03:20:28'),
(683, 356, '36-45', NULL, 1, 0, 2, '2025-09-17 03:20:28', '2025-09-17 03:20:28'),
(684, 356, '46-60', NULL, 1, 0, 3, '2025-09-17 03:20:28', '2025-09-17 03:20:28'),
(685, 356, '60+', NULL, 1, 0, 4, '2025-09-17 03:20:28', '2025-09-17 03:20:28'),
(686, 357, 'JavaScript', NULL, 1, 0, 0, '2025-09-17 03:20:28', '2025-09-17 03:20:28'),
(687, 357, 'Python', NULL, 1, 0, 1, '2025-09-17 03:20:28', '2025-09-17 03:20:28'),
(688, 357, 'PHP', NULL, 1, 0, 2, '2025-09-17 03:20:28', '2025-09-17 03:20:28'),
(689, 357, 'Java', NULL, 1, 0, 3, '2025-09-17 03:20:28', '2025-09-17 03:20:28'),
(690, 357, 'C#', NULL, 1, 0, 4, '2025-09-17 03:20:28', '2025-09-17 03:20:28'),
(691, 357, 'Go', NULL, 1, 0, 5, '2025-09-17 03:20:28', '2025-09-17 03:20:28'),
(692, 358, 'Egypt', NULL, 1, 0, 0, '2025-09-17 03:20:28', '2025-09-17 03:20:28'),
(693, 358, 'Saudi Arabia', NULL, 1, 0, 1, '2025-09-17 03:20:28', '2025-09-17 03:20:28'),
(694, 358, 'UAE', NULL, 1, 0, 2, '2025-09-17 03:20:28', '2025-09-17 03:20:28'),
(695, 358, 'Jordan', NULL, 1, 0, 3, '2025-09-17 03:20:28', '2025-09-17 03:20:28'),
(696, 358, 'Lebanon', NULL, 1, 0, 4, '2025-09-17 03:20:28', '2025-09-17 03:20:28'),
(697, 358, 'Morocco', NULL, 1, 0, 5, '2025-09-17 03:20:28', '2025-09-17 03:20:28'),
(698, 362, 'VS Code', NULL, 1, 0, 0, '2025-09-17 03:20:28', '2025-09-17 03:20:28'),
(699, 362, 'PHPStorm', NULL, 1, 0, 1, '2025-09-17 03:20:28', '2025-09-17 03:20:28'),
(700, 362, 'Sublime Text', NULL, 1, 0, 2, '2025-09-17 03:20:28', '2025-09-17 03:20:28'),
(701, 362, 'Atom', NULL, 1, 0, 3, '2025-09-17 03:20:28', '2025-09-17 03:20:28'),
(702, 362, 'Vim', NULL, 1, 0, 4, '2025-09-17 03:20:28', '2025-09-17 03:20:28'),
(703, 363, 'Laravel', NULL, 1, 0, 0, '2025-09-17 03:20:28', '2025-09-17 03:20:28'),
(704, 363, 'React', NULL, 1, 0, 1, '2025-09-17 03:20:28', '2025-09-17 03:20:28'),
(705, 363, 'Vue.js', NULL, 1, 0, 2, '2025-09-17 03:20:28', '2025-09-17 03:20:28'),
(706, 363, 'Angular', NULL, 1, 0, 3, '2025-09-17 03:20:28', '2025-09-17 03:20:28'),
(707, 363, 'Express.js', NULL, 1, 0, 4, '2025-09-17 03:20:28', '2025-09-17 03:20:28'),
(708, 363, 'Django', NULL, 1, 0, 5, '2025-09-17 03:20:28', '2025-09-17 03:20:28'),
(709, 368, '18-25', 1.00, NULL, 0, 0, '2025-09-18 09:53:08', '2025-09-18 09:53:08'),
(710, 368, '26-35', 1.00, NULL, 0, 1, '2025-09-18 09:53:08', '2025-09-18 09:53:08'),
(711, 368, '36-45', 1.00, NULL, 0, 2, '2025-09-18 09:53:08', '2025-09-18 09:53:08'),
(712, 368, '46-60', 1.00, NULL, 0, 3, '2025-09-18 09:53:08', '2025-09-18 09:53:08'),
(713, 368, '60+', 1.00, NULL, 0, 4, '2025-09-18 09:53:08', '2025-09-18 09:53:08'),
(714, 369, 'JavaScript', 1.00, NULL, 0, 0, '2025-09-18 09:53:08', '2025-09-18 09:53:08'),
(715, 369, 'Python', 1.00, NULL, 0, 1, '2025-09-18 09:53:08', '2025-09-18 09:53:08'),
(716, 369, 'PHP', 1.00, NULL, 0, 2, '2025-09-18 09:53:08', '2025-09-18 09:53:08'),
(717, 369, 'Java', 1.00, NULL, 0, 3, '2025-09-18 09:53:08', '2025-09-18 09:53:08'),
(718, 369, 'C#', 1.00, NULL, 0, 4, '2025-09-18 09:53:08', '2025-09-18 09:53:08'),
(719, 369, 'Go', 1.00, NULL, 0, 5, '2025-09-18 09:53:08', '2025-09-18 09:53:08'),
(720, 370, 'Egypt', 1.00, NULL, 0, 0, '2025-09-18 09:53:08', '2025-09-18 09:53:08'),
(721, 370, 'Saudi Arabia', 1.00, NULL, 0, 1, '2025-09-18 09:53:08', '2025-09-18 09:53:08'),
(722, 370, 'UAE', 1.00, NULL, 0, 2, '2025-09-18 09:53:08', '2025-09-18 09:53:08'),
(723, 370, 'Jordan', 1.00, NULL, 0, 3, '2025-09-18 09:53:08', '2025-09-18 09:53:08'),
(724, 370, 'Lebanon', 1.00, NULL, 0, 4, '2025-09-18 09:53:08', '2025-09-18 09:53:08'),
(725, 370, 'Morocco', 1.00, NULL, 0, 5, '2025-09-18 09:53:08', '2025-09-18 09:53:08'),
(726, 374, 'VS Code', 1.00, NULL, 0, 0, '2025-09-18 09:53:08', '2025-09-18 09:53:08'),
(727, 374, 'PHPStorm', 1.00, NULL, 0, 1, '2025-09-18 09:53:08', '2025-09-18 09:53:08'),
(728, 374, 'Sublime Text', 1.00, NULL, 0, 2, '2025-09-18 09:53:08', '2025-09-18 09:53:08'),
(729, 374, 'Atom', 1.00, NULL, 0, 3, '2025-09-18 09:53:08', '2025-09-18 09:53:08'),
(730, 374, 'Vim', 1.00, NULL, 0, 4, '2025-09-18 09:53:08', '2025-09-18 09:53:08'),
(731, 375, 'Laravel', 1.00, NULL, 0, 0, '2025-09-18 09:53:08', '2025-09-18 09:53:08'),
(732, 375, 'React', 1.00, NULL, 0, 1, '2025-09-18 09:53:08', '2025-09-18 09:53:08'),
(733, 375, 'Vue.js', 1.00, NULL, 0, 2, '2025-09-18 09:53:08', '2025-09-18 09:53:08'),
(734, 375, 'Angular', 1.00, NULL, 0, 3, '2025-09-18 09:53:08', '2025-09-18 09:53:08'),
(735, 375, 'Express.js', 1.00, NULL, 0, 4, '2025-09-18 09:53:08', '2025-09-18 09:53:08'),
(736, 375, 'Django', 1.00, NULL, 0, 5, '2025-09-18 09:53:08', '2025-09-18 09:53:08'),
(737, 380, '18-25', 1.00, NULL, 0, 0, '2025-09-18 09:53:12', '2025-09-18 09:53:12'),
(738, 380, '26-35', 1.00, NULL, 0, 1, '2025-09-18 09:53:12', '2025-09-18 09:53:12'),
(739, 380, '36-45', 1.00, NULL, 0, 2, '2025-09-18 09:53:12', '2025-09-18 09:53:12'),
(740, 380, '46-60', 1.00, NULL, 0, 3, '2025-09-18 09:53:12', '2025-09-18 09:53:12'),
(741, 380, '60+', 1.00, NULL, 0, 4, '2025-09-18 09:53:12', '2025-09-18 09:53:12'),
(742, 381, 'JavaScript', 1.00, NULL, 0, 0, '2025-09-18 09:53:12', '2025-09-18 09:53:12'),
(743, 381, 'Python', 1.00, NULL, 0, 1, '2025-09-18 09:53:12', '2025-09-18 09:53:12'),
(744, 381, 'PHP', 1.00, NULL, 0, 2, '2025-09-18 09:53:12', '2025-09-18 09:53:12'),
(745, 381, 'Java', 1.00, NULL, 0, 3, '2025-09-18 09:53:12', '2025-09-18 09:53:12'),
(746, 381, 'C#', 1.00, NULL, 0, 4, '2025-09-18 09:53:12', '2025-09-18 09:53:12'),
(747, 381, 'Go', 1.00, NULL, 0, 5, '2025-09-18 09:53:12', '2025-09-18 09:53:12'),
(748, 382, 'Egypt', 1.00, NULL, 0, 0, '2025-09-18 09:53:12', '2025-09-18 09:53:12'),
(749, 382, 'Saudi Arabia', 1.00, NULL, 0, 1, '2025-09-18 09:53:12', '2025-09-18 09:53:12'),
(750, 382, 'UAE', 1.00, NULL, 0, 2, '2025-09-18 09:53:12', '2025-09-18 09:53:12'),
(751, 382, 'Jordan', 1.00, NULL, 0, 3, '2025-09-18 09:53:12', '2025-09-18 09:53:12'),
(752, 382, 'Lebanon', 1.00, NULL, 0, 4, '2025-09-18 09:53:12', '2025-09-18 09:53:12'),
(753, 382, 'Morocco', 1.00, NULL, 0, 5, '2025-09-18 09:53:12', '2025-09-18 09:53:12'),
(754, 386, 'VS Code', 1.00, NULL, 0, 0, '2025-09-18 09:53:12', '2025-09-18 09:53:12'),
(755, 386, 'PHPStorm', 1.00, NULL, 0, 1, '2025-09-18 09:53:12', '2025-09-18 09:53:12'),
(756, 386, 'Sublime Text', 1.00, NULL, 0, 2, '2025-09-18 09:53:12', '2025-09-18 09:53:12'),
(757, 386, 'Atom', 1.00, NULL, 0, 3, '2025-09-18 09:53:12', '2025-09-18 09:53:12'),
(758, 386, 'Vim', 1.00, NULL, 0, 4, '2025-09-18 09:53:12', '2025-09-18 09:53:12'),
(759, 387, 'Laravel', 1.00, NULL, 0, 0, '2025-09-18 09:53:12', '2025-09-18 09:53:12'),
(760, 387, 'React', 1.00, NULL, 0, 1, '2025-09-18 09:53:12', '2025-09-18 09:53:12'),
(761, 387, 'Vue.js', 1.00, NULL, 0, 2, '2025-09-18 09:53:12', '2025-09-18 09:53:12'),
(762, 387, 'Angular', 1.00, NULL, 0, 3, '2025-09-18 09:53:12', '2025-09-18 09:53:12'),
(763, 387, 'Express.js', 1.00, NULL, 0, 4, '2025-09-18 09:53:12', '2025-09-18 09:53:12'),
(764, 387, 'Django', 1.00, NULL, 0, 5, '2025-09-18 09:53:12', '2025-09-18 09:53:12'),
(765, 392, '18-25', 1.00, NULL, 0, 0, '2025-09-18 09:55:08', '2025-09-18 09:55:08'),
(766, 392, '26-35', 1.00, NULL, 0, 1, '2025-09-18 09:55:08', '2025-09-18 09:55:08'),
(767, 392, '36-45', 1.00, NULL, 0, 2, '2025-09-18 09:55:08', '2025-09-18 09:55:08'),
(768, 392, '46-60', 1.00, NULL, 0, 3, '2025-09-18 09:55:08', '2025-09-18 09:55:08'),
(769, 392, '60+', 1.00, NULL, 0, 4, '2025-09-18 09:55:08', '2025-09-18 09:55:08'),
(770, 393, 'JavaScript', 1.00, NULL, 0, 0, '2025-09-18 09:55:08', '2025-09-18 09:55:08'),
(771, 393, 'Python', 1.00, NULL, 0, 1, '2025-09-18 09:55:08', '2025-09-18 09:55:08'),
(772, 393, 'PHP', 1.00, NULL, 0, 2, '2025-09-18 09:55:08', '2025-09-18 09:55:08'),
(773, 393, 'Java', 1.00, NULL, 0, 3, '2025-09-18 09:55:08', '2025-09-18 09:55:08'),
(774, 393, 'C#', 1.00, NULL, 0, 4, '2025-09-18 09:55:08', '2025-09-18 09:55:08'),
(775, 393, 'Go', 1.00, NULL, 0, 5, '2025-09-18 09:55:08', '2025-09-18 09:55:08'),
(776, 394, 'Egypt', 1.00, NULL, 0, 0, '2025-09-18 09:55:08', '2025-09-18 09:55:08'),
(777, 394, 'Saudi Arabia', 1.00, NULL, 0, 1, '2025-09-18 09:55:08', '2025-09-18 09:55:08'),
(778, 394, 'UAE', 1.00, NULL, 0, 2, '2025-09-18 09:55:08', '2025-09-18 09:55:08'),
(779, 394, 'Jordan', 1.00, NULL, 0, 3, '2025-09-18 09:55:08', '2025-09-18 09:55:08'),
(780, 394, 'Lebanon', 1.00, NULL, 0, 4, '2025-09-18 09:55:08', '2025-09-18 09:55:08'),
(781, 394, 'Morocco', 1.00, NULL, 0, 5, '2025-09-18 09:55:08', '2025-09-18 09:55:08'),
(782, 398, 'VS Code', 1.00, NULL, 0, 0, '2025-09-18 09:55:08', '2025-09-18 09:55:08'),
(783, 398, 'PHPStorm', 1.00, NULL, 0, 1, '2025-09-18 09:55:08', '2025-09-18 09:55:08'),
(784, 398, 'Sublime Text', 1.00, NULL, 0, 2, '2025-09-18 09:55:08', '2025-09-18 09:55:08'),
(785, 398, 'Atom', 1.00, NULL, 0, 3, '2025-09-18 09:55:08', '2025-09-18 09:55:08'),
(786, 398, 'Vim', 1.00, NULL, 0, 4, '2025-09-18 09:55:08', '2025-09-18 09:55:08'),
(787, 399, 'Laravel', 1.00, NULL, 0, 0, '2025-09-18 09:55:08', '2025-09-18 09:55:08'),
(788, 399, 'React', 1.00, NULL, 0, 1, '2025-09-18 09:55:08', '2025-09-18 09:55:08'),
(789, 399, 'Vue.js', 1.00, NULL, 0, 2, '2025-09-18 09:55:08', '2025-09-18 09:55:08'),
(790, 399, 'Angular', 1.00, NULL, 0, 3, '2025-09-18 09:55:08', '2025-09-18 09:55:08'),
(791, 399, 'Express.js', 1.00, NULL, 0, 4, '2025-09-18 09:55:08', '2025-09-18 09:55:08'),
(792, 399, 'Django', 1.00, NULL, 0, 5, '2025-09-18 09:55:08', '2025-09-18 09:55:08'),
(793, 404, '18-25', 1.00, NULL, 0, 0, '2025-09-18 09:55:09', '2025-09-18 09:55:09'),
(794, 404, '26-35', 1.00, NULL, 0, 1, '2025-09-18 09:55:09', '2025-09-18 09:55:09'),
(795, 404, '36-45', 1.00, NULL, 0, 2, '2025-09-18 09:55:09', '2025-09-18 09:55:09'),
(796, 404, '46-60', 1.00, NULL, 0, 3, '2025-09-18 09:55:09', '2025-09-18 09:55:09'),
(797, 404, '60+', 1.00, NULL, 0, 4, '2025-09-18 09:55:09', '2025-09-18 09:55:09'),
(798, 405, 'JavaScript', 1.00, NULL, 0, 0, '2025-09-18 09:55:09', '2025-09-18 09:55:09'),
(799, 405, 'Python', 1.00, NULL, 0, 1, '2025-09-18 09:55:09', '2025-09-18 09:55:09'),
(800, 405, 'PHP', 1.00, NULL, 0, 2, '2025-09-18 09:55:09', '2025-09-18 09:55:09'),
(801, 405, 'Java', 1.00, NULL, 0, 3, '2025-09-18 09:55:09', '2025-09-18 09:55:09'),
(802, 405, 'C#', 1.00, NULL, 0, 4, '2025-09-18 09:55:09', '2025-09-18 09:55:09'),
(803, 405, 'Go', 1.00, NULL, 0, 5, '2025-09-18 09:55:09', '2025-09-18 09:55:09'),
(804, 406, 'Egypt', 1.00, NULL, 0, 0, '2025-09-18 09:55:09', '2025-09-18 09:55:09'),
(805, 406, 'Saudi Arabia', 1.00, NULL, 0, 1, '2025-09-18 09:55:09', '2025-09-18 09:55:09'),
(806, 406, 'UAE', 1.00, NULL, 0, 2, '2025-09-18 09:55:09', '2025-09-18 09:55:09'),
(807, 406, 'Jordan', 1.00, NULL, 0, 3, '2025-09-18 09:55:09', '2025-09-18 09:55:09'),
(808, 406, 'Lebanon', 1.00, NULL, 0, 4, '2025-09-18 09:55:09', '2025-09-18 09:55:09'),
(809, 406, 'Morocco', 1.00, NULL, 0, 5, '2025-09-18 09:55:09', '2025-09-18 09:55:09'),
(810, 410, 'VS Code', 1.00, NULL, 0, 0, '2025-09-18 09:55:09', '2025-09-18 09:55:09'),
(811, 410, 'PHPStorm', 1.00, NULL, 0, 1, '2025-09-18 09:55:09', '2025-09-18 09:55:09'),
(812, 410, 'Sublime Text', 1.00, NULL, 0, 2, '2025-09-18 09:55:09', '2025-09-18 09:55:09'),
(813, 410, 'Atom', 1.00, NULL, 0, 3, '2025-09-18 09:55:09', '2025-09-18 09:55:09'),
(814, 410, 'Vim', 1.00, NULL, 0, 4, '2025-09-18 09:55:09', '2025-09-18 09:55:09'),
(815, 411, 'Laravel', 1.00, NULL, 0, 0, '2025-09-18 09:55:09', '2025-09-18 09:55:09'),
(816, 411, 'React', 1.00, NULL, 0, 1, '2025-09-18 09:55:09', '2025-09-18 09:55:09'),
(817, 411, 'Vue.js', 1.00, NULL, 0, 2, '2025-09-18 09:55:09', '2025-09-18 09:55:09'),
(818, 411, 'Angular', 1.00, NULL, 0, 3, '2025-09-18 09:55:09', '2025-09-18 09:55:09'),
(819, 411, 'Express.js', 1.00, NULL, 0, 4, '2025-09-18 09:55:09', '2025-09-18 09:55:09'),
(820, 411, 'Django', 1.00, NULL, 0, 5, '2025-09-18 09:55:09', '2025-09-18 09:55:09'),
(821, 416, '18-25', 1.00, NULL, 0, 0, '2025-09-18 10:41:55', '2025-09-18 10:41:55'),
(822, 416, '26-35', 1.00, NULL, 0, 1, '2025-09-18 10:41:55', '2025-09-18 10:41:55'),
(823, 416, '36-45', 1.00, NULL, 0, 2, '2025-09-18 10:41:55', '2025-09-18 10:41:55'),
(824, 416, '46-60', 1.00, NULL, 0, 3, '2025-09-18 10:41:55', '2025-09-18 10:41:55'),
(825, 416, '60+', 1.00, NULL, 0, 4, '2025-09-18 10:41:55', '2025-09-18 10:41:55'),
(826, 417, 'JavaScript', 1.00, NULL, 0, 0, '2025-09-18 10:41:55', '2025-09-18 10:41:55'),
(827, 417, 'Python', 1.00, NULL, 0, 1, '2025-09-18 10:41:55', '2025-09-18 10:41:55'),
(828, 417, 'PHP', 1.00, NULL, 0, 2, '2025-09-18 10:41:55', '2025-09-18 10:41:55'),
(829, 417, 'Java', 1.00, NULL, 0, 3, '2025-09-18 10:41:55', '2025-09-18 10:41:55'),
(830, 417, 'C#', 1.00, NULL, 0, 4, '2025-09-18 10:41:55', '2025-09-18 10:41:55'),
(831, 417, 'Go', 1.00, NULL, 0, 5, '2025-09-18 10:41:55', '2025-09-18 10:41:55'),
(832, 418, 'Egypt', 1.00, NULL, 0, 0, '2025-09-18 10:41:55', '2025-09-18 10:41:55'),
(833, 418, 'Saudi Arabia', 1.00, NULL, 0, 1, '2025-09-18 10:41:55', '2025-09-18 10:41:55'),
(834, 418, 'UAE', 1.00, NULL, 0, 2, '2025-09-18 10:41:55', '2025-09-18 10:41:55'),
(835, 418, 'Jordan', 1.00, NULL, 0, 3, '2025-09-18 10:41:55', '2025-09-18 10:41:55'),
(836, 418, 'Lebanon', 1.00, NULL, 0, 4, '2025-09-18 10:41:55', '2025-09-18 10:41:55'),
(837, 418, 'Morocco', 1.00, NULL, 0, 5, '2025-09-18 10:41:55', '2025-09-18 10:41:55'),
(838, 422, 'VS Code', 1.00, NULL, 0, 0, '2025-09-18 10:41:55', '2025-09-18 10:41:55'),
(839, 422, 'PHPStorm', 1.00, NULL, 0, 1, '2025-09-18 10:41:55', '2025-09-18 10:41:55'),
(840, 422, 'Sublime Text', 1.00, NULL, 0, 2, '2025-09-18 10:41:55', '2025-09-18 10:41:55'),
(841, 422, 'Atom', 1.00, NULL, 0, 3, '2025-09-18 10:41:55', '2025-09-18 10:41:55'),
(842, 422, 'Vim', 1.00, NULL, 0, 4, '2025-09-18 10:41:55', '2025-09-18 10:41:55'),
(843, 423, 'Laravel', 1.00, NULL, 0, 0, '2025-09-18 10:41:55', '2025-09-18 10:41:55'),
(844, 423, 'React', 1.00, NULL, 0, 1, '2025-09-18 10:41:55', '2025-09-18 10:41:55'),
(845, 423, 'Vue.js', 1.00, NULL, 0, 2, '2025-09-18 10:41:55', '2025-09-18 10:41:55'),
(846, 423, 'Angular', 1.00, NULL, 0, 3, '2025-09-18 10:41:55', '2025-09-18 10:41:55'),
(847, 423, 'Express.js', 1.00, NULL, 0, 4, '2025-09-18 10:41:55', '2025-09-18 10:41:55'),
(848, 423, 'Django', 1.00, NULL, 0, 5, '2025-09-18 10:41:55', '2025-09-18 10:41:55'),
(849, 428, '18-25', 1.00, NULL, 0, 0, '2025-09-18 10:41:57', '2025-09-18 10:41:57'),
(850, 428, '26-35', 1.00, NULL, 0, 1, '2025-09-18 10:41:57', '2025-09-18 10:41:57'),
(851, 428, '36-45', 1.00, NULL, 0, 2, '2025-09-18 10:41:57', '2025-09-18 10:41:57'),
(852, 428, '46-60', 1.00, NULL, 0, 3, '2025-09-18 10:41:57', '2025-09-18 10:41:57'),
(853, 428, '60+', 1.00, NULL, 0, 4, '2025-09-18 10:41:57', '2025-09-18 10:41:57'),
(854, 429, 'JavaScript', 1.00, NULL, 0, 0, '2025-09-18 10:41:57', '2025-09-18 10:41:57'),
(855, 429, 'Python', 1.00, NULL, 0, 1, '2025-09-18 10:41:57', '2025-09-18 10:41:57'),
(856, 429, 'PHP', 1.00, NULL, 0, 2, '2025-09-18 10:41:57', '2025-09-18 10:41:57'),
(857, 429, 'Java', 1.00, NULL, 0, 3, '2025-09-18 10:41:57', '2025-09-18 10:41:57'),
(858, 429, 'C#', 1.00, NULL, 0, 4, '2025-09-18 10:41:57', '2025-09-18 10:41:57'),
(859, 429, 'Go', 1.00, NULL, 0, 5, '2025-09-18 10:41:57', '2025-09-18 10:41:57'),
(860, 430, 'Egypt', 1.00, NULL, 0, 0, '2025-09-18 10:41:57', '2025-09-18 10:41:57'),
(861, 430, 'Saudi Arabia', 1.00, NULL, 0, 1, '2025-09-18 10:41:57', '2025-09-18 10:41:57'),
(862, 430, 'UAE', 1.00, NULL, 0, 2, '2025-09-18 10:41:57', '2025-09-18 10:41:57'),
(863, 430, 'Jordan', 1.00, NULL, 0, 3, '2025-09-18 10:41:57', '2025-09-18 10:41:57'),
(864, 430, 'Lebanon', 1.00, NULL, 0, 4, '2025-09-18 10:41:57', '2025-09-18 10:41:57'),
(865, 430, 'Morocco', 1.00, NULL, 0, 5, '2025-09-18 10:41:57', '2025-09-18 10:41:57'),
(866, 434, 'VS Code', 1.00, NULL, 0, 0, '2025-09-18 10:41:57', '2025-09-18 10:41:57'),
(867, 434, 'PHPStorm', 1.00, NULL, 0, 1, '2025-09-18 10:41:57', '2025-09-18 10:41:57'),
(868, 434, 'Sublime Text', 1.00, NULL, 0, 2, '2025-09-18 10:41:57', '2025-09-18 10:41:57'),
(869, 434, 'Atom', 1.00, NULL, 0, 3, '2025-09-18 10:41:57', '2025-09-18 10:41:57'),
(870, 434, 'Vim', 1.00, NULL, 0, 4, '2025-09-18 10:41:57', '2025-09-18 10:41:57'),
(871, 435, 'Laravel', 1.00, NULL, 0, 0, '2025-09-18 10:41:57', '2025-09-18 10:41:57'),
(872, 435, 'React', 1.00, NULL, 0, 1, '2025-09-18 10:41:57', '2025-09-18 10:41:57'),
(873, 435, 'Vue.js', 1.00, NULL, 0, 2, '2025-09-18 10:41:57', '2025-09-18 10:41:57'),
(874, 435, 'Angular', 1.00, NULL, 0, 3, '2025-09-18 10:41:57', '2025-09-18 10:41:57'),
(875, 435, 'Express.js', 1.00, NULL, 0, 4, '2025-09-18 10:41:57', '2025-09-18 10:41:57'),
(876, 435, 'Django', 1.00, NULL, 0, 5, '2025-09-18 10:41:57', '2025-09-18 10:41:57'),
(877, 440, '18-25', 1.00, NULL, 0, 0, '2025-09-18 10:42:42', '2025-09-18 10:42:42'),
(878, 440, '26-35', 1.00, NULL, 0, 1, '2025-09-18 10:42:42', '2025-09-18 10:42:42'),
(879, 440, '36-45', 1.00, NULL, 0, 2, '2025-09-18 10:42:42', '2025-09-18 10:42:42'),
(880, 440, '46-60', 1.00, NULL, 0, 3, '2025-09-18 10:42:42', '2025-09-18 10:42:42'),
(881, 440, '60+', 1.00, NULL, 0, 4, '2025-09-18 10:42:42', '2025-09-18 10:42:42'),
(882, 441, 'JavaScript', 1.00, NULL, 0, 0, '2025-09-18 10:42:42', '2025-09-18 10:42:42'),
(883, 441, 'Python', 1.00, NULL, 0, 1, '2025-09-18 10:42:42', '2025-09-18 10:42:42'),
(884, 441, 'PHP', 1.00, NULL, 0, 2, '2025-09-18 10:42:42', '2025-09-18 10:42:42'),
(885, 441, 'Java', 1.00, NULL, 0, 3, '2025-09-18 10:42:42', '2025-09-18 10:42:42'),
(886, 441, 'C#', 1.00, NULL, 0, 4, '2025-09-18 10:42:42', '2025-09-18 10:42:42'),
(887, 441, 'Go', 1.00, NULL, 0, 5, '2025-09-18 10:42:42', '2025-09-18 10:42:42'),
(888, 442, 'Egypt', 1.00, NULL, 0, 0, '2025-09-18 10:42:42', '2025-09-18 10:42:42'),
(889, 442, 'Saudi Arabia', 1.00, NULL, 0, 1, '2025-09-18 10:42:42', '2025-09-18 10:42:42'),
(890, 442, 'UAE', 1.00, NULL, 0, 2, '2025-09-18 10:42:42', '2025-09-18 10:42:42'),
(891, 442, 'Jordan', 1.00, NULL, 0, 3, '2025-09-18 10:42:42', '2025-09-18 10:42:42'),
(892, 442, 'Lebanon', 1.00, NULL, 0, 4, '2025-09-18 10:42:42', '2025-09-18 10:42:42'),
(893, 442, 'Morocco', 1.00, NULL, 0, 5, '2025-09-18 10:42:42', '2025-09-18 10:42:42'),
(894, 446, 'VS Code', 1.00, NULL, 0, 0, '2025-09-18 10:42:43', '2025-09-18 10:42:43'),
(895, 446, 'PHPStorm', 1.00, NULL, 0, 1, '2025-09-18 10:42:43', '2025-09-18 10:42:43'),
(896, 446, 'Sublime Text', 1.00, NULL, 0, 2, '2025-09-18 10:42:43', '2025-09-18 10:42:43'),
(897, 446, 'Atom', 1.00, NULL, 0, 3, '2025-09-18 10:42:43', '2025-09-18 10:42:43'),
(898, 446, 'Vim', 1.00, NULL, 0, 4, '2025-09-18 10:42:43', '2025-09-18 10:42:43'),
(899, 447, 'Laravel', 1.00, NULL, 0, 0, '2025-09-18 10:42:43', '2025-09-18 10:42:43'),
(900, 447, 'React', 1.00, NULL, 0, 1, '2025-09-18 10:42:43', '2025-09-18 10:42:43'),
(901, 447, 'Vue.js', 1.00, NULL, 0, 2, '2025-09-18 10:42:43', '2025-09-18 10:42:43'),
(902, 447, 'Angular', 1.00, NULL, 0, 3, '2025-09-18 10:42:43', '2025-09-18 10:42:43'),
(903, 447, 'Express.js', 1.00, NULL, 0, 4, '2025-09-18 10:42:43', '2025-09-18 10:42:43'),
(904, 447, 'Django', 1.00, NULL, 0, 5, '2025-09-18 10:42:43', '2025-09-18 10:42:43'),
(905, 452, '18-25', 1.00, NULL, 0, 0, '2025-09-18 10:42:45', '2025-09-18 10:42:45'),
(906, 452, '26-35', 1.00, NULL, 0, 1, '2025-09-18 10:42:45', '2025-09-18 10:42:45'),
(907, 452, '36-45', 1.00, NULL, 0, 2, '2025-09-18 10:42:45', '2025-09-18 10:42:45'),
(908, 452, '46-60', 1.00, NULL, 0, 3, '2025-09-18 10:42:45', '2025-09-18 10:42:45'),
(909, 452, '60+', 1.00, NULL, 0, 4, '2025-09-18 10:42:45', '2025-09-18 10:42:45'),
(910, 453, 'JavaScript', 1.00, NULL, 0, 0, '2025-09-18 10:42:45', '2025-09-18 10:42:45'),
(911, 453, 'Python', 1.00, NULL, 0, 1, '2025-09-18 10:42:45', '2025-09-18 10:42:45'),
(912, 453, 'PHP', 1.00, NULL, 0, 2, '2025-09-18 10:42:45', '2025-09-18 10:42:45'),
(913, 453, 'Java', 1.00, NULL, 0, 3, '2025-09-18 10:42:45', '2025-09-18 10:42:45'),
(914, 453, 'C#', 1.00, NULL, 0, 4, '2025-09-18 10:42:45', '2025-09-18 10:42:45'),
(915, 453, 'Go', 1.00, NULL, 0, 5, '2025-09-18 10:42:45', '2025-09-18 10:42:45'),
(916, 454, 'Egypt', 1.00, NULL, 0, 0, '2025-09-18 10:42:45', '2025-09-18 10:42:45'),
(917, 454, 'Saudi Arabia', 1.00, NULL, 0, 1, '2025-09-18 10:42:45', '2025-09-18 10:42:45'),
(918, 454, 'UAE', 1.00, NULL, 0, 2, '2025-09-18 10:42:45', '2025-09-18 10:42:45'),
(919, 454, 'Jordan', 1.00, NULL, 0, 3, '2025-09-18 10:42:45', '2025-09-18 10:42:45'),
(920, 454, 'Lebanon', 1.00, NULL, 0, 4, '2025-09-18 10:42:45', '2025-09-18 10:42:45'),
(921, 454, 'Morocco', 1.00, NULL, 0, 5, '2025-09-18 10:42:45', '2025-09-18 10:42:45'),
(922, 458, 'VS Code', 1.00, NULL, 0, 0, '2025-09-18 10:42:45', '2025-09-18 10:42:45'),
(923, 458, 'PHPStorm', 1.00, NULL, 0, 1, '2025-09-18 10:42:45', '2025-09-18 10:42:45'),
(924, 458, 'Sublime Text', 1.00, NULL, 0, 2, '2025-09-18 10:42:45', '2025-09-18 10:42:45'),
(925, 458, 'Atom', 1.00, NULL, 0, 3, '2025-09-18 10:42:45', '2025-09-18 10:42:45'),
(926, 458, 'Vim', 1.00, NULL, 0, 4, '2025-09-18 10:42:45', '2025-09-18 10:42:45'),
(927, 459, 'Laravel', 1.00, NULL, 0, 0, '2025-09-18 10:42:45', '2025-09-18 10:42:45'),
(928, 459, 'React', 1.00, NULL, 0, 1, '2025-09-18 10:42:45', '2025-09-18 10:42:45'),
(929, 459, 'Vue.js', 1.00, NULL, 0, 2, '2025-09-18 10:42:45', '2025-09-18 10:42:45'),
(930, 459, 'Angular', 1.00, NULL, 0, 3, '2025-09-18 10:42:45', '2025-09-18 10:42:45'),
(931, 459, 'Express.js', 1.00, NULL, 0, 4, '2025-09-18 10:42:45', '2025-09-18 10:42:45'),
(932, 459, 'Django', 1.00, NULL, 0, 5, '2025-09-18 10:42:45', '2025-09-18 10:42:45'),
(933, 464, '18-25', 1.00, NULL, 0, 0, '2025-09-18 11:31:54', '2025-09-18 11:31:54'),
(934, 464, '26-35', 1.00, NULL, 0, 1, '2025-09-18 11:31:54', '2025-09-18 11:31:54'),
(935, 464, '36-45', 1.00, NULL, 0, 2, '2025-09-18 11:31:54', '2025-09-18 11:31:54'),
(936, 464, '46-60', 1.00, NULL, 0, 3, '2025-09-18 11:31:54', '2025-09-18 11:31:54'),
(937, 464, '60+', 1.00, NULL, 0, 4, '2025-09-18 11:31:54', '2025-09-18 11:31:54'),
(938, 465, 'JavaScript', 1.00, NULL, 0, 0, '2025-09-18 11:31:54', '2025-09-18 11:31:54'),
(939, 465, 'Python', 1.00, NULL, 0, 1, '2025-09-18 11:31:54', '2025-09-18 11:31:54'),
(940, 465, 'PHP', 1.00, NULL, 0, 2, '2025-09-18 11:31:54', '2025-09-18 11:31:54'),
(941, 465, 'Java', 1.00, NULL, 0, 3, '2025-09-18 11:31:54', '2025-09-18 11:31:54'),
(942, 465, 'C#', 1.00, NULL, 0, 4, '2025-09-18 11:31:54', '2025-09-18 11:31:54'),
(943, 465, 'Go', 1.00, NULL, 0, 5, '2025-09-18 11:31:54', '2025-09-18 11:31:54'),
(944, 466, 'Egypt', 1.00, NULL, 0, 0, '2025-09-18 11:31:54', '2025-09-18 11:31:54'),
(945, 466, 'Saudi Arabia', 1.00, NULL, 0, 1, '2025-09-18 11:31:54', '2025-09-18 11:31:54'),
(946, 466, 'UAE', 1.00, NULL, 0, 2, '2025-09-18 11:31:54', '2025-09-18 11:31:54'),
(947, 466, 'Jordan', 1.00, NULL, 0, 3, '2025-09-18 11:31:54', '2025-09-18 11:31:54'),
(948, 466, 'Lebanon', 1.00, NULL, 0, 4, '2025-09-18 11:31:54', '2025-09-18 11:31:54'),
(949, 466, 'Morocco', 1.00, NULL, 0, 5, '2025-09-18 11:31:54', '2025-09-18 11:31:54'),
(950, 470, 'VS Code', 1.00, NULL, 0, 0, '2025-09-18 11:31:54', '2025-09-18 11:31:54'),
(951, 470, 'PHPStorm', 1.00, NULL, 0, 1, '2025-09-18 11:31:54', '2025-09-18 11:31:54'),
(952, 470, 'Sublime Text', 1.00, NULL, 0, 2, '2025-09-18 11:31:54', '2025-09-18 11:31:54'),
(953, 470, 'Atom', 1.00, NULL, 0, 3, '2025-09-18 11:31:54', '2025-09-18 11:31:54'),
(954, 470, 'Vim', 1.00, NULL, 0, 4, '2025-09-18 11:31:54', '2025-09-18 11:31:54'),
(955, 471, 'Laravel', 1.00, NULL, 0, 0, '2025-09-18 11:31:54', '2025-09-18 11:31:54'),
(956, 471, 'React', 1.00, NULL, 0, 1, '2025-09-18 11:31:54', '2025-09-18 11:31:54'),
(957, 471, 'Vue.js', 1.00, NULL, 0, 2, '2025-09-18 11:31:54', '2025-09-18 11:31:54'),
(958, 471, 'Angular', 1.00, NULL, 0, 3, '2025-09-18 11:31:54', '2025-09-18 11:31:54'),
(959, 471, 'Express.js', 1.00, NULL, 0, 4, '2025-09-18 11:31:54', '2025-09-18 11:31:54'),
(960, 471, 'Django', 1.00, NULL, 0, 5, '2025-09-18 11:31:54', '2025-09-18 11:31:54'),
(961, 476, '18-25', 1.00, NULL, 0, 0, '2025-09-18 11:32:00', '2025-09-18 11:32:00'),
(962, 476, '26-35', 1.00, NULL, 0, 1, '2025-09-18 11:32:00', '2025-09-18 11:32:00'),
(963, 476, '36-45', 1.00, NULL, 0, 2, '2025-09-18 11:32:00', '2025-09-18 11:32:00'),
(964, 476, '46-60', 1.00, NULL, 0, 3, '2025-09-18 11:32:00', '2025-09-18 11:32:00'),
(965, 476, '60+', 1.00, NULL, 0, 4, '2025-09-18 11:32:00', '2025-09-18 11:32:00'),
(966, 477, 'JavaScript', 1.00, NULL, 0, 0, '2025-09-18 11:32:00', '2025-09-18 11:32:00'),
(967, 477, 'Python', 1.00, NULL, 0, 1, '2025-09-18 11:32:00', '2025-09-18 11:32:00'),
(968, 477, 'PHP', 1.00, NULL, 0, 2, '2025-09-18 11:32:00', '2025-09-18 11:32:00'),
(969, 477, 'Java', 1.00, NULL, 0, 3, '2025-09-18 11:32:00', '2025-09-18 11:32:00'),
(970, 477, 'C#', 1.00, NULL, 0, 4, '2025-09-18 11:32:00', '2025-09-18 11:32:00'),
(971, 477, 'Go', 1.00, NULL, 0, 5, '2025-09-18 11:32:00', '2025-09-18 11:32:00'),
(972, 478, 'Egypt', 1.00, NULL, 0, 0, '2025-09-18 11:32:00', '2025-09-18 11:32:00'),
(973, 478, 'Saudi Arabia', 1.00, NULL, 0, 1, '2025-09-18 11:32:00', '2025-09-18 11:32:00'),
(974, 478, 'UAE', 1.00, NULL, 0, 2, '2025-09-18 11:32:00', '2025-09-18 11:32:00'),
(975, 478, 'Jordan', 1.00, NULL, 0, 3, '2025-09-18 11:32:00', '2025-09-18 11:32:00'),
(976, 478, 'Lebanon', 1.00, NULL, 0, 4, '2025-09-18 11:32:00', '2025-09-18 11:32:00'),
(977, 478, 'Morocco', 1.00, NULL, 0, 5, '2025-09-18 11:32:00', '2025-09-18 11:32:00'),
(978, 482, 'VS Code', 1.00, NULL, 0, 0, '2025-09-18 11:32:00', '2025-09-18 11:32:00'),
(979, 482, 'PHPStorm', 1.00, NULL, 0, 1, '2025-09-18 11:32:00', '2025-09-18 11:32:00'),
(980, 482, 'Sublime Text', 1.00, NULL, 0, 2, '2025-09-18 11:32:00', '2025-09-18 11:32:00'),
(981, 482, 'Atom', 1.00, NULL, 0, 3, '2025-09-18 11:32:00', '2025-09-18 11:32:00'),
(982, 482, 'Vim', 1.00, NULL, 0, 4, '2025-09-18 11:32:00', '2025-09-18 11:32:00'),
(983, 483, 'Laravel', 1.00, NULL, 0, 0, '2025-09-18 11:32:00', '2025-09-18 11:32:00'),
(984, 483, 'React', 1.00, NULL, 0, 1, '2025-09-18 11:32:00', '2025-09-18 11:32:00'),
(985, 483, 'Vue.js', 1.00, NULL, 0, 2, '2025-09-18 11:32:00', '2025-09-18 11:32:00'),
(986, 483, 'Angular', 1.00, NULL, 0, 3, '2025-09-18 11:32:00', '2025-09-18 11:32:00'),
(987, 483, 'Express.js', 1.00, NULL, 0, 4, '2025-09-18 11:32:00', '2025-09-18 11:32:00'),
(988, 483, 'Django', 1.00, NULL, 0, 5, '2025-09-18 11:32:00', '2025-09-18 11:32:00'),
(989, 488, '18-25', 1.00, NULL, 0, 0, '2025-09-18 19:17:32', '2025-09-18 19:17:32'),
(990, 488, '26-35', 1.00, NULL, 0, 1, '2025-09-18 19:17:32', '2025-09-18 19:17:32'),
(991, 488, '36-45', 1.00, NULL, 0, 2, '2025-09-18 19:17:32', '2025-09-18 19:17:32'),
(992, 488, '46-60', 1.00, NULL, 0, 3, '2025-09-18 19:17:32', '2025-09-18 19:17:32'),
(993, 488, '60+', 1.00, NULL, 0, 4, '2025-09-18 19:17:32', '2025-09-18 19:17:32'),
(994, 489, 'JavaScript', 1.00, NULL, 0, 0, '2025-09-18 19:17:32', '2025-09-18 19:17:32'),
(995, 489, 'Python', 1.00, NULL, 0, 1, '2025-09-18 19:17:32', '2025-09-18 19:17:32'),
(996, 489, 'PHP', 1.00, NULL, 0, 2, '2025-09-18 19:17:32', '2025-09-18 19:17:32'),
(997, 489, 'Java', 1.00, NULL, 0, 3, '2025-09-18 19:17:32', '2025-09-18 19:17:32'),
(998, 489, 'C#', 1.00, NULL, 0, 4, '2025-09-18 19:17:32', '2025-09-18 19:17:32'),
(999, 489, 'Go', 1.00, NULL, 0, 5, '2025-09-18 19:17:32', '2025-09-18 19:17:32'),
(1000, 490, 'Egypt', 1.00, NULL, 0, 0, '2025-09-18 19:17:32', '2025-09-18 19:17:32'),
(1001, 490, 'Saudi Arabia', 1.00, NULL, 0, 1, '2025-09-18 19:17:32', '2025-09-18 19:17:32'),
(1002, 490, 'UAE', 1.00, NULL, 0, 2, '2025-09-18 19:17:32', '2025-09-18 19:17:32'),
(1003, 490, 'Jordan', 1.00, NULL, 0, 3, '2025-09-18 19:17:32', '2025-09-18 19:17:32'),
(1004, 490, 'Lebanon', 1.00, NULL, 0, 4, '2025-09-18 19:17:32', '2025-09-18 19:17:32'),
(1005, 490, 'Morocco', 1.00, NULL, 0, 5, '2025-09-18 19:17:32', '2025-09-18 19:17:32'),
(1006, 494, 'VS Code', 1.00, NULL, 0, 0, '2025-09-18 19:17:32', '2025-09-18 19:17:32'),
(1007, 494, 'PHPStorm', 1.00, NULL, 0, 1, '2025-09-18 19:17:32', '2025-09-18 19:17:32'),
(1008, 494, 'Sublime Text', 1.00, NULL, 0, 2, '2025-09-18 19:17:32', '2025-09-18 19:17:32'),
(1009, 494, 'Atom', 1.00, NULL, 0, 3, '2025-09-18 19:17:32', '2025-09-18 19:17:32'),
(1010, 494, 'Vim', 1.00, NULL, 0, 4, '2025-09-18 19:17:32', '2025-09-18 19:17:32'),
(1011, 495, 'Laravel', 1.00, NULL, 0, 0, '2025-09-18 19:17:32', '2025-09-18 19:17:32'),
(1012, 495, 'React', 1.00, NULL, 0, 1, '2025-09-18 19:17:32', '2025-09-18 19:17:32'),
(1013, 495, 'Vue.js', 1.00, NULL, 0, 2, '2025-09-18 19:17:32', '2025-09-18 19:17:32'),
(1014, 495, 'Angular', 1.00, NULL, 0, 3, '2025-09-18 19:17:32', '2025-09-18 19:17:32'),
(1015, 495, 'Express.js', 1.00, NULL, 0, 4, '2025-09-18 19:17:32', '2025-09-18 19:17:32'),
(1016, 495, 'Django', 1.00, NULL, 0, 5, '2025-09-18 19:17:32', '2025-09-18 19:17:32'),
(1017, 500, '18-25', 1.00, NULL, 0, 0, '2025-09-18 19:17:34', '2025-09-18 19:17:34'),
(1018, 500, '26-35', 1.00, NULL, 0, 1, '2025-09-18 19:17:34', '2025-09-18 19:17:34'),
(1019, 500, '36-45', 1.00, NULL, 0, 2, '2025-09-18 19:17:34', '2025-09-18 19:17:34'),
(1020, 500, '46-60', 1.00, NULL, 0, 3, '2025-09-18 19:17:34', '2025-09-18 19:17:34'),
(1021, 500, '60+', 1.00, NULL, 0, 4, '2025-09-18 19:17:34', '2025-09-18 19:17:34'),
(1022, 501, 'JavaScript', 1.00, NULL, 0, 0, '2025-09-18 19:17:34', '2025-09-18 19:17:34'),
(1023, 501, 'Python', 1.00, NULL, 0, 1, '2025-09-18 19:17:34', '2025-09-18 19:17:34'),
(1024, 501, 'PHP', 1.00, NULL, 0, 2, '2025-09-18 19:17:34', '2025-09-18 19:17:34'),
(1025, 501, 'Java', 1.00, NULL, 0, 3, '2025-09-18 19:17:34', '2025-09-18 19:17:34'),
(1026, 501, 'C#', 1.00, NULL, 0, 4, '2025-09-18 19:17:34', '2025-09-18 19:17:34'),
(1027, 501, 'Go', 1.00, NULL, 0, 5, '2025-09-18 19:17:34', '2025-09-18 19:17:34'),
(1028, 502, 'Egypt', 1.00, NULL, 0, 0, '2025-09-18 19:17:34', '2025-09-18 19:17:34'),
(1029, 502, 'Saudi Arabia', 1.00, NULL, 0, 1, '2025-09-18 19:17:34', '2025-09-18 19:17:34'),
(1030, 502, 'UAE', 1.00, NULL, 0, 2, '2025-09-18 19:17:34', '2025-09-18 19:17:34'),
(1031, 502, 'Jordan', 1.00, NULL, 0, 3, '2025-09-18 19:17:34', '2025-09-18 19:17:34'),
(1032, 502, 'Lebanon', 1.00, NULL, 0, 4, '2025-09-18 19:17:34', '2025-09-18 19:17:34'),
(1033, 502, 'Morocco', 1.00, NULL, 0, 5, '2025-09-18 19:17:34', '2025-09-18 19:17:34'),
(1034, 506, 'VS Code', 1.00, NULL, 0, 0, '2025-09-18 19:17:34', '2025-09-18 19:17:34'),
(1035, 506, 'PHPStorm', 1.00, NULL, 0, 1, '2025-09-18 19:17:34', '2025-09-18 19:17:34'),
(1036, 506, 'Sublime Text', 1.00, NULL, 0, 2, '2025-09-18 19:17:34', '2025-09-18 19:17:34'),
(1037, 506, 'Atom', 1.00, NULL, 0, 3, '2025-09-18 19:17:34', '2025-09-18 19:17:34'),
(1038, 506, 'Vim', 1.00, NULL, 0, 4, '2025-09-18 19:17:34', '2025-09-18 19:17:34'),
(1039, 507, 'Laravel', 1.00, NULL, 0, 0, '2025-09-18 19:17:34', '2025-09-18 19:17:34'),
(1040, 507, 'React', 1.00, NULL, 0, 1, '2025-09-18 19:17:34', '2025-09-18 19:17:34'),
(1041, 507, 'Vue.js', 1.00, NULL, 0, 2, '2025-09-18 19:17:34', '2025-09-18 19:17:34'),
(1042, 507, 'Angular', 1.00, NULL, 0, 3, '2025-09-18 19:17:34', '2025-09-18 19:17:34'),
(1043, 507, 'Express.js', 1.00, NULL, 0, 4, '2025-09-18 19:17:34', '2025-09-18 19:17:34'),
(1044, 507, 'Django', 1.00, NULL, 0, 5, '2025-09-18 19:17:34', '2025-09-18 19:17:34'),
(1045, 512, '18-25', 1.00, NULL, 0, 0, '2025-09-19 03:43:14', '2025-09-19 03:43:14'),
(1046, 512, '26-35', 1.00, NULL, 0, 1, '2025-09-19 03:43:14', '2025-09-19 03:43:14'),
(1047, 512, '36-45', 1.00, NULL, 0, 2, '2025-09-19 03:43:14', '2025-09-19 03:43:14'),
(1048, 512, '46-60', 1.00, NULL, 0, 3, '2025-09-19 03:43:14', '2025-09-19 03:43:14'),
(1049, 512, '60+', 1.00, NULL, 0, 4, '2025-09-19 03:43:14', '2025-09-19 03:43:14'),
(1050, 513, 'JavaScript', 1.00, NULL, 0, 0, '2025-09-19 03:43:14', '2025-09-19 03:43:14'),
(1051, 513, 'Python', 1.00, NULL, 0, 1, '2025-09-19 03:43:14', '2025-09-19 03:43:14'),
(1052, 513, 'PHP', 1.00, NULL, 0, 2, '2025-09-19 03:43:14', '2025-09-19 03:43:14'),
(1053, 513, 'Java', 1.00, NULL, 0, 3, '2025-09-19 03:43:14', '2025-09-19 03:43:14'),
(1054, 513, 'C#', 1.00, NULL, 0, 4, '2025-09-19 03:43:14', '2025-09-19 03:43:14'),
(1055, 513, 'Go', 1.00, NULL, 0, 5, '2025-09-19 03:43:14', '2025-09-19 03:43:14'),
(1056, 514, 'Egypt', 1.00, NULL, 0, 0, '2025-09-19 03:43:14', '2025-09-19 03:43:14'),
(1057, 514, 'Saudi Arabia', 1.00, NULL, 0, 1, '2025-09-19 03:43:14', '2025-09-19 03:43:14'),
(1058, 514, 'UAE', 1.00, NULL, 0, 2, '2025-09-19 03:43:14', '2025-09-19 03:43:14'),
(1059, 514, 'Jordan', 1.00, NULL, 0, 3, '2025-09-19 03:43:14', '2025-09-19 03:43:14'),
(1060, 514, 'Lebanon', 1.00, NULL, 0, 4, '2025-09-19 03:43:14', '2025-09-19 03:43:14'),
(1061, 514, 'Morocco', 1.00, NULL, 0, 5, '2025-09-19 03:43:14', '2025-09-19 03:43:14'),
(1062, 518, 'VS Code', 1.00, NULL, 0, 0, '2025-09-19 03:43:14', '2025-09-19 03:43:14'),
(1063, 518, 'PHPStorm', 1.00, NULL, 0, 1, '2025-09-19 03:43:14', '2025-09-19 03:43:14'),
(1064, 518, 'Sublime Text', 1.00, NULL, 0, 2, '2025-09-19 03:43:14', '2025-09-19 03:43:14'),
(1065, 518, 'Atom', 1.00, NULL, 0, 3, '2025-09-19 03:43:14', '2025-09-19 03:43:14'),
(1066, 518, 'Vim', 1.00, NULL, 0, 4, '2025-09-19 03:43:14', '2025-09-19 03:43:14'),
(1067, 519, 'Laravel', 1.00, NULL, 0, 0, '2025-09-19 03:43:15', '2025-09-19 03:43:15'),
(1068, 519, 'React', 1.00, NULL, 0, 1, '2025-09-19 03:43:15', '2025-09-19 03:43:15'),
(1069, 519, 'Vue.js', 1.00, NULL, 0, 2, '2025-09-19 03:43:15', '2025-09-19 03:43:15'),
(1070, 519, 'Angular', 1.00, NULL, 0, 3, '2025-09-19 03:43:15', '2025-09-19 03:43:15'),
(1071, 519, 'Express.js', 1.00, NULL, 0, 4, '2025-09-19 03:43:15', '2025-09-19 03:43:15'),
(1072, 519, 'Django', 1.00, NULL, 0, 5, '2025-09-19 03:43:15', '2025-09-19 03:43:15'),
(1073, 524, '18-25', 1.00, NULL, 0, 0, '2025-09-19 03:43:17', '2025-09-19 03:43:17'),
(1074, 524, '26-35', 1.00, NULL, 0, 1, '2025-09-19 03:43:17', '2025-09-19 03:43:17'),
(1075, 524, '36-45', 1.00, NULL, 0, 2, '2025-09-19 03:43:17', '2025-09-19 03:43:17'),
(1076, 524, '46-60', 1.00, NULL, 0, 3, '2025-09-19 03:43:17', '2025-09-19 03:43:17'),
(1077, 524, '60+', 1.00, NULL, 0, 4, '2025-09-19 03:43:17', '2025-09-19 03:43:17'),
(1078, 525, 'JavaScript', 1.00, NULL, 0, 0, '2025-09-19 03:43:17', '2025-09-19 03:43:17'),
(1079, 525, 'Python', 1.00, NULL, 0, 1, '2025-09-19 03:43:17', '2025-09-19 03:43:17'),
(1080, 525, 'PHP', 1.00, NULL, 0, 2, '2025-09-19 03:43:17', '2025-09-19 03:43:17'),
(1081, 525, 'Java', 1.00, NULL, 0, 3, '2025-09-19 03:43:17', '2025-09-19 03:43:17'),
(1082, 525, 'C#', 1.00, NULL, 0, 4, '2025-09-19 03:43:17', '2025-09-19 03:43:17'),
(1083, 525, 'Go', 1.00, NULL, 0, 5, '2025-09-19 03:43:17', '2025-09-19 03:43:17'),
(1084, 526, 'Egypt', 1.00, NULL, 0, 0, '2025-09-19 03:43:17', '2025-09-19 03:43:17'),
(1085, 526, 'Saudi Arabia', 1.00, NULL, 0, 1, '2025-09-19 03:43:17', '2025-09-19 03:43:17'),
(1086, 526, 'UAE', 1.00, NULL, 0, 2, '2025-09-19 03:43:17', '2025-09-19 03:43:17'),
(1087, 526, 'Jordan', 1.00, NULL, 0, 3, '2025-09-19 03:43:17', '2025-09-19 03:43:17'),
(1088, 526, 'Lebanon', 1.00, NULL, 0, 4, '2025-09-19 03:43:17', '2025-09-19 03:43:17'),
(1089, 526, 'Morocco', 1.00, NULL, 0, 5, '2025-09-19 03:43:17', '2025-09-19 03:43:17'),
(1090, 530, 'VS Code', 1.00, NULL, 0, 0, '2025-09-19 03:43:17', '2025-09-19 03:43:17'),
(1091, 530, 'PHPStorm', 1.00, NULL, 0, 1, '2025-09-19 03:43:17', '2025-09-19 03:43:17'),
(1092, 530, 'Sublime Text', 1.00, NULL, 0, 2, '2025-09-19 03:43:17', '2025-09-19 03:43:17'),
(1093, 530, 'Atom', 1.00, NULL, 0, 3, '2025-09-19 03:43:17', '2025-09-19 03:43:17'),
(1094, 530, 'Vim', 1.00, NULL, 0, 4, '2025-09-19 03:43:17', '2025-09-19 03:43:17'),
(1095, 531, 'Laravel', 1.00, NULL, 0, 0, '2025-09-19 03:43:17', '2025-09-19 03:43:17'),
(1096, 531, 'React', 1.00, NULL, 0, 1, '2025-09-19 03:43:17', '2025-09-19 03:43:17'),
(1097, 531, 'Vue.js', 1.00, NULL, 0, 2, '2025-09-19 03:43:17', '2025-09-19 03:43:17'),
(1098, 531, 'Angular', 1.00, NULL, 0, 3, '2025-09-19 03:43:17', '2025-09-19 03:43:17'),
(1099, 531, 'Express.js', 1.00, NULL, 0, 4, '2025-09-19 03:43:17', '2025-09-19 03:43:17'),
(1100, 531, 'Django', 1.00, NULL, 0, 5, '2025-09-19 03:43:17', '2025-09-19 03:43:17'),
(1101, 536, '18-25', 1.00, NULL, 0, 0, '2025-09-19 04:22:23', '2025-09-19 04:22:23'),
(1102, 536, '26-35', 1.00, NULL, 0, 1, '2025-09-19 04:22:23', '2025-09-19 04:22:23'),
(1103, 536, '36-45', 1.00, NULL, 0, 2, '2025-09-19 04:22:23', '2025-09-19 04:22:23'),
(1104, 536, '46-60', 1.00, NULL, 0, 3, '2025-09-19 04:22:23', '2025-09-19 04:22:23'),
(1105, 536, '60+', 1.00, NULL, 0, 4, '2025-09-19 04:22:23', '2025-09-19 04:22:23'),
(1106, 537, 'JavaScript', 1.00, NULL, 0, 0, '2025-09-19 04:22:23', '2025-09-19 04:22:23'),
(1107, 537, 'Python', 1.00, NULL, 0, 1, '2025-09-19 04:22:23', '2025-09-19 04:22:23'),
(1108, 537, 'PHP', 1.00, NULL, 0, 2, '2025-09-19 04:22:23', '2025-09-19 04:22:23'),
(1109, 537, 'Java', 1.00, NULL, 0, 3, '2025-09-19 04:22:23', '2025-09-19 04:22:23'),
(1110, 537, 'C#', 1.00, NULL, 0, 4, '2025-09-19 04:22:23', '2025-09-19 04:22:23'),
(1111, 537, 'Go', 1.00, NULL, 0, 5, '2025-09-19 04:22:23', '2025-09-19 04:22:23'),
(1112, 538, 'Egypt', 1.00, NULL, 0, 0, '2025-09-19 04:22:23', '2025-09-19 04:22:23'),
(1113, 538, 'Saudi Arabia', 1.00, NULL, 0, 1, '2025-09-19 04:22:23', '2025-09-19 04:22:23'),
(1114, 538, 'UAE', 1.00, NULL, 0, 2, '2025-09-19 04:22:23', '2025-09-19 04:22:23'),
(1115, 538, 'Jordan', 1.00, NULL, 0, 3, '2025-09-19 04:22:23', '2025-09-19 04:22:23'),
(1116, 538, 'Lebanon', 1.00, NULL, 0, 4, '2025-09-19 04:22:23', '2025-09-19 04:22:23'),
(1117, 538, 'Morocco', 1.00, NULL, 0, 5, '2025-09-19 04:22:23', '2025-09-19 04:22:23'),
(1118, 542, 'VS Code', 1.00, NULL, 0, 0, '2025-09-19 04:22:23', '2025-09-19 04:22:23'),
(1119, 542, 'PHPStorm', 1.00, NULL, 0, 1, '2025-09-19 04:22:23', '2025-09-19 04:22:23'),
(1120, 542, 'Sublime Text', 1.00, NULL, 0, 2, '2025-09-19 04:22:23', '2025-09-19 04:22:23'),
(1121, 542, 'Atom', 1.00, NULL, 0, 3, '2025-09-19 04:22:23', '2025-09-19 04:22:23'),
(1122, 542, 'Vim', 1.00, NULL, 0, 4, '2025-09-19 04:22:23', '2025-09-19 04:22:23'),
(1123, 543, 'Laravel', 1.00, NULL, 0, 0, '2025-09-19 04:22:23', '2025-09-19 04:22:23'),
(1124, 543, 'React', 1.00, NULL, 0, 1, '2025-09-19 04:22:23', '2025-09-19 04:22:23'),
(1125, 543, 'Vue.js', 1.00, NULL, 0, 2, '2025-09-19 04:22:23', '2025-09-19 04:22:23'),
(1126, 543, 'Angular', 1.00, NULL, 0, 3, '2025-09-19 04:22:23', '2025-09-19 04:22:23'),
(1127, 543, 'Express.js', 1.00, NULL, 0, 4, '2025-09-19 04:22:23', '2025-09-19 04:22:23'),
(1128, 543, 'Django', 1.00, NULL, 0, 5, '2025-09-19 04:22:23', '2025-09-19 04:22:23'),
(1129, 548, '18-25', 1.00, NULL, 0, 0, '2025-09-19 04:22:25', '2025-09-19 04:22:25'),
(1130, 548, '26-35', 1.00, NULL, 0, 1, '2025-09-19 04:22:25', '2025-09-19 04:22:25'),
(1131, 548, '36-45', 1.00, NULL, 0, 2, '2025-09-19 04:22:25', '2025-09-19 04:22:25'),
(1132, 548, '46-60', 1.00, NULL, 0, 3, '2025-09-19 04:22:25', '2025-09-19 04:22:25'),
(1133, 548, '60+', 1.00, NULL, 0, 4, '2025-09-19 04:22:25', '2025-09-19 04:22:25'),
(1134, 549, 'JavaScript', 1.00, NULL, 0, 0, '2025-09-19 04:22:25', '2025-09-19 04:22:25'),
(1135, 549, 'Python', 1.00, NULL, 0, 1, '2025-09-19 04:22:25', '2025-09-19 04:22:25'),
(1136, 549, 'PHP', 1.00, NULL, 0, 2, '2025-09-19 04:22:25', '2025-09-19 04:22:25'),
(1137, 549, 'Java', 1.00, NULL, 0, 3, '2025-09-19 04:22:25', '2025-09-19 04:22:25'),
(1138, 549, 'C#', 1.00, NULL, 0, 4, '2025-09-19 04:22:25', '2025-09-19 04:22:25'),
(1139, 549, 'Go', 1.00, NULL, 0, 5, '2025-09-19 04:22:25', '2025-09-19 04:22:25'),
(1140, 550, 'Egypt', 1.00, NULL, 0, 0, '2025-09-19 04:22:25', '2025-09-19 04:22:25'),
(1141, 550, 'Saudi Arabia', 1.00, NULL, 0, 1, '2025-09-19 04:22:25', '2025-09-19 04:22:25'),
(1142, 550, 'UAE', 1.00, NULL, 0, 2, '2025-09-19 04:22:25', '2025-09-19 04:22:25'),
(1143, 550, 'Jordan', 1.00, NULL, 0, 3, '2025-09-19 04:22:25', '2025-09-19 04:22:25'),
(1144, 550, 'Lebanon', 1.00, NULL, 0, 4, '2025-09-19 04:22:25', '2025-09-19 04:22:25'),
(1145, 550, 'Morocco', 1.00, NULL, 0, 5, '2025-09-19 04:22:25', '2025-09-19 04:22:25'),
(1146, 554, 'VS Code', 1.00, NULL, 0, 0, '2025-09-19 04:22:25', '2025-09-19 04:22:25'),
(1147, 554, 'PHPStorm', 1.00, NULL, 0, 1, '2025-09-19 04:22:25', '2025-09-19 04:22:25'),
(1148, 554, 'Sublime Text', 1.00, NULL, 0, 2, '2025-09-19 04:22:25', '2025-09-19 04:22:25'),
(1149, 554, 'Atom', 1.00, NULL, 0, 3, '2025-09-19 04:22:25', '2025-09-19 04:22:25'),
(1150, 554, 'Vim', 1.00, NULL, 0, 4, '2025-09-19 04:22:25', '2025-09-19 04:22:25'),
(1151, 555, 'Laravel', 1.00, NULL, 0, 0, '2025-09-19 04:22:25', '2025-09-19 04:22:25'),
(1152, 555, 'React', 1.00, NULL, 0, 1, '2025-09-19 04:22:25', '2025-09-19 04:22:25'),
(1153, 555, 'Vue.js', 1.00, NULL, 0, 2, '2025-09-19 04:22:25', '2025-09-19 04:22:25'),
(1154, 555, 'Angular', 1.00, NULL, 0, 3, '2025-09-19 04:22:25', '2025-09-19 04:22:25'),
(1155, 555, 'Express.js', 1.00, NULL, 0, 4, '2025-09-19 04:22:25', '2025-09-19 04:22:25'),
(1156, 555, 'Django', 1.00, NULL, 0, 5, '2025-09-19 04:22:25', '2025-09-19 04:22:25');

-- --------------------------------------------------------

--
-- Table structure for table `password_resets`
--

DROP TABLE IF EXISTS `password_resets`;
CREATE TABLE IF NOT EXISTS `password_resets` (
  `email` varchar(191) COLLATE utf8mb4_unicode_ci NOT NULL,
  `token` varchar(191) COLLATE utf8mb4_unicode_ci NOT NULL,
  `created_at` timestamp NULL DEFAULT NULL,
  KEY `password_resets_email_index` (`email`)
) ENGINE=MyISAM DEFAULT CHARSET=utf8mb4 COLLATE=utf8mb4_unicode_ci;

-- --------------------------------------------------------

--
-- Table structure for table `personal_access_tokens`
--

DROP TABLE IF EXISTS `personal_access_tokens`;
CREATE TABLE IF NOT EXISTS `personal_access_tokens` (
  `id` bigint UNSIGNED NOT NULL AUTO_INCREMENT,
  `tokenable_type` varchar(191) COLLATE utf8mb4_unicode_ci NOT NULL,
  `tokenable_id` bigint UNSIGNED NOT NULL,
  `name` varchar(191) COLLATE utf8mb4_unicode_ci NOT NULL,
  `token` varchar(64) COLLATE utf8mb4_unicode_ci NOT NULL,
  `abilities` text COLLATE utf8mb4_unicode_ci,
  `last_used_at` timestamp NULL DEFAULT NULL,
  `created_at` timestamp NULL DEFAULT NULL,
  `updated_at` timestamp NULL DEFAULT NULL,
  PRIMARY KEY (`id`),
  UNIQUE KEY `personal_access_tokens_token_unique` (`token`),
  KEY `personal_access_tokens_tokenable_type_tokenable_id_index` (`tokenable_type`,`tokenable_id`)
) ENGINE=MyISAM DEFAULT CHARSET=utf8mb4 COLLATE=utf8mb4_unicode_ci;

-- --------------------------------------------------------

--
-- Table structure for table `questions`
--

DROP TABLE IF EXISTS `questions`;
CREATE TABLE IF NOT EXISTS `questions` (
  `id` bigint UNSIGNED NOT NULL AUTO_INCREMENT,
  `survey_id` bigint UNSIGNED NOT NULL,
  `title` varchar(191) COLLATE utf8mb4_unicode_ci NOT NULL,
  `description` text COLLATE utf8mb4_unicode_ci,
  `type` varchar(191) COLLATE utf8mb4_unicode_ci NOT NULL,
  `required` tinyint(1) NOT NULL DEFAULT '0',
  `points` int DEFAULT NULL,
  `display_order` int UNSIGNED NOT NULL DEFAULT '0',
  `weight` double(8,2) DEFAULT NULL,
  `metadata` json DEFAULT NULL,
  `created_at` timestamp NULL DEFAULT NULL,
  `updated_at` timestamp NULL DEFAULT NULL,
  PRIMARY KEY (`id`),
  KEY `questions_survey_id_foreign` (`survey_id`)
) ENGINE=MyISAM AUTO_INCREMENT=557 DEFAULT CHARSET=utf8mb4 COLLATE=utf8mb4_unicode_ci;

--
-- Dumping data for table `questions`
--

INSERT INTO `questions` (`id`, `survey_id`, `title`, `description`, `type`, `required`, `points`, `display_order`, `weight`, `metadata`, `created_at`, `updated_at`) VALUES
(13, 4, 'هل أنت راض عن الخدمة؟', NULL, 'dropdown', 0, NULL, 5, 1.00, NULL, '2025-09-14 16:39:44', '2025-09-14 16:39:44'),
(12, 4, 'Employment Status (حالة التوظيف)', NULL, 'dropdown', 0, NULL, 4, 1.00, NULL, '2025-09-14 16:39:44', '2025-09-14 16:39:44'),
(11, 4, 'Education Level (المستوى التعليمي)', NULL, 'dropdown', 0, NULL, 3, 1.00, NULL, '2025-09-14 16:39:44', '2025-09-14 16:39:44'),
(10, 4, 'Age Group (الفئة العمرية)', NULL, 'number', 0, NULL, 2, 1.00, NULL, '2025-09-14 16:39:44', '2025-09-14 16:39:44'),
(9, 4, 'Gender (الجنس)', NULL, 'dropdown', 0, NULL, 1, 1.00, NULL, '2025-09-14 16:39:44', '2025-09-14 16:39:44'),
(8, 4, 'Country (اختر الدولة)', NULL, 'dropdown', 0, NULL, 0, 1.00, NULL, '2025-09-14 16:39:44', '2025-09-14 16:39:44'),
(14, 4, 'كم مرة تستخدم هذه الخدمة؟', NULL, 'number', 0, NULL, 6, 1.00, NULL, '2025-09-14 16:39:44', '2025-09-14 16:39:44'),
(33, 5, 'What is your major?', NULL, 'radio', 0, 1, 7, NULL, NULL, '2025-09-14 17:17:33', '2025-09-14 17:17:33'),
(32, 5, 'Educational Level', NULL, 'dropdown', 0, 1, 6, NULL, NULL, '2025-09-14 17:17:33', '2025-09-14 17:17:33'),
(31, 5, 'Residence  (Please provide your current city and country of residence)', NULL, 'dropdown', 0, 1, 5, NULL, NULL, '2025-09-14 17:17:33', '2025-09-14 17:17:33'),
(30, 5, 'Country  (اختر الدولة)', NULL, 'dropdown', 0, 1, 4, NULL, NULL, '2025-09-14 17:17:33', '2025-09-14 17:17:33'),
(29, 5, 'Gender  (اختر الجنس)', NULL, 'radio', 0, 1, 3, NULL, NULL, '2025-09-14 17:17:33', '2025-09-14 17:17:33'),
(28, 5, 'Age  (اختر الفئة العمرية)', NULL, 'dropdown', 0, 1, 2, NULL, NULL, '2025-09-14 17:17:33', '2025-09-14 17:17:33'),
(26, 5, 'Full Name', NULL, 'short', 0, 1, 0, NULL, NULL, '2025-09-14 17:17:33', '2025-09-14 17:17:33'),
(27, 5, 'Email', NULL, 'short', 0, 1, 1, NULL, NULL, '2025-09-14 17:17:33', '2025-09-14 17:17:33'),
(34, 5, 'What is your employment status?', NULL, 'radio', 0, 1, 8, NULL, NULL, '2025-09-14 17:17:33', '2025-09-14 17:17:33'),
(35, 5, 'What is your English language proficiency?', NULL, 'radio', 0, 1, 9, NULL, NULL, '2025-09-14 17:17:33', '2025-09-14 17:17:33'),
(36, 5, 'Do you own a personal computer (PC or laptop) that you can work on?', NULL, 'radio', 0, 1, 10, NULL, NULL, '2025-09-14 17:17:33', '2025-09-14 17:17:33'),
(39, 6, 'Choose one answer', NULL, 'radio', 0, NULL, 0, 1.00, NULL, '2025-09-14 17:22:09', '2025-09-14 17:22:09'),
(40, 7, 'Choose one answer', NULL, 'radio', 1, NULL, 0, 1.00, NULL, '2025-09-14 17:31:35', '2025-09-14 17:31:35'),
(41, 7, 'Short text question', NULL, 'short', 1, NULL, 1, 1.00, NULL, '2025-09-14 17:31:35', '2025-09-14 17:31:35'),
(42, 7, 'Question', NULL, 'q_1757881872384_olvo', 1, NULL, 2, 1.00, NULL, '2025-09-14 17:31:35', '2025-09-14 17:31:35'),
(64, 8, 'What is your preferred IDE?', NULL, 'short', 0, NULL, 9, 1.00, NULL, '2025-09-16 10:13:56', '2025-09-16 10:13:56'),
(63, 8, 'How many years of experience do you have?', NULL, 'short', 0, NULL, 8, 1.00, NULL, '2025-09-16 10:13:56', '2025-09-16 10:13:56'),
(62, 8, 'When did you start programming?', NULL, 'short', 0, NULL, 7, 1.00, NULL, '2025-09-16 10:13:56', '2025-09-16 10:13:56'),
(61, 8, 'Rate your programming experience', NULL, 'short', 0, NULL, 6, 1.00, NULL, '2025-09-16 10:13:56', '2025-09-16 10:13:56'),
(60, 8, 'Select your country', NULL, 'short', 0, NULL, 5, 1.00, NULL, '2025-09-16 10:13:56', '2025-09-16 10:13:56'),
(59, 8, 'Which programming languages do you know?', NULL, 'short', 0, NULL, 4, 1.00, NULL, '2025-09-16 10:13:56', '2025-09-16 10:13:56'),
(58, 8, 'What is your age group?', NULL, 'short', 0, NULL, 3, 1.00, NULL, '2025-09-16 10:13:56', '2025-09-16 10:13:56'),
(57, 8, 'Tell us about yourself', NULL, 'short', 0, NULL, 2, 1.00, NULL, '2025-09-16 10:13:56', '2025-09-16 10:13:56'),
(56, 8, 'What is your email address?', NULL, 'short', 0, NULL, 1, 1.00, NULL, '2025-09-16 10:13:56', '2025-09-16 10:13:56'),
(55, 8, 'What is your full name?', NULL, 'short', 0, NULL, 0, 1.00, NULL, '2025-09-16 10:13:56', '2025-09-16 10:13:56'),
(65, 8, 'Which frameworks have you used?', NULL, 'short', 0, NULL, 10, 1.00, NULL, '2025-09-16 10:13:56', '2025-09-16 10:13:56'),
(66, 8, 'Describe your biggest project', NULL, 'short', 0, NULL, 11, 1.00, NULL, '2025-09-16 10:13:56', '2025-09-16 10:13:56'),
(90, 9, 'Which frameworks have you used?', NULL, 'short', 0, NULL, 10, 1.00, NULL, '2025-09-16 10:14:54', '2025-09-16 10:14:54'),
(89, 9, 'What is your preferred IDE?', NULL, 'short', 0, NULL, 9, 1.00, NULL, '2025-09-16 10:14:54', '2025-09-16 10:14:54'),
(88, 9, 'How many years of experience do you have?', NULL, 'short', 0, NULL, 8, 1.00, NULL, '2025-09-16 10:14:54', '2025-09-16 10:14:54'),
(87, 9, 'When did you start programming?', NULL, 'short', 0, NULL, 7, 1.00, NULL, '2025-09-16 10:14:54', '2025-09-16 10:14:54'),
(86, 9, 'Rate your programming experience', NULL, 'short', 0, NULL, 6, 1.00, NULL, '2025-09-16 10:14:54', '2025-09-16 10:14:54'),
(85, 9, 'Select your country', NULL, 'short', 0, NULL, 5, 1.00, NULL, '2025-09-16 10:14:54', '2025-09-16 10:14:54'),
(84, 9, 'Which programming languages do you know?', NULL, 'short', 0, NULL, 4, 1.00, NULL, '2025-09-16 10:14:54', '2025-09-16 10:14:54'),
(83, 9, 'What is your age group?', NULL, 'short', 0, NULL, 3, 1.00, NULL, '2025-09-16 10:14:54', '2025-09-16 10:14:54'),
(82, 9, 'Tell us about yourself', NULL, 'short', 0, NULL, 2, 1.00, NULL, '2025-09-16 10:14:54', '2025-09-16 10:14:54'),
(81, 9, 'What is your email address?', NULL, 'short', 0, NULL, 1, 1.00, NULL, '2025-09-16 10:14:54', '2025-09-16 10:14:54'),
(80, 9, 'What is your full name?', NULL, 'short', 0, NULL, 0, 1.00, NULL, '2025-09-16 10:14:54', '2025-09-16 10:14:54'),
(91, 9, 'Describe your biggest project', NULL, 'short', 0, NULL, 11, 1.00, NULL, '2025-09-16 10:14:54', '2025-09-16 10:14:54'),
(92, 9, 'Short text question', NULL, 'short', 0, NULL, 12, 1.00, NULL, '2025-09-16 10:14:54', '2025-09-16 10:14:54'),
(114, 10, 'What is your preferred IDE?', NULL, 'short', 0, NULL, 9, 1.00, NULL, '2025-09-16 10:30:12', '2025-09-16 10:30:12'),
(113, 10, 'How many years of experience do you have?', NULL, 'short', 0, NULL, 8, 1.00, NULL, '2025-09-16 10:30:12', '2025-09-16 10:30:12'),
(112, 10, 'When did you start programming?', NULL, 'short', 0, NULL, 7, 1.00, NULL, '2025-09-16 10:30:12', '2025-09-16 10:30:12'),
(111, 10, 'Rate your programming experience', NULL, 'short', 0, NULL, 6, 1.00, NULL, '2025-09-16 10:30:12', '2025-09-16 10:30:12'),
(110, 10, 'Select your country', NULL, 'short', 0, NULL, 5, 1.00, NULL, '2025-09-16 10:30:12', '2025-09-16 10:30:12'),
(109, 10, 'Which programming languages do you know?', NULL, 'short', 0, NULL, 4, 1.00, NULL, '2025-09-16 10:30:12', '2025-09-16 10:30:12'),
(108, 10, 'Tell us about yourself', NULL, 'short', 0, NULL, 3, 1.00, NULL, '2025-09-16 10:30:12', '2025-09-16 10:30:12'),
(107, 10, 'What is your age group?', NULL, 'short', 0, NULL, 2, 1.00, NULL, '2025-09-16 10:30:12', '2025-09-16 10:30:12'),
(106, 10, 'What is your email address?', NULL, 'short', 0, NULL, 1, 1.00, NULL, '2025-09-16 10:30:12', '2025-09-16 10:30:12'),
(105, 10, 'What is your full name?', NULL, 'short', 0, NULL, 0, 1.00, NULL, '2025-09-16 10:30:12', '2025-09-16 10:30:12'),
(115, 10, 'Which frameworks have you used?', NULL, 'short', 0, NULL, 10, 1.00, NULL, '2025-09-16 10:30:12', '2025-09-16 10:30:12'),
(116, 10, 'Describe your biggest project', NULL, 'short', 0, NULL, 11, 1.00, NULL, '2025-09-16 10:30:12', '2025-09-16 10:30:12'),
(186, 12, 'What is your preferred IDE?', NULL, 'radio', 0, NULL, 9, 1.00, NULL, '2025-09-16 10:57:38', '2025-09-16 10:57:38'),
(164, 11, 'Describe your biggest project', NULL, 'long', 0, NULL, 11, 1.00, NULL, '2025-09-16 10:49:35', '2025-09-16 10:49:35'),
(163, 11, 'Which frameworks have you used?', NULL, 'checkbox', 0, NULL, 10, 1.00, NULL, '2025-09-16 10:49:35', '2025-09-16 10:49:35'),
(162, 11, 'What is your preferred IDE?', NULL, 'radio', 0, NULL, 9, 1.00, NULL, '2025-09-16 10:49:35', '2025-09-16 10:49:35'),
(161, 11, 'How many years of experience do you have?', NULL, 'number', 0, NULL, 8, 1.00, NULL, '2025-09-16 10:49:35', '2025-09-16 10:49:35'),
(160, 11, 'When did you start programming?', NULL, 'date', 0, NULL, 7, 1.00, NULL, '2025-09-16 10:49:35', '2025-09-16 10:49:35'),
(159, 11, 'Rate your programming experience', NULL, 'rating', 0, NULL, 6, 1.00, NULL, '2025-09-16 10:49:35', '2025-09-16 10:49:35'),
(158, 11, 'Select your country', NULL, 'dropdown', 0, NULL, 5, 1.00, NULL, '2025-09-16 10:49:35', '2025-09-16 10:49:35'),
(156, 11, 'What is your age group?', NULL, 'checkbox', 0, NULL, 3, 1.00, NULL, '2025-09-16 10:49:35', '2025-09-16 10:49:35'),
(157, 11, 'Which programming languages do you know?', NULL, 'checkbox', 0, NULL, 4, 1.00, NULL, '2025-09-16 10:49:35', '2025-09-16 10:49:35'),
(154, 11, 'What is your email address?', NULL, 'short', 0, NULL, 1, 1.00, NULL, '2025-09-16 10:49:35', '2025-09-16 10:49:35'),
(155, 11, 'Tell us about yourself', NULL, 'long', 0, NULL, 2, 1.00, NULL, '2025-09-16 10:49:35', '2025-09-16 10:49:35'),
(153, 11, 'What is your full name?', NULL, 'short', 0, NULL, 0, 1.00, NULL, '2025-09-16 10:49:35', '2025-09-16 10:49:35'),
(185, 12, 'How many years of experience do you have?', NULL, 'number', 0, NULL, 8, 1.00, NULL, '2025-09-16 10:57:38', '2025-09-16 10:57:38'),
(184, 12, 'When did you start programming?', NULL, 'date', 0, NULL, 7, 1.00, NULL, '2025-09-16 10:57:38', '2025-09-16 10:57:38'),
(183, 12, 'Rate your programming experience', NULL, 'rating', 0, NULL, 6, 1.00, NULL, '2025-09-16 10:57:38', '2025-09-16 10:57:38'),
(182, 12, 'Select your country', NULL, 'dropdown', 0, NULL, 5, 1.00, NULL, '2025-09-16 10:57:38', '2025-09-16 10:57:38'),
(181, 12, 'Which programming languages do you know?', NULL, 'checkbox', 0, NULL, 4, 1.00, NULL, '2025-09-16 10:57:38', '2025-09-16 10:57:38'),
(180, 12, 'What is your age group?', NULL, 'radio', 0, NULL, 3, 1.00, NULL, '2025-09-16 10:57:38', '2025-09-16 10:57:38'),
(179, 12, 'Tell us about yourself', NULL, 'long', 0, NULL, 2, 1.00, NULL, '2025-09-16 10:57:38', '2025-09-16 10:57:38'),
(178, 12, 'What is your email address?', NULL, 'short', 0, NULL, 1, 1.00, NULL, '2025-09-16 10:57:38', '2025-09-16 10:57:38'),
(177, 12, 'What is your full name?', NULL, 'short', 0, NULL, 0, 1.00, NULL, '2025-09-16 10:57:38', '2025-09-16 10:57:38'),
(187, 12, 'Which frameworks have you used?', NULL, 'checkbox', 0, NULL, 10, 1.00, NULL, '2025-09-16 10:57:38', '2025-09-16 10:57:38'),
(188, 12, 'Describe your biggest project', NULL, 'long', 0, NULL, 11, 1.00, NULL, '2025-09-16 10:57:38', '2025-09-16 10:57:38'),
(210, 13, 'What is your preferred IDE?', NULL, 'radio', 0, NULL, 9, 1.00, NULL, '2025-09-16 11:29:28', '2025-09-16 11:29:28'),
(209, 13, 'How many years of experience do you have?', NULL, 'number', 0, NULL, 8, 1.00, NULL, '2025-09-16 11:29:28', '2025-09-16 11:29:28'),
(208, 13, 'When did you start programming?', NULL, 'date', 0, NULL, 7, 1.00, NULL, '2025-09-16 11:29:28', '2025-09-16 11:29:28'),
(207, 13, 'Rate your programming experience', NULL, 'rating', 0, NULL, 6, 1.00, NULL, '2025-09-16 11:29:28', '2025-09-16 11:29:28'),
(206, 13, 'Select your country', NULL, 'dropdown', 0, NULL, 5, 1.00, NULL, '2025-09-16 11:29:28', '2025-09-16 11:29:28'),
(205, 13, 'Which programming languages do you know?', NULL, 'checkbox', 0, NULL, 4, 1.00, NULL, '2025-09-16 11:29:28', '2025-09-16 11:29:28'),
(204, 13, 'What is your age group?', NULL, 'checkbox', 0, NULL, 3, 1.00, NULL, '2025-09-16 11:29:28', '2025-09-16 11:29:28'),
(203, 13, 'Tell us about yourself', NULL, 'number', 0, NULL, 2, 1.00, NULL, '2025-09-16 11:29:28', '2025-09-16 11:29:28'),
(202, 13, 'What is your email address?', NULL, 'short', 0, NULL, 1, 1.00, NULL, '2025-09-16 11:29:28', '2025-09-16 11:29:28'),
(201, 13, 'What is your full name?', NULL, 'short', 1, NULL, 0, 1.00, NULL, '2025-09-16 11:29:28', '2025-09-16 11:29:28'),
(211, 13, 'Which frameworks have you used?', NULL, 'checkbox', 0, NULL, 10, 1.00, NULL, '2025-09-16 11:29:28', '2025-09-16 11:29:28'),
(212, 13, 'Describe your biggest project', NULL, 'long', 0, NULL, 11, 1.00, NULL, '2025-09-16 11:29:28', '2025-09-16 11:29:28'),
(237, 14, 'Which frameworks have you used?', NULL, 'checkbox', 0, NULL, 10, 1.00, NULL, '2025-09-16 14:46:37', '2025-09-16 14:46:37'),
(236, 14, 'What is your preferred IDE?', NULL, 'radio', 0, NULL, 9, 1.00, NULL, '2025-09-16 14:46:37', '2025-09-16 14:46:37'),
(235, 14, 'How many years of experience do you have?', NULL, 'number', 0, NULL, 8, 1.00, NULL, '2025-09-16 14:46:37', '2025-09-16 14:46:37'),
(234, 14, 'When did you start programming?', NULL, 'date', 0, NULL, 7, 1.00, NULL, '2025-09-16 14:46:37', '2025-09-16 14:46:37'),
(233, 14, 'Rate your programming experience', NULL, 'rating', 0, NULL, 6, 1.00, NULL, '2025-09-16 14:46:37', '2025-09-16 14:46:37'),
(232, 14, 'Select your country', NULL, 'dropdown', 0, NULL, 5, 1.00, NULL, '2025-09-16 14:46:37', '2025-09-16 14:46:37'),
(231, 14, 'Which programming languages do you know?', NULL, 'checkbox', 0, NULL, 4, 1.00, NULL, '2025-09-16 14:46:37', '2025-09-16 14:46:37'),
(230, 14, 'What is your age group?', NULL, 'radio', 0, NULL, 3, 1.00, NULL, '2025-09-16 14:46:37', '2025-09-16 14:46:37'),
(229, 14, 'What is your email address?', NULL, 'short', 0, NULL, 2, 1.00, NULL, '2025-09-16 14:46:37', '2025-09-16 14:46:37'),
(228, 14, 'Tell us about yourself', NULL, 'short', 0, NULL, 1, 1.00, NULL, '2025-09-16 14:46:37', '2025-09-16 14:46:37'),
(227, 14, 'What is your full name?', NULL, 'short', 0, NULL, 0, 1.00, NULL, '2025-09-16 14:46:37', '2025-09-16 14:46:37'),
(238, 14, 'Describe your biggest project', NULL, 'long', 0, NULL, 11, 1.00, NULL, '2025-09-16 14:46:37', '2025-09-16 14:46:37'),
(239, 14, 'Short text question', NULL, 'short', 0, NULL, 12, 1.00, NULL, '2025-09-16 14:46:37', '2025-09-16 14:46:37'),
(240, 14, 'Short text question', NULL, 'short', 0, NULL, 13, 1.00, NULL, '2025-09-16 14:46:37', '2025-09-16 14:46:37'),
(262, 15, 'What is your preferred IDE?', NULL, 'radio', 0, NULL, 9, 1.00, NULL, '2025-09-17 02:52:02', '2025-09-17 02:52:02'),
(261, 15, 'How many years of experience do you have?', NULL, 'number', 0, NULL, 8, 1.00, NULL, '2025-09-17 02:52:02', '2025-09-17 02:52:02'),
(260, 15, 'When did you start programming?', NULL, 'date', 0, NULL, 7, 1.00, NULL, '2025-09-17 02:52:02', '2025-09-17 02:52:02'),
(259, 15, 'Rate your programming experience', NULL, 'rating', 0, NULL, 6, 1.00, NULL, '2025-09-17 02:52:02', '2025-09-17 02:52:02'),
(258, 15, 'Select your country', NULL, 'dropdown', 0, NULL, 5, 1.00, NULL, '2025-09-17 02:52:02', '2025-09-17 02:52:02'),
(257, 15, 'Which programming languages do you know?', NULL, 'checkbox', 0, NULL, 4, 1.00, NULL, '2025-09-17 02:52:02', '2025-09-17 02:52:02'),
(256, 15, 'What is your age group?', NULL, 'radio', 0, NULL, 3, 1.00, NULL, '2025-09-17 02:52:02', '2025-09-17 02:52:02'),
(255, 15, 'What is your email address?', NULL, 'short', 0, NULL, 2, 1.00, NULL, '2025-09-17 02:52:02', '2025-09-17 02:52:02'),
(254, 15, 'Tell us about yourself', NULL, 'long', 0, NULL, 1, 1.00, NULL, '2025-09-17 02:52:02', '2025-09-17 02:52:02'),
(253, 15, 'What is your full name?', NULL, 'short', 0, NULL, 0, 1.00, NULL, '2025-09-17 02:52:02', '2025-09-17 02:52:02'),
(263, 15, 'Which frameworks have you used?', NULL, 'checkbox', 0, NULL, 10, 1.00, NULL, '2025-09-17 02:52:02', '2025-09-17 02:52:02'),
(264, 15, 'Describe your biggest project', NULL, 'long', 0, NULL, 11, 1.00, NULL, '2025-09-17 02:52:02', '2025-09-17 02:52:02'),
(286, 16, 'What is your preferred IDE?', NULL, 'radio', 0, NULL, 9, 1.00, NULL, '2025-09-17 02:59:05', '2025-09-17 02:59:05'),
(285, 16, 'How many years of experience do you have?', NULL, 'number', 0, NULL, 8, 1.00, NULL, '2025-09-17 02:59:05', '2025-09-17 02:59:05'),
(284, 16, 'When did you start programming?', NULL, 'date', 0, NULL, 7, 1.00, NULL, '2025-09-17 02:59:05', '2025-09-17 02:59:05'),
(283, 16, 'Rate your programming experience', NULL, 'rating', 0, NULL, 6, 1.00, NULL, '2025-09-17 02:59:05', '2025-09-17 02:59:05'),
(282, 16, 'Select your country', NULL, 'dropdown', 0, NULL, 5, 1.00, NULL, '2025-09-17 02:59:05', '2025-09-17 02:59:05'),
(281, 16, 'Which programming languages do you know?', NULL, 'checkbox', 0, NULL, 4, 1.00, NULL, '2025-09-17 02:59:05', '2025-09-17 02:59:05'),
(280, 16, 'What is your age group?', NULL, 'radio', 0, NULL, 3, 1.00, NULL, '2025-09-17 02:59:05', '2025-09-17 02:59:05'),
(279, 16, 'Tell us about yourself', NULL, 'long', 0, NULL, 2, 1.00, NULL, '2025-09-17 02:59:05', '2025-09-17 02:59:05'),
(278, 16, 'What is your email address?', NULL, 'short', 0, NULL, 1, 1.00, NULL, '2025-09-17 02:59:05', '2025-09-17 02:59:05'),
(277, 16, 'What is your full name?', NULL, 'long', 0, NULL, 0, 1.00, NULL, '2025-09-17 02:59:05', '2025-09-17 02:59:05'),
(287, 16, 'Which frameworks have you used?', NULL, 'checkbox', 0, NULL, 10, 1.00, NULL, '2025-09-17 02:59:05', '2025-09-17 02:59:05'),
(288, 16, 'Describe your biggest project', NULL, 'long', 0, NULL, 11, 1.00, NULL, '2025-09-17 02:59:05', '2025-09-17 02:59:05'),
(310, 17, 'What is your preferred IDE?', NULL, 'radio', 0, NULL, 9, 1.00, NULL, '2025-09-17 03:06:01', '2025-09-17 03:06:01'),
(309, 17, 'How many years of experience do you have?', NULL, 'number', 0, NULL, 8, 1.00, NULL, '2025-09-17 03:06:01', '2025-09-17 03:06:01'),
(308, 17, 'When did you start programming?', NULL, 'date', 0, NULL, 7, 1.00, NULL, '2025-09-17 03:06:01', '2025-09-17 03:06:01'),
(307, 17, 'Rate your programming experience', NULL, 'rating', 0, NULL, 6, 1.00, NULL, '2025-09-17 03:06:01', '2025-09-17 03:06:01'),
(306, 17, 'Select your country', NULL, 'dropdown', 0, NULL, 5, 1.00, NULL, '2025-09-17 03:06:01', '2025-09-17 03:06:01'),
(305, 17, 'Which programming languages do you know?', NULL, 'checkbox', 0, NULL, 4, 1.00, NULL, '2025-09-17 03:06:01', '2025-09-17 03:06:01'),
(304, 17, 'What is your age group?', NULL, 'checkbox', 0, NULL, 3, 1.00, NULL, '2025-09-17 03:06:01', '2025-09-17 03:06:01'),
(303, 17, 'Tell us about yourself', NULL, 'long', 0, NULL, 2, 1.00, NULL, '2025-09-17 03:06:01', '2025-09-17 03:06:01'),
(302, 17, 'What is your email address?', NULL, 'short', 0, NULL, 1, 1.00, NULL, '2025-09-17 03:06:01', '2025-09-17 03:06:01'),
(301, 17, 'What is your full name?', NULL, 'checkbox', 0, NULL, 0, 1.00, NULL, '2025-09-17 03:06:01', '2025-09-17 03:06:01'),
(311, 17, 'Which frameworks have you used?', NULL, 'checkbox', 0, NULL, 10, 1.00, NULL, '2025-09-17 03:06:01', '2025-09-17 03:06:01'),
(312, 17, 'Describe your biggest project', NULL, 'long', 0, NULL, 11, 1.00, NULL, '2025-09-17 03:06:01', '2025-09-17 03:06:01'),
(334, 18, 'What is your preferred IDE?', NULL, 'radio', 0, NULL, 9, 1.00, NULL, '2025-09-17 03:16:46', '2025-09-17 03:16:46'),
(333, 18, 'How many years of experience do you have?', NULL, 'number', 0, NULL, 8, 1.00, NULL, '2025-09-17 03:16:46', '2025-09-17 03:16:46'),
(332, 18, 'When did you start programming?', NULL, 'date', 0, NULL, 7, 1.00, NULL, '2025-09-17 03:16:46', '2025-09-17 03:16:46'),
(331, 18, 'Rate your programming experience', NULL, 'rating', 0, NULL, 6, 1.00, NULL, '2025-09-17 03:16:46', '2025-09-17 03:16:46'),
(330, 18, 'Select your country', NULL, 'dropdown', 0, NULL, 5, 1.00, NULL, '2025-09-17 03:16:46', '2025-09-17 03:16:46'),
(329, 18, 'Which programming languages do you know?', NULL, 'checkbox', 0, NULL, 4, 1.00, NULL, '2025-09-17 03:16:46', '2025-09-17 03:16:46'),
(328, 18, 'What is your age group?', NULL, 'radio', 0, NULL, 3, 1.00, NULL, '2025-09-17 03:16:46', '2025-09-17 03:16:46'),
(327, 18, 'Tell us about yourself', NULL, 'long', 0, NULL, 2, 1.00, NULL, '2025-09-17 03:16:46', '2025-09-17 03:16:46'),
(326, 18, 'What is your email address?', NULL, 'short', 0, NULL, 1, 1.00, NULL, '2025-09-17 03:16:46', '2025-09-17 03:16:46'),
(325, 18, 'What is your full name?', NULL, 'rating', 1, NULL, 0, 1.00, NULL, '2025-09-17 03:16:46', '2025-09-17 03:16:46'),
(335, 18, 'Which frameworks have you used?', NULL, 'checkbox', 0, NULL, 10, 1.00, NULL, '2025-09-17 03:16:46', '2025-09-17 03:16:46'),
(336, 18, 'Describe your biggest project', NULL, 'long', 0, NULL, 11, 1.00, NULL, '2025-09-17 03:16:46', '2025-09-17 03:16:46'),
(340, 19, 'Long text question', NULL, 'long', 0, 1, 1, NULL, NULL, '2025-09-17 03:19:20', '2025-09-17 03:19:20'),
(339, 19, 'Short text question', NULL, 'short', 0, 1, 0, NULL, NULL, '2025-09-17 03:19:20', '2025-09-17 03:19:20'),
(362, 20, 'What is your preferred IDE?', NULL, 'radio', 0, 1, 9, NULL, NULL, '2025-09-17 03:20:28', '2025-09-17 03:20:28'),
(361, 20, 'How many years of experience do you have?', NULL, 'number', 0, 1, 8, NULL, NULL, '2025-09-17 03:20:28', '2025-09-17 03:20:28'),
(360, 20, 'When did you start programming?', NULL, 'date', 0, 1, 7, NULL, NULL, '2025-09-17 03:20:28', '2025-09-17 03:20:28'),
(359, 20, 'Rate your programming experience', NULL, 'rating', 0, 1, 6, NULL, NULL, '2025-09-17 03:20:28', '2025-09-17 03:20:28'),
(358, 20, 'Select your country', NULL, 'dropdown', 0, 1, 5, NULL, NULL, '2025-09-17 03:20:28', '2025-09-17 03:20:28'),
(357, 20, 'Which programming languages do you know?', NULL, 'checkbox', 0, 1, 4, NULL, NULL, '2025-09-17 03:20:28', '2025-09-17 03:20:28'),
(356, 20, 'What is your age group?', NULL, 'radio', 0, 1, 3, NULL, NULL, '2025-09-17 03:20:28', '2025-09-17 03:20:28'),
(355, 20, 'Tell us about yourself', NULL, 'long', 0, 1, 2, NULL, NULL, '2025-09-17 03:20:28', '2025-09-17 03:20:28'),
(354, 20, 'What is your email address?', NULL, 'short', 0, 1, 1, NULL, NULL, '2025-09-17 03:20:28', '2025-09-17 03:20:28'),
(353, 20, 'What is your full name?', NULL, 'short', 0, 1, 0, NULL, NULL, '2025-09-17 03:20:27', '2025-09-17 03:20:27'),
(363, 20, 'Which frameworks have you used?', NULL, 'checkbox', 0, 1, 10, NULL, NULL, '2025-09-17 03:20:28', '2025-09-17 03:20:28'),
(364, 20, 'Describe your biggest project', NULL, 'long', 0, 1, 11, NULL, NULL, '2025-09-17 03:20:28', '2025-09-17 03:20:28'),
(556, 21, 'Describe your biggest project', NULL, 'long', 0, NULL, 11, 1.00, NULL, '2025-09-19 04:22:25', '2025-09-19 04:22:25'),
(555, 21, 'Which frameworks have you used?', NULL, 'checkbox', 0, NULL, 10, 1.00, NULL, '2025-09-19 04:22:25', '2025-09-19 04:22:25'),
(554, 21, 'What is your preferred IDE?', NULL, 'radio', 0, NULL, 9, 1.00, NULL, '2025-09-19 04:22:25', '2025-09-19 04:22:25'),
(553, 21, 'How many years of experience do you have?', NULL, 'number', 0, NULL, 8, 1.00, NULL, '2025-09-19 04:22:25', '2025-09-19 04:22:25'),
(552, 21, 'When did you start programming?', NULL, 'date', 0, NULL, 7, 1.00, NULL, '2025-09-19 04:22:25', '2025-09-19 04:22:25'),
(551, 21, 'Rate your programming experience', NULL, 'rating', 0, NULL, 6, 1.00, NULL, '2025-09-19 04:22:25', '2025-09-19 04:22:25'),
(550, 21, 'Select your country', NULL, 'dropdown', 0, NULL, 5, 1.00, NULL, '2025-09-19 04:22:25', '2025-09-19 04:22:25'),
(549, 21, 'Which programming languages do you know?', NULL, 'checkbox', 0, NULL, 4, 1.00, NULL, '2025-09-19 04:22:25', '2025-09-19 04:22:25'),
(548, 21, 'What is your age group?', NULL, 'radio', 0, NULL, 3, 1.00, NULL, '2025-09-19 04:22:25', '2025-09-19 04:22:25'),
(545, 21, 'What is your full name?', NULL, 'short', 0, NULL, 0, 1.00, NULL, '2025-09-19 04:22:25', '2025-09-19 04:22:25'),
(546, 21, 'What is your email address?', NULL, 'short', 0, NULL, 1, 1.00, NULL, '2025-09-19 04:22:25', '2025-09-19 04:22:25'),
(547, 21, 'Tell us about yourself', NULL, 'long', 0, NULL, 2, 1.00, NULL, '2025-09-19 04:22:25', '2025-09-19 04:22:25'),
(410, 22, 'What is your preferred IDE?', NULL, 'radio', 0, NULL, 9, 1.00, NULL, '2025-09-18 09:55:09', '2025-09-18 09:55:09'),
(409, 22, 'How many years of experience do you have?', NULL, 'number', 0, NULL, 8, 1.00, NULL, '2025-09-18 09:55:09', '2025-09-18 09:55:09'),
(408, 22, 'When did you start programming?', NULL, 'date', 0, NULL, 7, 1.00, NULL, '2025-09-18 09:55:09', '2025-09-18 09:55:09'),
(407, 22, 'Rate your programming experience', NULL, 'rating', 0, NULL, 6, 1.00, NULL, '2025-09-18 09:55:09', '2025-09-18 09:55:09'),
(406, 22, 'Select your country', NULL, 'dropdown', 0, NULL, 5, 1.00, NULL, '2025-09-18 09:55:09', '2025-09-18 09:55:09'),
(405, 22, 'Which programming languages do you know?', NULL, 'checkbox', 0, NULL, 4, 1.00, NULL, '2025-09-18 09:55:09', '2025-09-18 09:55:09'),
(404, 22, 'What is your age group?', NULL, 'radio', 0, NULL, 3, 1.00, NULL, '2025-09-18 09:55:09', '2025-09-18 09:55:09'),
(403, 22, 'Tell us about yourself', NULL, 'long', 0, NULL, 2, 1.00, NULL, '2025-09-18 09:55:09', '2025-09-18 09:55:09'),
(402, 22, 'What is your email address?', NULL, 'short', 0, NULL, 1, 1.00, NULL, '2025-09-18 09:55:09', '2025-09-18 09:55:09'),
(401, 22, 'What is your full name?', NULL, 'short', 0, NULL, 0, 1.00, NULL, '2025-09-18 09:55:09', '2025-09-18 09:55:09'),
(411, 22, 'Which frameworks have you used?', NULL, 'checkbox', 0, NULL, 10, 1.00, NULL, '2025-09-18 09:55:09', '2025-09-18 09:55:09'),
(412, 22, 'Describe your biggest project', NULL, 'long', 0, NULL, 11, 1.00, NULL, '2025-09-18 09:55:09', '2025-09-18 09:55:09'),
(434, 23, 'What is your preferred IDE?', NULL, 'radio', 0, NULL, 9, 1.00, NULL, '2025-09-18 10:41:57', '2025-09-18 10:41:57'),
(433, 23, 'How many years of experience do you have?', NULL, 'number', 0, NULL, 8, 1.00, NULL, '2025-09-18 10:41:57', '2025-09-18 10:41:57'),
(432, 23, 'When did you start programming?', NULL, 'date', 0, NULL, 7, 1.00, NULL, '2025-09-18 10:41:57', '2025-09-18 10:41:57'),
(431, 23, 'Rate your programming experience', NULL, 'rating', 0, NULL, 6, 1.00, NULL, '2025-09-18 10:41:57', '2025-09-18 10:41:57'),
(430, 23, 'Select your country', NULL, 'dropdown', 0, NULL, 5, 1.00, NULL, '2025-09-18 10:41:57', '2025-09-18 10:41:57'),
(429, 23, 'Which programming languages do you know?', NULL, 'checkbox', 0, NULL, 4, 1.00, NULL, '2025-09-18 10:41:57', '2025-09-18 10:41:57'),
(428, 23, 'What is your age group?', NULL, 'radio', 0, NULL, 3, 1.00, NULL, '2025-09-18 10:41:57', '2025-09-18 10:41:57'),
(427, 23, 'Tell us about yourself', NULL, 'long', 0, NULL, 2, 1.00, NULL, '2025-09-18 10:41:57', '2025-09-18 10:41:57'),
(426, 23, 'What is your email address?', NULL, 'short', 0, NULL, 1, 1.00, NULL, '2025-09-18 10:41:57', '2025-09-18 10:41:57'),
(425, 23, 'What is your full name?', NULL, 'short', 0, NULL, 0, 1.00, NULL, '2025-09-18 10:41:57', '2025-09-18 10:41:57'),
(435, 23, 'Which frameworks have you used?', NULL, 'checkbox', 0, NULL, 10, 1.00, NULL, '2025-09-18 10:41:57', '2025-09-18 10:41:57'),
(436, 23, 'Describe your biggest project', NULL, 'long', 0, NULL, 11, 1.00, NULL, '2025-09-18 10:41:57', '2025-09-18 10:41:57'),
(458, 24, 'What is your preferred IDE?', NULL, 'radio', 0, NULL, 9, 1.00, NULL, '2025-09-18 10:42:45', '2025-09-18 10:42:45'),
(457, 24, 'How many years of experience do you have?', NULL, 'number', 0, NULL, 8, 1.00, NULL, '2025-09-18 10:42:45', '2025-09-18 10:42:45'),
(456, 24, 'When did you start programming?', NULL, 'date', 0, NULL, 7, 1.00, NULL, '2025-09-18 10:42:45', '2025-09-18 10:42:45'),
(455, 24, 'Rate your programming experience', NULL, 'rating', 0, NULL, 6, 1.00, NULL, '2025-09-18 10:42:45', '2025-09-18 10:42:45'),
(454, 24, 'Select your country', NULL, 'dropdown', 0, NULL, 5, 1.00, NULL, '2025-09-18 10:42:45', '2025-09-18 10:42:45'),
(453, 24, 'Which programming languages do you know?', NULL, 'checkbox', 0, NULL, 4, 1.00, NULL, '2025-09-18 10:42:45', '2025-09-18 10:42:45'),
(452, 24, 'What is your age group?', NULL, 'radio', 0, NULL, 3, 1.00, NULL, '2025-09-18 10:42:45', '2025-09-18 10:42:45'),
(451, 24, 'Tell us about yourself', NULL, 'long', 0, NULL, 2, 1.00, NULL, '2025-09-18 10:42:45', '2025-09-18 10:42:45'),
(450, 24, 'What is your email address?', NULL, 'short', 0, NULL, 1, 1.00, NULL, '2025-09-18 10:42:45', '2025-09-18 10:42:45'),
(449, 24, 'What is your full name?', NULL, 'short', 0, NULL, 0, 1.00, NULL, '2025-09-18 10:42:45', '2025-09-18 10:42:45'),
(459, 24, 'Which frameworks have you used?', NULL, 'checkbox', 0, NULL, 10, 1.00, NULL, '2025-09-18 10:42:45', '2025-09-18 10:42:45'),
(460, 24, 'Describe your biggest project', NULL, 'long', 0, NULL, 11, 1.00, NULL, '2025-09-18 10:42:45', '2025-09-18 10:42:45'),
(482, 25, 'What is your preferred IDE?', NULL, 'radio', 0, NULL, 9, 1.00, NULL, '2025-09-18 11:32:00', '2025-09-18 11:32:00'),
(481, 25, 'How many years of experience do you have?', NULL, 'number', 0, NULL, 8, 1.00, NULL, '2025-09-18 11:32:00', '2025-09-18 11:32:00'),
(480, 25, 'When did you start programming?', NULL, 'date', 0, NULL, 7, 1.00, NULL, '2025-09-18 11:32:00', '2025-09-18 11:32:00'),
(479, 25, 'Rate your programming experience', NULL, 'rating', 0, NULL, 6, 1.00, NULL, '2025-09-18 11:32:00', '2025-09-18 11:32:00'),
(478, 25, 'Select your country', NULL, 'dropdown', 0, NULL, 5, 1.00, NULL, '2025-09-18 11:32:00', '2025-09-18 11:32:00'),
(477, 25, 'Which programming languages do you know?', NULL, 'checkbox', 0, NULL, 4, 1.00, NULL, '2025-09-18 11:32:00', '2025-09-18 11:32:00'),
(476, 25, 'What is your age group?', NULL, 'radio', 0, NULL, 3, 1.00, NULL, '2025-09-18 11:32:00', '2025-09-18 11:32:00'),
(475, 25, 'Tell us about yourself', NULL, 'long', 0, NULL, 2, 1.00, NULL, '2025-09-18 11:32:00', '2025-09-18 11:32:00'),
(474, 25, 'What is your email address?', NULL, 'short', 0, NULL, 1, 1.00, NULL, '2025-09-18 11:32:00', '2025-09-18 11:32:00'),
(473, 25, 'What is your full name?', NULL, 'short', 0, NULL, 0, 1.00, NULL, '2025-09-18 11:32:00', '2025-09-18 11:32:00'),
(483, 25, 'Which frameworks have you used?', NULL, 'checkbox', 0, NULL, 10, 1.00, NULL, '2025-09-18 11:32:00', '2025-09-18 11:32:00'),
(484, 25, 'Describe your biggest project', NULL, 'long', 0, NULL, 11, 1.00, NULL, '2025-09-18 11:32:00', '2025-09-18 11:32:00'),
(506, 26, 'What is your preferred IDE?', NULL, 'radio', 0, NULL, 9, 1.00, NULL, '2025-09-18 19:17:34', '2025-09-18 19:17:34'),
(505, 26, 'How many years of experience do you have?', NULL, 'number', 0, NULL, 8, 1.00, NULL, '2025-09-18 19:17:34', '2025-09-18 19:17:34'),
(504, 26, 'When did you start programming?', NULL, 'date', 0, NULL, 7, 1.00, NULL, '2025-09-18 19:17:34', '2025-09-18 19:17:34'),
(503, 26, 'Rate your programming experience', NULL, 'rating', 0, NULL, 6, 1.00, NULL, '2025-09-18 19:17:34', '2025-09-18 19:17:34'),
(502, 26, 'Select your country', NULL, 'dropdown', 0, NULL, 5, 1.00, NULL, '2025-09-18 19:17:34', '2025-09-18 19:17:34'),
(501, 26, 'Which programming languages do you know?', NULL, 'checkbox', 0, NULL, 4, 1.00, NULL, '2025-09-18 19:17:34', '2025-09-18 19:17:34'),
(500, 26, 'What is your age group?', NULL, 'radio', 0, NULL, 3, 1.00, NULL, '2025-09-18 19:17:34', '2025-09-18 19:17:34'),
(499, 26, 'Tell us about yourself', NULL, 'long', 0, NULL, 2, 1.00, NULL, '2025-09-18 19:17:34', '2025-09-18 19:17:34'),
(498, 26, 'What is your email address?', NULL, 'short', 0, NULL, 1, 1.00, NULL, '2025-09-18 19:17:34', '2025-09-18 19:17:34'),
(497, 26, 'What is your full name?', NULL, 'short', 0, NULL, 0, 1.00, NULL, '2025-09-18 19:17:34', '2025-09-18 19:17:34'),
(507, 26, 'Which frameworks have you used?', NULL, 'checkbox', 0, NULL, 10, 1.00, NULL, '2025-09-18 19:17:34', '2025-09-18 19:17:34'),
(508, 26, 'Describe your biggest project', NULL, 'long', 0, NULL, 11, 1.00, NULL, '2025-09-18 19:17:34', '2025-09-18 19:17:34'),
(530, 27, 'What is your preferred IDE?', NULL, 'radio', 0, NULL, 9, 1.00, NULL, '2025-09-19 03:43:17', '2025-09-19 03:43:17'),
(529, 27, 'How many years of experience do you have?', NULL, 'number', 0, NULL, 8, 1.00, NULL, '2025-09-19 03:43:17', '2025-09-19 03:43:17'),
(528, 27, 'When did you start programming?', NULL, 'date', 0, NULL, 7, 1.00, NULL, '2025-09-19 03:43:17', '2025-09-19 03:43:17'),
(527, 27, 'Rate your programming experience', NULL, 'rating', 0, NULL, 6, 1.00, NULL, '2025-09-19 03:43:17', '2025-09-19 03:43:17'),
(526, 27, 'Select your country', NULL, 'dropdown', 0, NULL, 5, 1.00, NULL, '2025-09-19 03:43:17', '2025-09-19 03:43:17'),
(525, 27, 'Which programming languages do you know?', NULL, 'checkbox', 0, NULL, 4, 1.00, NULL, '2025-09-19 03:43:17', '2025-09-19 03:43:17'),
(524, 27, 'What is your age group?', NULL, 'radio', 0, NULL, 3, 1.00, NULL, '2025-09-19 03:43:17', '2025-09-19 03:43:17'),
(523, 27, 'Tell us about yourself', NULL, 'long', 0, NULL, 2, 1.00, NULL, '2025-09-19 03:43:17', '2025-09-19 03:43:17'),
(522, 27, 'What is your email address?', NULL, 'short', 0, NULL, 1, 1.00, NULL, '2025-09-19 03:43:17', '2025-09-19 03:43:17'),
(521, 27, 'What is your full name?', NULL, 'short', 0, NULL, 0, 1.00, NULL, '2025-09-19 03:43:17', '2025-09-19 03:43:17'),
(531, 27, 'Which frameworks have you used?', NULL, 'checkbox', 0, NULL, 10, 1.00, NULL, '2025-09-19 03:43:17', '2025-09-19 03:43:17'),
(532, 27, 'Describe your biggest project', NULL, 'long', 0, NULL, 11, 1.00, NULL, '2025-09-19 03:43:17', '2025-09-19 03:43:17');

-- --------------------------------------------------------

--
-- Table structure for table `respondents`
--

DROP TABLE IF EXISTS `respondents`;
CREATE TABLE IF NOT EXISTS `respondents` (
  `id` bigint UNSIGNED NOT NULL AUTO_INCREMENT,
  `name` varchar(191) COLLATE utf8mb4_unicode_ci DEFAULT NULL,
  `email` varchar(191) COLLATE utf8mb4_unicode_ci DEFAULT NULL,
  `gender` enum('male','female','other') COLLATE utf8mb4_unicode_ci DEFAULT NULL,
  `age` smallint UNSIGNED DEFAULT NULL,
  `education` varchar(191) COLLATE utf8mb4_unicode_ci DEFAULT NULL,
  `location` varchar(191) COLLATE utf8mb4_unicode_ci DEFAULT NULL,
  `created_at` timestamp NULL DEFAULT NULL,
  `updated_at` timestamp NULL DEFAULT NULL,
  PRIMARY KEY (`id`)
) ENGINE=MyISAM AUTO_INCREMENT=18 DEFAULT CHARSET=utf8mb4 COLLATE=utf8mb4_unicode_ci;

--
-- Dumping data for table `respondents`
--

INSERT INTO `respondents` (`id`, `name`, `email`, `gender`, `age`, `education`, `location`, `created_at`, `updated_at`) VALUES
(1, 'Atef Akl88', 'atefakl80@gmail.com', NULL, NULL, NULL, NULL, '2025-09-14 16:40:07', '2025-09-14 16:40:07'),
(2, 'Atef Akl88', 'atefakl80@gmail.com', NULL, NULL, NULL, NULL, '2025-09-14 17:15:58', '2025-09-14 17:15:58'),
(3, 'Atef Akl880000', 'atefakl80@gmail.com', NULL, NULL, NULL, NULL, '2025-09-14 17:18:03', '2025-09-14 17:18:03'),
(4, 'Anonymous User', 'anonymous@survey.com', NULL, NULL, NULL, NULL, '2025-09-16 11:11:41', '2025-09-16 11:11:41'),
(5, 'Anonymous User', 'anonymous@survey.com', NULL, NULL, NULL, NULL, '2025-09-16 11:30:42', '2025-09-16 11:30:42'),
(6, 'Anonymous User', 'anonymous@survey.com', NULL, NULL, NULL, NULL, '2025-09-16 14:47:46', '2025-09-16 14:47:46'),
(7, 'Anonymous User', 'anonymous@survey.com', NULL, NULL, NULL, NULL, '2025-09-17 02:52:42', '2025-09-17 02:52:42'),
(8, 'Anonymous User', 'anonymous@survey.com', NULL, NULL, NULL, NULL, '2025-09-17 03:04:42', '2025-09-17 03:04:42'),
(9, 'Anonymous User', 'anonymous@survey.com', NULL, NULL, NULL, NULL, '2025-09-17 03:14:14', '2025-09-17 03:14:14'),
(10, 'Anonymous User', 'anonymous@survey.com', NULL, NULL, NULL, NULL, '2025-09-17 03:17:54', '2025-09-17 03:17:54'),
(11, 'Anonymous User', 'anonymous@survey.com', NULL, NULL, NULL, NULL, '2025-09-17 03:19:41', '2025-09-17 03:19:41'),
(12, 'Anonymous User', 'anonymous@survey.com', NULL, NULL, NULL, NULL, '2025-09-17 03:21:06', '2025-09-17 03:21:06'),
(13, 'Anonymous User', 'anonymous@survey.com', NULL, NULL, NULL, NULL, '2025-09-18 10:51:46', '2025-09-18 10:51:46'),
(14, 'Anonymous User', 'anonymous@survey.com', NULL, NULL, NULL, NULL, '2025-09-18 12:49:44', '2025-09-18 12:49:44'),
(15, 'Anonymous User', 'anonymous@survey.com', NULL, NULL, NULL, NULL, '2025-09-18 12:51:08', '2025-09-18 12:51:08'),
(16, 'Anonymous User', 'anonymous@survey.com', NULL, NULL, NULL, NULL, '2025-09-18 12:55:25', '2025-09-18 12:55:25'),
(17, 'Anonymous User', 'anonymous@survey.com', NULL, NULL, NULL, NULL, '2025-09-18 12:56:42', '2025-09-18 12:56:42');

-- --------------------------------------------------------

--
-- Table structure for table `responses`
--

DROP TABLE IF EXISTS `responses`;
CREATE TABLE IF NOT EXISTS `responses` (
  `id` bigint UNSIGNED NOT NULL AUTO_INCREMENT,
  `survey_id` bigint UNSIGNED NOT NULL,
  `respondent_id` bigint UNSIGNED DEFAULT NULL,
  `score` double(8,2) DEFAULT NULL,
  `created_at` timestamp NULL DEFAULT NULL,
  `updated_at` timestamp NULL DEFAULT NULL,
  PRIMARY KEY (`id`),
  KEY `responses_survey_id_foreign` (`survey_id`),
  KEY `responses_respondent_id_foreign` (`respondent_id`)
) ENGINE=MyISAM AUTO_INCREMENT=18 DEFAULT CHARSET=utf8mb4 COLLATE=utf8mb4_unicode_ci;

--
-- Dumping data for table `responses`
--

INSERT INTO `responses` (`id`, `survey_id`, `respondent_id`, `score`, `created_at`, `updated_at`) VALUES
(1, 4, 1, 2.00, '2025-09-14 16:40:07', '2025-09-14 16:40:07'),
(2, 4, 2, 2.00, '2025-09-14 17:15:58', '2025-09-14 17:15:58'),
(3, 5, 3, 2.00, '2025-09-14 17:18:03', '2025-09-14 17:18:03'),
(4, 12, 4, 15.00, '2025-09-16 11:11:41', '2025-09-16 11:11:42'),
(5, 13, 5, 15.00, '2025-09-16 11:30:42', '2025-09-16 11:30:42'),
(6, 14, 6, 5.00, '2025-09-16 14:47:46', '2025-09-16 14:47:46'),
(7, 15, 7, 2.00, '2025-09-17 02:52:42', '2025-09-17 02:52:42'),
(8, 15, 8, 17.00, '2025-09-17 03:04:42', '2025-09-17 03:04:42'),
(9, 17, 9, 16.00, '2025-09-17 03:14:14', '2025-09-17 03:14:14'),
(10, 18, 10, 21.00, '2025-09-17 03:17:54', '2025-09-17 03:17:54'),
(11, 19, 11, 2.00, '2025-09-17 03:19:41', '2025-09-17 03:19:41'),
(12, 20, 12, 5.00, '2025-09-17 03:21:06', '2025-09-17 03:21:06'),
(13, 8, 13, 3.00, '2025-09-18 10:51:46', '2025-09-18 10:51:46'),
(14, 21, 14, 13.00, '2025-09-18 12:49:44', '2025-09-18 12:49:44'),
(15, 21, 15, 16.00, '2025-09-18 12:51:08', '2025-09-18 12:51:08'),
(16, 21, 16, 13.00, '2025-09-18 12:55:25', '2025-09-18 12:55:25'),
(17, 21, 17, 17.00, '2025-09-18 12:56:42', '2025-09-18 12:56:42');

-- --------------------------------------------------------

--
-- Table structure for table `surveys`
--

DROP TABLE IF EXISTS `surveys`;
CREATE TABLE IF NOT EXISTS `surveys` (
  `id` bigint UNSIGNED NOT NULL AUTO_INCREMENT,
  `survey_number` int NOT NULL,
  `title` varchar(191) COLLATE utf8mb4_unicode_ci NOT NULL,
  `description` text COLLATE utf8mb4_unicode_ci,
  `type` enum('survey','quiz') COLLATE utf8mb4_unicode_ci NOT NULL DEFAULT 'survey',
  `is_published` tinyint(1) NOT NULL DEFAULT '0',
  `is_active` tinyint(1) NOT NULL DEFAULT '1',
  `metadata` json DEFAULT NULL,
  `created_at` timestamp NULL DEFAULT NULL,
  `updated_at` timestamp NULL DEFAULT NULL,
  PRIMARY KEY (`id`),
  UNIQUE KEY `surveys_title_unique` (`title`)
) ENGINE=MyISAM AUTO_INCREMENT=28 DEFAULT CHARSET=utf8mb4 COLLATE=utf8mb4_unicode_ci;

--
-- Dumping data for table `surveys`
--

INSERT INTO `surveys` (`id`, `survey_number`, `title`, `description`, `type`, `is_published`, `is_active`, `metadata`, `created_at`, `updated_at`) VALUES
(1, 1, 'استطلاع رضا العملاء', 'استطلاع لقياس مستوى رضا العملاء عن الخدمات المقدمة', 'survey', 1, 1, NULL, '2025-09-14 16:04:57', '2025-09-14 16:06:54'),
(2, 2, 'اختبار المعرفة العامة', 'اختبار لقياس المعرفة العامة في مختلف المجالات', 'quiz', 1, 1, NULL, '2025-09-14 16:04:57', '2025-09-14 17:16:45'),
(3, 3, 'استطلاع تقييم الموقع', 'استطلاع لتقييم سهولة استخدام الموقع الإلكتروني', 'survey', 1, 0, NULL, '2025-09-14 16:04:57', '2025-09-14 16:04:57'),
(4, 4, 'New Survey', 'Survey description', 'survey', 1, 1, NULL, '2025-09-14 16:39:40', '2025-09-14 16:39:47'),
(22, 22, 'New Survey97646', 'Survey description', 'survey', 0, 1, NULL, '2025-09-18 09:55:08', '2025-09-18 09:55:09'),
(21, 21, 'New Survey9944444', 'Survey description', 'survey', 1, 1, NULL, '2025-09-18 09:53:07', '2025-09-19 04:22:34'),
(8, 8, 'New Survey55', 'Survey description99', 'survey', 1, 1, NULL, '2025-09-16 10:13:52', '2025-09-18 07:36:19'),
(9, 9, 'New Survey99', 'Survey description99', 'survey', 1, 1, NULL, '2025-09-16 10:14:51', '2025-09-16 10:15:00'),
(10, 10, 'New Survey66', 'Survey description', 'survey', 1, 0, NULL, '2025-09-16 10:30:08', '2025-09-18 07:44:46'),
(11, 11, 'New Survey33', 'Survey description', 'survey', 1, 0, NULL, '2025-09-16 10:49:31', '2025-09-18 07:44:43'),
(12, 12, 'New Survey3', 'Survey description', 'survey', 1, 1, NULL, '2025-09-16 10:57:34', '2025-09-16 10:57:52'),
(13, 13, 'New Survey999999999999999999999999999999', 'Survey description', 'survey', 1, 1, NULL, '2025-09-16 11:29:25', '2025-09-16 11:29:43'),
(14, 14, 'New Survey88', 'Survey description', 'survey', 1, 1, NULL, '2025-09-16 14:46:27', '2025-09-16 14:46:54'),
(15, 15, 'New Surveyyoyo', 'Survey description', 'survey', 1, 1, NULL, '2025-09-17 02:51:58', '2025-09-17 02:52:14'),
(16, 16, 'New Survey898', 'Survey description', 'survey', 1, 1, NULL, '2025-09-17 02:59:00', '2025-09-18 03:07:54'),
(17, 17, 'New Survey343', 'Survey description', 'survey', 1, 1, NULL, '2025-09-17 03:05:57', '2025-09-17 03:06:22'),
(18, 18, 'New SurveyEEEE', 'Survey description', 'survey', 1, 1, NULL, '2025-09-17 03:16:41', '2025-09-17 03:16:52'),
(19, 19, 'GUIZ', 'Survey description', 'quiz', 1, 1, NULL, '2025-09-17 03:19:16', '2025-09-17 03:19:25'),
(20, 20, 'GUIZYYY', 'Survey description', 'quiz', 1, 1, NULL, '2025-09-17 03:20:24', '2025-09-17 03:20:32'),
(23, 23, 'New Surveyyyyyy', 'Survey description', 'survey', 0, 1, NULL, '2025-09-18 10:41:54', '2025-09-18 10:41:57'),
(24, 24, 'New Survey000', 'Survey description', 'survey', 0, 1, NULL, '2025-09-18 10:42:42', '2025-09-18 10:42:45'),
(25, 25, 'New Survey4434', 'Survey description', 'survey', 0, 1, NULL, '2025-09-18 11:31:54', '2025-09-18 11:32:00'),
(26, 26, 'New Survey09098', 'Survey description', 'survey', 0, 1, NULL, '2025-09-18 19:17:32', '2025-09-18 19:17:34'),
(27, 27, 'New Survey123', 'Survey description', 'survey', 1, 1, NULL, '2025-09-19 03:43:14', '2025-09-19 03:53:58');

-- --------------------------------------------------------

--
-- Table structure for table `users`
--

DROP TABLE IF EXISTS `users`;
CREATE TABLE IF NOT EXISTS `users` (
  `id` bigint UNSIGNED NOT NULL AUTO_INCREMENT,
  `name` varchar(191) COLLATE utf8mb4_unicode_ci NOT NULL,
  `email` varchar(191) COLLATE utf8mb4_unicode_ci NOT NULL,
  `email_verified_at` timestamp NULL DEFAULT NULL,
  `score` decimal(5,2) DEFAULT NULL,
  `account_type` varchar(191) COLLATE utf8mb4_unicode_ci NOT NULL DEFAULT 'student',
  `password` varchar(191) COLLATE utf8mb4_unicode_ci NOT NULL,
  `remember_token` varchar(100) COLLATE utf8mb4_unicode_ci DEFAULT NULL,
  `created_at` timestamp NULL DEFAULT NULL,
  `updated_at` timestamp NULL DEFAULT NULL,
  PRIMARY KEY (`id`),
  UNIQUE KEY `users_email_unique` (`email`)
) ENGINE=MyISAM DEFAULT CHARSET=utf8mb4 COLLATE=utf8mb4_unicode_ci;
COMMIT;

/*!40101 SET CHARACTER_SET_CLIENT=@OLD_CHARACTER_SET_CLIENT */;
/*!40101 SET CHARACTER_SET_RESULTS=@OLD_CHARACTER_SET_RESULTS */;
/*!40101 SET COLLATION_CONNECTION=@OLD_COLLATION_CONNECTION */;
