-- phpMyAdmin SQL Dump
-- version 5.2.1
-- https://www.phpmyadmin.net/
--
-- Host: 127.0.0.1:3306
-- Generation Time: Sep 11, 2025 at 11:01 AM
-- Server version: 9.1.0
-- PHP Version: 8.3.14

SET SQL_MODE = "NO_AUTO_VALUE_ON_ZERO";
START TRANSACTION;
SET time_zone = "+00:00";


/*!40101 SET @OLD_CHARACTER_SET_CLIENT=@@CHARACTER_SET_CLIENT */;
/*!40101 SET @OLD_CHARACTER_SET_RESULTS=@@CHARACTER_SET_RESULTS */;
/*!40101 SET @OLD_COLLATION_CONNECTION=@@COLLATION_CONNECTION */;
/*!40101 SET NAMES utf8mb4 */;

--
-- Database: `survey`
--

-- --------------------------------------------------------

--
-- Table structure for table `answers`
--

DROP TABLE IF EXISTS `answers`;
CREATE TABLE IF NOT EXISTS `answers` (
  `id` bigint UNSIGNED NOT NULL AUTO_INCREMENT,
  `response_id` bigint UNSIGNED NOT NULL,
  `question_id` bigint UNSIGNED NOT NULL,
  `option_id` bigint UNSIGNED DEFAULT NULL,
  `value` text COLLATE utf8mb4_unicode_ci,
  `created_at` timestamp NULL DEFAULT NULL,
  `updated_at` timestamp NULL DEFAULT NULL,
  PRIMARY KEY (`id`),
  KEY `answers_response_id_foreign` (`response_id`),
  KEY `answers_question_id_foreign` (`question_id`),
  KEY `answers_option_id_foreign` (`option_id`)
) ENGINE=MyISAM AUTO_INCREMENT=33 DEFAULT CHARSET=utf8mb4 COLLATE=utf8mb4_unicode_ci;

--
-- Dumping data for table `answers`
--

INSERT INTO `answers` (`id`, `response_id`, `question_id`, `option_id`, `value`, `created_at`, `updated_at`) VALUES
(1, 1, 40, NULL, 'Yosra Mohammed Ziad', '2025-09-10 09:35:41', '2025-09-10 09:35:41'),
(2, 1, 41, 28, NULL, '2025-09-10 09:35:41', '2025-09-10 09:35:41'),
(3, 2, 47, 33, NULL, '2025-09-10 09:41:53', '2025-09-10 09:41:53'),
(4, 2, 48, NULL, '226', '2025-09-10 09:41:53', '2025-09-10 09:41:53'),
(5, 3, 51, NULL, 'yosra ziad', '2025-09-10 10:21:39', '2025-09-10 10:21:39'),
(6, 3, 52, NULL, 'yosra774829@gmail.com', '2025-09-10 10:21:39', '2025-09-10 10:21:39'),
(7, 3, 53, 37, NULL, '2025-09-10 10:21:39', '2025-09-10 10:21:39'),
(8, 4, 51, NULL, 'غغغغ', '2025-09-10 10:25:24', '2025-09-10 10:25:24'),
(9, 4, 52, NULL, 'yosra774829@gmail.com', '2025-09-10 10:25:24', '2025-09-10 10:25:24'),
(10, 4, 53, 37, NULL, '2025-09-10 10:25:24', '2025-09-10 10:25:24'),
(11, 5, 56, 43, NULL, '2025-09-10 10:30:59', '2025-09-10 10:30:59'),
(12, 6, 56, 43, NULL, '2025-09-10 10:31:41', '2025-09-10 10:31:41'),
(13, 7, 60, NULL, 'yoyi00', '2025-09-11 06:23:29', '2025-09-11 06:23:29'),
(14, 7, 61, 47, NULL, '2025-09-11 06:23:29', '2025-09-11 06:23:29'),
(15, 8, 66, 51, NULL, '2025-09-11 07:24:40', '2025-09-11 07:24:40'),
(16, 8, 67, NULL, 'jjjjjjjjjjjjjjj', '2025-09-11 07:24:40', '2025-09-11 07:24:40'),
(17, 8, 68, NULL, 'zzzzzzzzzzzzzz', '2025-09-11 07:24:40', '2025-09-11 07:24:40'),
(18, 9, 66, 51, NULL, '2025-09-11 07:28:51', '2025-09-11 07:28:51'),
(19, 9, 67, NULL, 'yoyo9999', '2025-09-11 07:28:51', '2025-09-11 07:28:51'),
(20, 9, 68, NULL, 'zzzzzzzzzzzzzz', '2025-09-11 07:28:51', '2025-09-11 07:28:51'),
(21, 10, 60, NULL, 'ali', '2025-09-11 07:47:59', '2025-09-11 07:47:59'),
(22, 10, 61, 56, NULL, '2025-09-11 07:47:59', '2025-09-11 07:47:59'),
(23, 11, 60, NULL, 'yoyi00', '2025-09-11 07:49:02', '2025-09-11 07:49:02'),
(24, 11, 61, 56, NULL, '2025-09-11 07:49:02', '2025-09-11 07:49:02'),
(25, 12, 120, 235, NULL, '2025-09-11 07:51:22', '2025-09-11 07:51:22'),
(26, 12, 121, 236, NULL, '2025-09-11 07:51:22', '2025-09-11 07:51:22'),
(27, 12, 122, 238, NULL, '2025-09-11 07:51:22', '2025-09-11 07:51:22'),
(28, 12, 123, 242, NULL, '2025-09-11 07:51:22', '2025-09-11 07:51:22'),
(29, 12, 124, 244, NULL, '2025-09-11 07:51:22', '2025-09-11 07:51:22'),
(30, 12, 127, 271, NULL, '2025-09-11 07:51:22', '2025-09-11 07:51:22'),
(31, 12, 128, 273, NULL, '2025-09-11 07:51:22', '2025-09-11 07:51:22'),
(32, 12, 130, 281, NULL, '2025-09-11 07:51:22', '2025-09-11 07:51:22');

-- --------------------------------------------------------

--
-- Table structure for table `failed_jobs`
--

DROP TABLE IF EXISTS `failed_jobs`;
CREATE TABLE IF NOT EXISTS `failed_jobs` (
  `id` bigint UNSIGNED NOT NULL AUTO_INCREMENT,
  `uuid` varchar(191) COLLATE utf8mb4_unicode_ci NOT NULL,
  `connection` text COLLATE utf8mb4_unicode_ci NOT NULL,
  `queue` text COLLATE utf8mb4_unicode_ci NOT NULL,
  `payload` longtext COLLATE utf8mb4_unicode_ci NOT NULL,
  `exception` longtext COLLATE utf8mb4_unicode_ci NOT NULL,
  `failed_at` timestamp NOT NULL DEFAULT CURRENT_TIMESTAMP,
  PRIMARY KEY (`id`),
  UNIQUE KEY `failed_jobs_uuid_unique` (`uuid`)
) ENGINE=MyISAM DEFAULT CHARSET=utf8mb4 COLLATE=utf8mb4_unicode_ci;

-- --------------------------------------------------------

--
-- Table structure for table `migrations`
--

DROP TABLE IF EXISTS `migrations`;
CREATE TABLE IF NOT EXISTS `migrations` (
  `id` int UNSIGNED NOT NULL AUTO_INCREMENT,
  `migration` varchar(191) COLLATE utf8mb4_unicode_ci NOT NULL,
  `batch` int NOT NULL,
  PRIMARY KEY (`id`)
) ENGINE=MyISAM AUTO_INCREMENT=11 DEFAULT CHARSET=utf8mb4 COLLATE=utf8mb4_unicode_ci;

--
-- Dumping data for table `migrations`
--

INSERT INTO `migrations` (`id`, `migration`, `batch`) VALUES
(1, '2014_10_12_000000_create_users_table', 1),
(2, '2014_10_12_100000_create_password_resets_table', 1),
(3, '2019_08_19_000000_create_failed_jobs_table', 1),
(4, '2019_12_14_000001_create_personal_access_tokens_table', 1),
(5, '2025_09_10_111511_create_surveys_table', 1),
(6, '2025_09_10_120001_create_questions_table', 1),
(7, '2025_09_10_120002_create_options_table', 1),
(8, '2025_09_10_120003_create_respondents_table', 1),
(9, '2025_09_10_120004_create_responses_table', 1),
(10, '2025_09_10_120005_create_answers_table', 1);

-- --------------------------------------------------------

--
-- Table structure for table `options`
--

DROP TABLE IF EXISTS `options`;
CREATE TABLE IF NOT EXISTS `options` (
  `id` bigint UNSIGNED NOT NULL AUTO_INCREMENT,
  `question_id` bigint UNSIGNED NOT NULL,
  `label` varchar(191) COLLATE utf8mb4_unicode_ci NOT NULL,
  `weight` double(8,2) DEFAULT NULL,
  `is_correct` tinyint(1) NOT NULL DEFAULT '0',
  `display_order` int UNSIGNED NOT NULL DEFAULT '0',
  `created_at` timestamp NULL DEFAULT NULL,
  `updated_at` timestamp NULL DEFAULT NULL,
  PRIMARY KEY (`id`),
  KEY `options_question_id_foreign` (`question_id`)
) ENGINE=MyISAM AUTO_INCREMENT=324 DEFAULT CHARSET=utf8mb4 COLLATE=utf8mb4_unicode_ci;

--
-- Dumping data for table `options`
--

INSERT INTO `options` (`id`, `question_id`, `label`, `weight`, `is_correct`, `display_order`, `created_at`, `updated_at`) VALUES
(1, 1, 'الخيار 1', NULL, 0, 0, '2025-09-10 09:25:35', '2025-09-10 09:25:35'),
(2, 1, 'الخيار 2', NULL, 0, 1, '2025-09-10 09:25:35', '2025-09-10 09:25:35'),
(3, 3, 'الخيار 1', NULL, 0, 0, '2025-09-10 09:25:39', '2025-09-10 09:25:39'),
(4, 3, 'الخيار 2', NULL, 0, 1, '2025-09-10 09:25:39', '2025-09-10 09:25:39'),
(5, 5, 'الخيار 1', 4.00, 0, 0, '2025-09-10 09:25:55', '2025-09-10 09:25:55'),
(6, 5, 'الخيار 2', 3.00, 0, 1, '2025-09-10 09:25:55', '2025-09-10 09:25:55'),
(7, 7, 'الخيار 1', 7.00, 0, 0, '2025-09-10 09:27:03', '2025-09-10 09:27:03'),
(8, 7, 'الخيار 2', 8.00, 0, 1, '2025-09-10 09:27:03', '2025-09-10 09:27:03'),
(9, 9, 'الخيار 1', 7.00, 0, 0, '2025-09-10 09:27:07', '2025-09-10 09:27:07'),
(10, 9, 'الخيار 2', 8.00, 0, 1, '2025-09-10 09:27:07', '2025-09-10 09:27:07'),
(11, 12, 'الخيار 1', NULL, 0, 0, '2025-09-10 09:29:22', '2025-09-10 09:29:22'),
(12, 12, 'الخيار 2', NULL, 0, 1, '2025-09-10 09:29:22', '2025-09-10 09:29:22'),
(13, 17, 'الخيار 1', NULL, 0, 0, '2025-09-10 09:29:27', '2025-09-10 09:29:27'),
(14, 17, 'الخيار 2', NULL, 0, 1, '2025-09-10 09:29:27', '2025-09-10 09:29:27'),
(15, 21, 'الخيار 1', NULL, 1, 0, '2025-09-10 09:33:06', '2025-09-10 09:33:06'),
(16, 21, 'الخيار 2', NULL, 0, 1, '2025-09-10 09:33:06', '2025-09-10 09:33:06'),
(17, 23, 'الخيار 1', NULL, 1, 0, '2025-09-10 09:33:09', '2025-09-10 09:33:09'),
(18, 23, 'الخيار 2', NULL, 0, 1, '2025-09-10 09:33:09', '2025-09-10 09:33:09'),
(19, 26, 'قل من 15 سن', NULL, 0, 0, '2025-09-10 09:34:58', '2025-09-10 09:34:58'),
(20, 26, 'قل من 15 سن', NULL, 0, 1, '2025-09-10 09:34:58', '2025-09-10 09:34:58'),
(21, 26, 'قل من 15 سن', NULL, 0, 2, '2025-09-10 09:34:58', '2025-09-10 09:34:58'),
(22, 31, 'قل من 15 سن', NULL, 0, 0, '2025-09-10 09:34:58', '2025-09-10 09:34:58'),
(23, 31, 'قل من 15 سن', NULL, 0, 1, '2025-09-10 09:34:58', '2025-09-10 09:34:58'),
(24, 31, 'قل من 15 سن', NULL, 0, 2, '2025-09-10 09:34:58', '2025-09-10 09:34:58'),
(25, 36, 'قل من 15 سن', NULL, 0, 0, '2025-09-10 09:34:58', '2025-09-10 09:34:58'),
(26, 36, 'قل من 15 سن', NULL, 0, 1, '2025-09-10 09:34:58', '2025-09-10 09:34:58'),
(27, 36, 'قل من 15 سن', NULL, 0, 2, '2025-09-10 09:34:58', '2025-09-10 09:34:58'),
(28, 41, 'قل من 15 سن', NULL, 0, 0, '2025-09-10 09:35:05', '2025-09-10 09:35:05'),
(29, 41, 'قل من 15 سن', NULL, 0, 1, '2025-09-10 09:35:05', '2025-09-10 09:35:05'),
(30, 41, 'قل من 15 سن', NULL, 0, 2, '2025-09-10 09:35:05', '2025-09-10 09:35:05'),
(31, 45, 'الخيار 1', NULL, 0, 0, '2025-09-10 09:41:25', '2025-09-10 09:41:25'),
(32, 45, 'الخيار 2', NULL, 0, 1, '2025-09-10 09:41:25', '2025-09-10 09:41:25'),
(33, 47, 'الخيار 1', NULL, 0, 0, '2025-09-10 09:41:30', '2025-09-10 09:41:30'),
(34, 47, 'الخيار 2', NULL, 0, 1, '2025-09-10 09:41:30', '2025-09-10 09:41:30'),
(35, 53, 'اقل من 15 سنة', NULL, 0, 0, '2025-09-10 10:20:51', '2025-09-10 10:20:51'),
(36, 53, 'من 15 إلى 25 سنة', NULL, 0, 1, '2025-09-10 10:20:51', '2025-09-10 10:20:51'),
(37, 53, 'من 25 إلى 35 سنة', NULL, 0, 2, '2025-09-10 10:20:51', '2025-09-10 10:20:51'),
(38, 53, 'أكبر من 35 سنة', NULL, 1, 3, '2025-09-10 10:20:51', '2025-09-10 10:20:51'),
(39, 54, 'الخيار 1', NULL, 0, 0, '2025-09-10 10:30:23', '2025-09-10 10:30:23'),
(40, 54, 'الخيار 2', NULL, 0, 1, '2025-09-10 10:30:23', '2025-09-10 10:30:23'),
(41, 55, 'الخيار 1', NULL, 0, 0, '2025-09-10 10:30:28', '2025-09-10 10:30:28'),
(42, 55, 'الخيار 2', NULL, 0, 1, '2025-09-10 10:30:28', '2025-09-10 10:30:28'),
(43, 56, 'الخيار 1', NULL, 0, 0, '2025-09-10 10:30:28', '2025-09-10 10:30:28'),
(44, 56, 'الخيار 2', NULL, 0, 1, '2025-09-10 10:30:28', '2025-09-10 10:30:28'),
(45, 58, 'الخيار 1', NULL, 0, 0, '2025-09-11 06:22:45', '2025-09-11 06:22:45'),
(46, 58, 'الخيار 2', NULL, 0, 1, '2025-09-11 06:22:45', '2025-09-11 06:22:45'),
(55, 61, 'ا15', NULL, 0, 0, '2025-09-11 07:47:21', '2025-09-11 07:47:21'),
(56, 61, '19', NULL, 0, 1, '2025-09-11 07:47:21', '2025-09-11 07:47:21'),
(49, 63, 'الخيار 1', NULL, 0, 0, '2025-09-11 07:23:57', '2025-09-11 07:23:57'),
(50, 63, 'الخيار 2', NULL, 0, 1, '2025-09-11 07:23:57', '2025-09-11 07:23:57'),
(51, 66, 'الخيار 1', NULL, 0, 0, '2025-09-11 07:24:01', '2025-09-11 07:24:01'),
(52, 66, 'الخيار 2', NULL, 0, 1, '2025-09-11 07:24:01', '2025-09-11 07:24:01'),
(57, 72, '(حقل نصي)*', NULL, 0, 0, '2025-09-11 07:50:12', '2025-09-11 07:50:12'),
(58, 73, '(حقل نصي)*', NULL, 0, 0, '2025-09-11 07:50:12', '2025-09-11 07:50:12'),
(59, 74, 'أقل من 15 سنة', NULL, 0, 0, '2025-09-11 07:50:12', '2025-09-11 07:50:12'),
(60, 74, 'من 15 إلى 25 سنة', NULL, 0, 1, '2025-09-11 07:50:12', '2025-09-11 07:50:12'),
(61, 74, 'من 25 إلى 35 سنة', NULL, 0, 2, '2025-09-11 07:50:12', '2025-09-11 07:50:12'),
(62, 74, 'أكبر من 35 سنة', NULL, 0, 3, '2025-09-11 07:50:12', '2025-09-11 07:50:12'),
(63, 75, 'ذكر', NULL, 0, 0, '2025-09-11 07:50:12', '2025-09-11 07:50:12'),
(64, 75, 'أنثى', NULL, 0, 1, '2025-09-11 07:50:12', '2025-09-11 07:50:12'),
(65, 75, 'أفضل عدم الإجابة', NULL, 0, 2, '2025-09-11 07:50:12', '2025-09-11 07:50:12'),
(66, 76, 'مصر', NULL, 0, 0, '2025-09-11 07:50:12', '2025-09-11 07:50:12'),
(67, 76, 'السعودية', NULL, 0, 1, '2025-09-11 07:50:12', '2025-09-11 07:50:12'),
(68, 76, 'الإمارات', NULL, 0, 2, '2025-09-11 07:50:12', '2025-09-11 07:50:12'),
(69, 76, 'الكويت', NULL, 0, 3, '2025-09-11 07:50:12', '2025-09-11 07:50:12'),
(70, 76, 'قطر', NULL, 0, 4, '2025-09-11 07:50:12', '2025-09-11 07:50:12'),
(71, 76, 'البحرين', NULL, 0, 5, '2025-09-11 07:50:12', '2025-09-11 07:50:12'),
(72, 76, 'عمان', NULL, 0, 6, '2025-09-11 07:50:12', '2025-09-11 07:50:12'),
(73, 76, 'الأردن', NULL, 0, 7, '2025-09-11 07:50:12', '2025-09-11 07:50:12'),
(74, 76, 'فلسطين', NULL, 0, 8, '2025-09-11 07:50:12', '2025-09-11 07:50:12'),
(75, 76, 'لبنان', NULL, 0, 9, '2025-09-11 07:50:12', '2025-09-11 07:50:12'),
(76, 76, 'سوريا', NULL, 0, 10, '2025-09-11 07:50:12', '2025-09-11 07:50:12'),
(77, 76, 'العراق', NULL, 0, 11, '2025-09-11 07:50:12', '2025-09-11 07:50:12'),
(78, 76, 'اليمن', NULL, 0, 12, '2025-09-11 07:50:12', '2025-09-11 07:50:12'),
(79, 76, 'ليبيا', NULL, 0, 13, '2025-09-11 07:50:12', '2025-09-11 07:50:12'),
(80, 76, 'تونس', NULL, 0, 14, '2025-09-11 07:50:12', '2025-09-11 07:50:12'),
(81, 76, 'الجزائر', NULL, 0, 15, '2025-09-11 07:50:12', '2025-09-11 07:50:12'),
(82, 76, 'المغرب', NULL, 0, 16, '2025-09-11 07:50:12', '2025-09-11 07:50:12'),
(83, 76, 'موريتانيا', NULL, 0, 17, '2025-09-11 07:50:12', '2025-09-11 07:50:12'),
(84, 76, 'الصومال', NULL, 0, 18, '2025-09-11 07:50:12', '2025-09-11 07:50:12'),
(85, 76, 'جيبوتي', NULL, 0, 19, '2025-09-11 07:50:12', '2025-09-11 07:50:12'),
(86, 76, 'جزر القمر', NULL, 0, 20, '2025-09-11 07:50:12', '2025-09-11 07:50:12'),
(87, 77, '(حقل نصي)*', NULL, 0, 0, '2025-09-11 07:50:12', '2025-09-11 07:50:12'),
(88, 78, 'طالب ثانوي', NULL, 0, 0, '2025-09-11 07:50:13', '2025-09-11 07:50:13'),
(89, 78, 'طالب جامعي', NULL, 0, 1, '2025-09-11 07:50:13', '2025-09-11 07:50:13'),
(90, 78, 'خريج جامعي', NULL, 0, 2, '2025-09-11 07:50:13', '2025-09-11 07:50:13'),
(91, 78, 'ماجستير', NULL, 0, 3, '2025-09-11 07:50:13', '2025-09-11 07:50:13'),
(92, 78, 'دكتوراه', NULL, 0, 4, '2025-09-11 07:50:13', '2025-09-11 07:50:13'),
(93, 79, '(حقل نصي)*', NULL, 0, 0, '2025-09-11 07:50:13', '2025-09-11 07:50:13'),
(94, 80, 'طالب', NULL, 0, 0, '2025-09-11 07:50:13', '2025-09-11 07:50:13'),
(95, 80, 'خريج', NULL, 0, 1, '2025-09-11 07:50:13', '2025-09-11 07:50:13'),
(96, 80, 'موظف', NULL, 0, 2, '2025-09-11 07:50:13', '2025-09-11 07:50:13'),
(97, 80, 'أعمل لحسابي', NULL, 0, 3, '2025-09-11 07:50:13', '2025-09-11 07:50:13'),
(98, 80, 'أبحث عن عمل', NULL, 0, 4, '2025-09-11 07:50:13', '2025-09-11 07:50:13'),
(99, 81, 'مبتدئ', NULL, 0, 0, '2025-09-11 07:50:13', '2025-09-11 07:50:13'),
(100, 81, 'متوسط', NULL, 0, 1, '2025-09-11 07:50:13', '2025-09-11 07:50:13'),
(101, 81, 'متقدم', NULL, 0, 2, '2025-09-11 07:50:13', '2025-09-11 07:50:13'),
(102, 81, 'متمكن', NULL, 0, 3, '2025-09-11 07:50:13', '2025-09-11 07:50:13'),
(103, 82, 'نعم', NULL, 0, 0, '2025-09-11 07:50:13', '2025-09-11 07:50:13'),
(104, 82, 'لا', NULL, 0, 1, '2025-09-11 07:50:13', '2025-09-11 07:50:13'),
(105, 83, 'ويندوز', NULL, 0, 0, '2025-09-11 07:50:13', '2025-09-11 07:50:13'),
(106, 83, 'ماك', NULL, 0, 1, '2025-09-11 07:50:13', '2025-09-11 07:50:13'),
(107, 83, 'لينكس', NULL, 0, 2, '2025-09-11 07:50:13', '2025-09-11 07:50:13'),
(108, 83, 'أخرى', NULL, 0, 3, '2025-09-11 07:50:13', '2025-09-11 07:50:13'),
(109, 84, 'ممتاز', NULL, 0, 0, '2025-09-11 07:50:13', '2025-09-11 07:50:13'),
(110, 84, 'جيد', NULL, 0, 1, '2025-09-11 07:50:13', '2025-09-11 07:50:13'),
(111, 84, 'مقبول', NULL, 0, 2, '2025-09-11 07:50:13', '2025-09-11 07:50:13'),
(112, 84, 'ضعيف', NULL, 0, 3, '2025-09-11 07:50:13', '2025-09-11 07:50:13'),
(113, 85, 'منظم جدا', NULL, 0, 0, '2025-09-11 07:50:13', '2025-09-11 07:50:13'),
(114, 85, 'منظم', NULL, 0, 1, '2025-09-11 07:50:13', '2025-09-11 07:50:13'),
(115, 85, 'متوسط', NULL, 0, 2, '2025-09-11 07:50:13', '2025-09-11 07:50:13'),
(116, 85, 'غير منظم', NULL, 0, 3, '2025-09-11 07:50:13', '2025-09-11 07:50:13'),
(117, 86, 'Chrome', NULL, 0, 0, '2025-09-11 07:50:13', '2025-09-11 07:50:13'),
(118, 86, 'Firefox', NULL, 0, 1, '2025-09-11 07:50:13', '2025-09-11 07:50:13'),
(119, 86, 'Safari', NULL, 0, 2, '2025-09-11 07:50:13', '2025-09-11 07:50:13'),
(120, 86, 'Edge', NULL, 0, 3, '2025-09-11 07:50:13', '2025-09-11 07:50:13'),
(121, 86, 'Other', NULL, 0, 4, '2025-09-11 07:50:13', '2025-09-11 07:50:13'),
(122, 87, 'متقدم', NULL, 0, 0, '2025-09-11 07:50:13', '2025-09-11 07:50:13'),
(123, 87, 'متوسط', NULL, 0, 1, '2025-09-11 07:50:13', '2025-09-11 07:50:13'),
(124, 87, 'مبتدئ', NULL, 0, 2, '2025-09-11 07:50:13', '2025-09-11 07:50:13'),
(125, 87, 'لا أعرف أي اختصارات', NULL, 0, 3, '2025-09-11 07:50:13', '2025-09-11 07:50:13'),
(126, 88, 'ممتاز', NULL, 0, 0, '2025-09-11 07:50:13', '2025-09-11 07:50:13'),
(127, 88, 'جيد', NULL, 0, 1, '2025-09-11 07:50:13', '2025-09-11 07:50:13'),
(128, 88, 'متوسط', NULL, 0, 2, '2025-09-11 07:50:13', '2025-09-11 07:50:13'),
(129, 88, 'ضعيف', NULL, 0, 3, '2025-09-11 07:50:13', '2025-09-11 07:50:13'),
(130, 89, 'أقل من 5 ساعات', NULL, 0, 0, '2025-09-11 07:50:13', '2025-09-11 07:50:13'),
(131, 90, 'أكثر من 15 ساعة', NULL, 0, 0, '2025-09-11 07:50:13', '2025-09-11 07:50:13'),
(132, 91, 'التعلم العملي بالمشاريع', NULL, 0, 0, '2025-09-11 07:50:13', '2025-09-11 07:50:13'),
(133, 91, 'التعلم النظري', NULL, 0, 1, '2025-09-11 07:50:13', '2025-09-11 07:50:13'),
(134, 91, 'مزيج من الاثنين', NULL, 0, 2, '2025-09-11 07:50:13', '2025-09-11 07:50:13'),
(135, 92, 'أستمتع بحله وأبذل جهدي حتى أصل للحل', NULL, 0, 0, '2025-09-11 07:50:13', '2025-09-11 07:50:13'),
(136, 92, 'أحاول لفترة ثم أستسلم', NULL, 0, 1, '2025-09-11 07:50:13', '2025-09-11 07:50:13'),
(137, 92, 'أطلب المساعدة فوراً', NULL, 0, 2, '2025-09-11 07:50:13', '2025-09-11 07:50:13'),
(138, 92, 'أتجنب هذه التحديات', NULL, 0, 3, '2025-09-11 07:50:13', '2025-09-11 07:50:13'),
(139, 92, 'أستخدم الذكاء الاصطناعي', NULL, 0, 4, '2025-09-11 07:50:13', '2025-09-11 07:50:13'),
(140, 93, 'نعم', NULL, 0, 0, '2025-09-11 07:50:13', '2025-09-11 07:50:13'),
(141, 93, 'لا', NULL, 0, 1, '2025-09-11 07:50:13', '2025-09-11 07:50:13'),
(142, 94, 'أحاول حلها بنفسي', NULL, 0, 0, '2025-09-11 07:50:13', '2025-09-11 07:50:13'),
(143, 94, 'أبحث في الإنترنت', NULL, 0, 1, '2025-09-11 07:50:13', '2025-09-11 07:50:13'),
(144, 94, 'أطلب المساعدة من الزملاء', NULL, 0, 2, '2025-09-11 07:50:13', '2025-09-11 07:50:13'),
(145, 94, 'أتوجه للمختصين', NULL, 0, 3, '2025-09-11 07:50:13', '2025-09-11 07:50:13'),
(146, 96, '(حقل نصي)*', NULL, 0, 0, '2025-09-11 07:50:13', '2025-09-11 07:50:13'),
(147, 97, '(حقل نصي)*', NULL, 0, 0, '2025-09-11 07:50:13', '2025-09-11 07:50:13'),
(148, 98, 'أقل من 15 سنة', NULL, 0, 0, '2025-09-11 07:50:13', '2025-09-11 07:50:13'),
(149, 98, 'من 15 إلى 25 سنة', NULL, 0, 1, '2025-09-11 07:50:13', '2025-09-11 07:50:13'),
(150, 98, 'من 25 إلى 35 سنة', NULL, 0, 2, '2025-09-11 07:50:13', '2025-09-11 07:50:13'),
(151, 98, 'أكبر من 35 سنة', NULL, 0, 3, '2025-09-11 07:50:13', '2025-09-11 07:50:13'),
(152, 99, 'ذكر', NULL, 0, 0, '2025-09-11 07:50:13', '2025-09-11 07:50:13'),
(153, 99, 'أنثى', NULL, 0, 1, '2025-09-11 07:50:13', '2025-09-11 07:50:13'),
(154, 99, 'أفضل عدم الإجابة', NULL, 0, 2, '2025-09-11 07:50:13', '2025-09-11 07:50:13'),
(155, 100, 'مصر', NULL, 0, 0, '2025-09-11 07:50:13', '2025-09-11 07:50:13'),
(156, 100, 'السعودية', NULL, 0, 1, '2025-09-11 07:50:13', '2025-09-11 07:50:13'),
(157, 100, 'الإمارات', NULL, 0, 2, '2025-09-11 07:50:13', '2025-09-11 07:50:13'),
(158, 100, 'الكويت', NULL, 0, 3, '2025-09-11 07:50:13', '2025-09-11 07:50:13'),
(159, 100, 'قطر', NULL, 0, 4, '2025-09-11 07:50:13', '2025-09-11 07:50:13'),
(160, 100, 'البحرين', NULL, 0, 5, '2025-09-11 07:50:13', '2025-09-11 07:50:13'),
(161, 100, 'عمان', NULL, 0, 6, '2025-09-11 07:50:13', '2025-09-11 07:50:13'),
(162, 100, 'الأردن', NULL, 0, 7, '2025-09-11 07:50:13', '2025-09-11 07:50:13'),
(163, 100, 'فلسطين', NULL, 0, 8, '2025-09-11 07:50:13', '2025-09-11 07:50:13'),
(164, 100, 'لبنان', NULL, 0, 9, '2025-09-11 07:50:13', '2025-09-11 07:50:13'),
(165, 100, 'سوريا', NULL, 0, 10, '2025-09-11 07:50:13', '2025-09-11 07:50:13'),
(166, 100, 'العراق', NULL, 0, 11, '2025-09-11 07:50:13', '2025-09-11 07:50:13'),
(167, 100, 'اليمن', NULL, 0, 12, '2025-09-11 07:50:13', '2025-09-11 07:50:13'),
(168, 100, 'ليبيا', NULL, 0, 13, '2025-09-11 07:50:13', '2025-09-11 07:50:13'),
(169, 100, 'تونس', NULL, 0, 14, '2025-09-11 07:50:13', '2025-09-11 07:50:13'),
(170, 100, 'الجزائر', NULL, 0, 15, '2025-09-11 07:50:13', '2025-09-11 07:50:13'),
(171, 100, 'المغرب', NULL, 0, 16, '2025-09-11 07:50:13', '2025-09-11 07:50:13'),
(172, 100, 'موريتانيا', NULL, 0, 17, '2025-09-11 07:50:13', '2025-09-11 07:50:13'),
(173, 100, 'الصومال', NULL, 0, 18, '2025-09-11 07:50:13', '2025-09-11 07:50:13'),
(174, 100, 'جيبوتي', NULL, 0, 19, '2025-09-11 07:50:13', '2025-09-11 07:50:13'),
(175, 100, 'جزر القمر', NULL, 0, 20, '2025-09-11 07:50:13', '2025-09-11 07:50:13'),
(176, 101, '(حقل نصي)*', NULL, 0, 0, '2025-09-11 07:50:13', '2025-09-11 07:50:13'),
(177, 102, 'طالب ثانوي', NULL, 0, 0, '2025-09-11 07:50:13', '2025-09-11 07:50:13'),
(178, 102, 'طالب جامعي', NULL, 0, 1, '2025-09-11 07:50:13', '2025-09-11 07:50:13'),
(179, 102, 'خريج جامعي', NULL, 0, 2, '2025-09-11 07:50:13', '2025-09-11 07:50:13'),
(180, 102, 'ماجستير', NULL, 0, 3, '2025-09-11 07:50:13', '2025-09-11 07:50:13'),
(181, 102, 'دكتوراه', NULL, 0, 4, '2025-09-11 07:50:13', '2025-09-11 07:50:13'),
(182, 103, '(حقل نصي)*', NULL, 0, 0, '2025-09-11 07:50:13', '2025-09-11 07:50:13'),
(183, 104, 'طالب', NULL, 0, 0, '2025-09-11 07:50:13', '2025-09-11 07:50:13'),
(184, 104, 'خريج', NULL, 0, 1, '2025-09-11 07:50:13', '2025-09-11 07:50:13'),
(185, 104, 'موظف', NULL, 0, 2, '2025-09-11 07:50:13', '2025-09-11 07:50:13'),
(186, 104, 'أعمل لحسابي', NULL, 0, 3, '2025-09-11 07:50:13', '2025-09-11 07:50:13'),
(187, 104, 'أبحث عن عمل', NULL, 0, 4, '2025-09-11 07:50:13', '2025-09-11 07:50:13'),
(188, 105, 'مبتدئ', NULL, 0, 0, '2025-09-11 07:50:13', '2025-09-11 07:50:13'),
(189, 105, 'متوسط', NULL, 0, 1, '2025-09-11 07:50:13', '2025-09-11 07:50:13'),
(190, 105, 'متقدم', NULL, 0, 2, '2025-09-11 07:50:13', '2025-09-11 07:50:13'),
(191, 105, 'متمكن', NULL, 0, 3, '2025-09-11 07:50:13', '2025-09-11 07:50:13'),
(192, 106, 'نعم', NULL, 0, 0, '2025-09-11 07:50:13', '2025-09-11 07:50:13'),
(193, 106, 'لا', NULL, 0, 1, '2025-09-11 07:50:13', '2025-09-11 07:50:13'),
(194, 107, 'ويندوز', NULL, 0, 0, '2025-09-11 07:50:13', '2025-09-11 07:50:13'),
(195, 107, 'ماك', NULL, 0, 1, '2025-09-11 07:50:13', '2025-09-11 07:50:13'),
(196, 107, 'لينكس', NULL, 0, 2, '2025-09-11 07:50:13', '2025-09-11 07:50:13'),
(197, 107, 'أخرى', NULL, 0, 3, '2025-09-11 07:50:13', '2025-09-11 07:50:13'),
(198, 108, 'ممتاز', NULL, 0, 0, '2025-09-11 07:50:13', '2025-09-11 07:50:13'),
(199, 108, 'جيد', NULL, 0, 1, '2025-09-11 07:50:13', '2025-09-11 07:50:13'),
(200, 108, 'مقبول', NULL, 0, 2, '2025-09-11 07:50:13', '2025-09-11 07:50:13'),
(201, 108, 'ضعيف', NULL, 0, 3, '2025-09-11 07:50:13', '2025-09-11 07:50:13'),
(202, 109, 'منظم جدا', NULL, 0, 0, '2025-09-11 07:50:13', '2025-09-11 07:50:13'),
(203, 109, 'منظم', NULL, 0, 1, '2025-09-11 07:50:13', '2025-09-11 07:50:13'),
(204, 109, 'متوسط', NULL, 0, 2, '2025-09-11 07:50:13', '2025-09-11 07:50:13'),
(205, 109, 'غير منظم', NULL, 0, 3, '2025-09-11 07:50:13', '2025-09-11 07:50:13'),
(206, 110, 'Chrome', NULL, 0, 0, '2025-09-11 07:50:13', '2025-09-11 07:50:13'),
(207, 110, 'Firefox', NULL, 0, 1, '2025-09-11 07:50:13', '2025-09-11 07:50:13'),
(208, 110, 'Safari', NULL, 0, 2, '2025-09-11 07:50:13', '2025-09-11 07:50:13'),
(209, 110, 'Edge', NULL, 0, 3, '2025-09-11 07:50:13', '2025-09-11 07:50:13'),
(210, 110, 'Other', NULL, 0, 4, '2025-09-11 07:50:13', '2025-09-11 07:50:13'),
(211, 111, 'متقدم', NULL, 0, 0, '2025-09-11 07:50:13', '2025-09-11 07:50:13'),
(212, 111, 'متوسط', NULL, 0, 1, '2025-09-11 07:50:13', '2025-09-11 07:50:13'),
(213, 111, 'مبتدئ', NULL, 0, 2, '2025-09-11 07:50:13', '2025-09-11 07:50:13'),
(214, 111, 'لا أعرف أي اختصارات', NULL, 0, 3, '2025-09-11 07:50:13', '2025-09-11 07:50:13'),
(215, 112, 'ممتاز', NULL, 0, 0, '2025-09-11 07:50:13', '2025-09-11 07:50:13'),
(216, 112, 'جيد', NULL, 0, 1, '2025-09-11 07:50:13', '2025-09-11 07:50:13'),
(217, 112, 'متوسط', NULL, 0, 2, '2025-09-11 07:50:13', '2025-09-11 07:50:13'),
(218, 112, 'ضعيف', NULL, 0, 3, '2025-09-11 07:50:13', '2025-09-11 07:50:13'),
(219, 113, 'أقل من 5 ساعات', NULL, 0, 0, '2025-09-11 07:50:13', '2025-09-11 07:50:13'),
(220, 114, 'أكثر من 15 ساعة', NULL, 0, 0, '2025-09-11 07:50:13', '2025-09-11 07:50:13'),
(221, 115, 'التعلم العملي بالمشاريع', NULL, 0, 0, '2025-09-11 07:50:13', '2025-09-11 07:50:13'),
(222, 115, 'التعلم النظري', NULL, 0, 1, '2025-09-11 07:50:13', '2025-09-11 07:50:13'),
(223, 115, 'مزيج من الاثنين', NULL, 0, 2, '2025-09-11 07:50:13', '2025-09-11 07:50:13'),
(224, 116, 'أستمتع بحله وأبذل جهدي حتى أصل للحل', NULL, 0, 0, '2025-09-11 07:50:13', '2025-09-11 07:50:13'),
(225, 116, 'أحاول لفترة ثم أستسلم', NULL, 0, 1, '2025-09-11 07:50:13', '2025-09-11 07:50:13'),
(226, 116, 'أطلب المساعدة فوراً', NULL, 0, 2, '2025-09-11 07:50:13', '2025-09-11 07:50:13'),
(227, 116, 'أتجنب هذه التحديات', NULL, 0, 3, '2025-09-11 07:50:13', '2025-09-11 07:50:13'),
(228, 116, 'أستخدم الذكاء الاصطناعي', NULL, 0, 4, '2025-09-11 07:50:13', '2025-09-11 07:50:13'),
(229, 117, 'نعم', NULL, 0, 0, '2025-09-11 07:50:13', '2025-09-11 07:50:13'),
(230, 117, 'لا', NULL, 0, 1, '2025-09-11 07:50:13', '2025-09-11 07:50:13'),
(231, 118, 'أحاول حلها بنفسي', NULL, 0, 0, '2025-09-11 07:50:13', '2025-09-11 07:50:13'),
(232, 118, 'أبحث في الإنترنت', NULL, 0, 1, '2025-09-11 07:50:13', '2025-09-11 07:50:13'),
(233, 118, 'أطلب المساعدة من الزملاء', NULL, 0, 2, '2025-09-11 07:50:13', '2025-09-11 07:50:13'),
(234, 118, 'أتوجه للمختصين', NULL, 0, 3, '2025-09-11 07:50:13', '2025-09-11 07:50:13'),
(235, 120, '(حقل نصي)*', NULL, 0, 0, '2025-09-11 07:50:19', '2025-09-11 07:50:19'),
(236, 121, '(حقل نصي)*', NULL, 0, 0, '2025-09-11 07:50:19', '2025-09-11 07:50:19'),
(237, 122, 'أقل من 15 سنة', NULL, 0, 0, '2025-09-11 07:50:19', '2025-09-11 07:50:19'),
(238, 122, 'من 15 إلى 25 سنة', NULL, 0, 1, '2025-09-11 07:50:19', '2025-09-11 07:50:19'),
(239, 122, 'من 25 إلى 35 سنة', NULL, 0, 2, '2025-09-11 07:50:19', '2025-09-11 07:50:19'),
(240, 122, 'أكبر من 35 سنة', NULL, 0, 3, '2025-09-11 07:50:19', '2025-09-11 07:50:19'),
(241, 123, 'ذكر', NULL, 0, 0, '2025-09-11 07:50:19', '2025-09-11 07:50:19'),
(242, 123, 'أنثى', NULL, 0, 1, '2025-09-11 07:50:19', '2025-09-11 07:50:19'),
(243, 123, 'أفضل عدم الإجابة', NULL, 0, 2, '2025-09-11 07:50:19', '2025-09-11 07:50:19'),
(244, 124, 'مصر', NULL, 0, 0, '2025-09-11 07:50:19', '2025-09-11 07:50:19'),
(245, 124, 'السعودية', NULL, 0, 1, '2025-09-11 07:50:19', '2025-09-11 07:50:19'),
(246, 124, 'الإمارات', NULL, 0, 2, '2025-09-11 07:50:19', '2025-09-11 07:50:19'),
(247, 124, 'الكويت', NULL, 0, 3, '2025-09-11 07:50:19', '2025-09-11 07:50:19'),
(248, 124, 'قطر', NULL, 0, 4, '2025-09-11 07:50:19', '2025-09-11 07:50:19'),
(249, 124, 'البحرين', NULL, 0, 5, '2025-09-11 07:50:19', '2025-09-11 07:50:19'),
(250, 124, 'عمان', NULL, 0, 6, '2025-09-11 07:50:19', '2025-09-11 07:50:19'),
(251, 124, 'الأردن', NULL, 0, 7, '2025-09-11 07:50:19', '2025-09-11 07:50:19'),
(252, 124, 'فلسطين', NULL, 0, 8, '2025-09-11 07:50:19', '2025-09-11 07:50:19'),
(253, 124, 'لبنان', NULL, 0, 9, '2025-09-11 07:50:19', '2025-09-11 07:50:19'),
(254, 124, 'سوريا', NULL, 0, 10, '2025-09-11 07:50:19', '2025-09-11 07:50:19'),
(255, 124, 'العراق', NULL, 0, 11, '2025-09-11 07:50:19', '2025-09-11 07:50:19'),
(256, 124, 'اليمن', NULL, 0, 12, '2025-09-11 07:50:19', '2025-09-11 07:50:19'),
(257, 124, 'ليبيا', NULL, 0, 13, '2025-09-11 07:50:19', '2025-09-11 07:50:19'),
(258, 124, 'تونس', NULL, 0, 14, '2025-09-11 07:50:19', '2025-09-11 07:50:19'),
(259, 124, 'الجزائر', NULL, 0, 15, '2025-09-11 07:50:19', '2025-09-11 07:50:19'),
(260, 124, 'المغرب', NULL, 0, 16, '2025-09-11 07:50:19', '2025-09-11 07:50:19'),
(261, 124, 'موريتانيا', NULL, 0, 17, '2025-09-11 07:50:19', '2025-09-11 07:50:19'),
(262, 124, 'الصومال', NULL, 0, 18, '2025-09-11 07:50:19', '2025-09-11 07:50:19'),
(263, 124, 'جيبوتي', NULL, 0, 19, '2025-09-11 07:50:19', '2025-09-11 07:50:19'),
(264, 124, 'جزر القمر', NULL, 0, 20, '2025-09-11 07:50:19', '2025-09-11 07:50:19'),
(265, 125, '(حقل نصي)*', NULL, 0, 0, '2025-09-11 07:50:19', '2025-09-11 07:50:19'),
(266, 126, 'طالب ثانوي', NULL, 0, 0, '2025-09-11 07:50:19', '2025-09-11 07:50:19'),
(267, 126, 'طالب جامعي', NULL, 0, 1, '2025-09-11 07:50:19', '2025-09-11 07:50:19'),
(268, 126, 'خريج جامعي', NULL, 0, 2, '2025-09-11 07:50:19', '2025-09-11 07:50:19'),
(269, 126, 'ماجستير', NULL, 0, 3, '2025-09-11 07:50:19', '2025-09-11 07:50:19'),
(270, 126, 'دكتوراه', NULL, 0, 4, '2025-09-11 07:50:19', '2025-09-11 07:50:19'),
(271, 127, '(حقل نصي)*', NULL, 0, 0, '2025-09-11 07:50:19', '2025-09-11 07:50:19'),
(272, 128, 'طالب', NULL, 0, 0, '2025-09-11 07:50:19', '2025-09-11 07:50:19'),
(273, 128, 'خريج', NULL, 0, 1, '2025-09-11 07:50:19', '2025-09-11 07:50:19'),
(274, 128, 'موظف', NULL, 0, 2, '2025-09-11 07:50:19', '2025-09-11 07:50:19'),
(275, 128, 'أعمل لحسابي', NULL, 0, 3, '2025-09-11 07:50:19', '2025-09-11 07:50:19'),
(276, 128, 'أبحث عن عمل', NULL, 0, 4, '2025-09-11 07:50:19', '2025-09-11 07:50:19'),
(277, 129, 'مبتدئ', NULL, 0, 0, '2025-09-11 07:50:19', '2025-09-11 07:50:19'),
(278, 129, 'متوسط', NULL, 0, 1, '2025-09-11 07:50:19', '2025-09-11 07:50:19'),
(279, 129, 'متقدم', NULL, 0, 2, '2025-09-11 07:50:19', '2025-09-11 07:50:19'),
(280, 129, 'متمكن', NULL, 0, 3, '2025-09-11 07:50:19', '2025-09-11 07:50:19'),
(281, 130, 'نعم', NULL, 0, 0, '2025-09-11 07:50:19', '2025-09-11 07:50:19'),
(282, 130, 'لا', NULL, 0, 1, '2025-09-11 07:50:19', '2025-09-11 07:50:19'),
(283, 131, 'ويندوز', NULL, 0, 0, '2025-09-11 07:50:19', '2025-09-11 07:50:19'),
(284, 131, 'ماك', NULL, 0, 1, '2025-09-11 07:50:19', '2025-09-11 07:50:19'),
(285, 131, 'لينكس', NULL, 0, 2, '2025-09-11 07:50:19', '2025-09-11 07:50:19'),
(286, 131, 'أخرى', NULL, 0, 3, '2025-09-11 07:50:19', '2025-09-11 07:50:19'),
(287, 132, 'ممتاز', NULL, 0, 0, '2025-09-11 07:50:19', '2025-09-11 07:50:19'),
(288, 132, 'جيد', NULL, 0, 1, '2025-09-11 07:50:19', '2025-09-11 07:50:19'),
(289, 132, 'مقبول', NULL, 0, 2, '2025-09-11 07:50:19', '2025-09-11 07:50:19'),
(290, 132, 'ضعيف', NULL, 0, 3, '2025-09-11 07:50:19', '2025-09-11 07:50:19'),
(291, 133, 'منظم جدا', NULL, 0, 0, '2025-09-11 07:50:19', '2025-09-11 07:50:19'),
(292, 133, 'منظم', NULL, 0, 1, '2025-09-11 07:50:19', '2025-09-11 07:50:19'),
(293, 133, 'متوسط', NULL, 0, 2, '2025-09-11 07:50:19', '2025-09-11 07:50:19'),
(294, 133, 'غير منظم', NULL, 0, 3, '2025-09-11 07:50:19', '2025-09-11 07:50:19'),
(295, 134, 'Chrome', NULL, 0, 0, '2025-09-11 07:50:19', '2025-09-11 07:50:19'),
(296, 134, 'Firefox', NULL, 0, 1, '2025-09-11 07:50:19', '2025-09-11 07:50:19'),
(297, 134, 'Safari', NULL, 0, 2, '2025-09-11 07:50:19', '2025-09-11 07:50:19'),
(298, 134, 'Edge', NULL, 0, 3, '2025-09-11 07:50:19', '2025-09-11 07:50:19'),
(299, 134, 'Other', NULL, 0, 4, '2025-09-11 07:50:19', '2025-09-11 07:50:19'),
(300, 135, 'متقدم', NULL, 0, 0, '2025-09-11 07:50:19', '2025-09-11 07:50:19'),
(301, 135, 'متوسط', NULL, 0, 1, '2025-09-11 07:50:19', '2025-09-11 07:50:19'),
(302, 135, 'مبتدئ', NULL, 0, 2, '2025-09-11 07:50:19', '2025-09-11 07:50:19'),
(303, 135, 'لا أعرف أي اختصارات', NULL, 0, 3, '2025-09-11 07:50:19', '2025-09-11 07:50:19'),
(304, 136, 'ممتاز', NULL, 0, 0, '2025-09-11 07:50:19', '2025-09-11 07:50:19'),
(305, 136, 'جيد', NULL, 0, 1, '2025-09-11 07:50:19', '2025-09-11 07:50:19'),
(306, 136, 'متوسط', NULL, 0, 2, '2025-09-11 07:50:19', '2025-09-11 07:50:19'),
(307, 136, 'ضعيف', NULL, 0, 3, '2025-09-11 07:50:19', '2025-09-11 07:50:19'),
(308, 137, 'أقل من 5 ساعات', NULL, 0, 0, '2025-09-11 07:50:19', '2025-09-11 07:50:19'),
(309, 138, 'أكثر من 15 ساعة', NULL, 0, 0, '2025-09-11 07:50:19', '2025-09-11 07:50:19'),
(310, 139, 'التعلم العملي بالمشاريع', NULL, 0, 0, '2025-09-11 07:50:19', '2025-09-11 07:50:19'),
(311, 139, 'التعلم النظري', NULL, 0, 1, '2025-09-11 07:50:19', '2025-09-11 07:50:19'),
(312, 139, 'مزيج من الاثنين', NULL, 0, 2, '2025-09-11 07:50:19', '2025-09-11 07:50:19'),
(313, 140, 'أستمتع بحله وأبذل جهدي حتى أصل للحل', NULL, 0, 0, '2025-09-11 07:50:19', '2025-09-11 07:50:19'),
(314, 140, 'أحاول لفترة ثم أستسلم', NULL, 0, 1, '2025-09-11 07:50:19', '2025-09-11 07:50:19'),
(315, 140, 'أطلب المساعدة فوراً', NULL, 0, 2, '2025-09-11 07:50:19', '2025-09-11 07:50:19'),
(316, 140, 'أتجنب هذه التحديات', NULL, 0, 3, '2025-09-11 07:50:19', '2025-09-11 07:50:19'),
(317, 140, 'أستخدم الذكاء الاصطناعي', NULL, 0, 4, '2025-09-11 07:50:19', '2025-09-11 07:50:19'),
(318, 141, 'نعم', NULL, 0, 0, '2025-09-11 07:50:19', '2025-09-11 07:50:19'),
(319, 141, 'لا', NULL, 0, 1, '2025-09-11 07:50:19', '2025-09-11 07:50:19'),
(320, 142, 'أحاول حلها بنفسي', NULL, 0, 0, '2025-09-11 07:50:19', '2025-09-11 07:50:19'),
(321, 142, 'أبحث في الإنترنت', NULL, 0, 1, '2025-09-11 07:50:19', '2025-09-11 07:50:19'),
(322, 142, 'أطلب المساعدة من الزملاء', NULL, 0, 2, '2025-09-11 07:50:19', '2025-09-11 07:50:19'),
(323, 142, 'أتوجه للمختصين', NULL, 0, 3, '2025-09-11 07:50:19', '2025-09-11 07:50:19');

-- --------------------------------------------------------

--
-- Table structure for table `password_resets`
--

DROP TABLE IF EXISTS `password_resets`;
CREATE TABLE IF NOT EXISTS `password_resets` (
  `email` varchar(191) COLLATE utf8mb4_unicode_ci NOT NULL,
  `token` varchar(191) COLLATE utf8mb4_unicode_ci NOT NULL,
  `created_at` timestamp NULL DEFAULT NULL,
  KEY `password_resets_email_index` (`email`)
) ENGINE=MyISAM DEFAULT CHARSET=utf8mb4 COLLATE=utf8mb4_unicode_ci;

-- --------------------------------------------------------

--
-- Table structure for table `personal_access_tokens`
--

DROP TABLE IF EXISTS `personal_access_tokens`;
CREATE TABLE IF NOT EXISTS `personal_access_tokens` (
  `id` bigint UNSIGNED NOT NULL AUTO_INCREMENT,
  `tokenable_type` varchar(191) COLLATE utf8mb4_unicode_ci NOT NULL,
  `tokenable_id` bigint UNSIGNED NOT NULL,
  `name` varchar(191) COLLATE utf8mb4_unicode_ci NOT NULL,
  `token` varchar(64) COLLATE utf8mb4_unicode_ci NOT NULL,
  `abilities` text COLLATE utf8mb4_unicode_ci,
  `last_used_at` timestamp NULL DEFAULT NULL,
  `created_at` timestamp NULL DEFAULT NULL,
  `updated_at` timestamp NULL DEFAULT NULL,
  PRIMARY KEY (`id`),
  UNIQUE KEY `personal_access_tokens_token_unique` (`token`),
  KEY `personal_access_tokens_tokenable_type_tokenable_id_index` (`tokenable_type`,`tokenable_id`)
) ENGINE=MyISAM DEFAULT CHARSET=utf8mb4 COLLATE=utf8mb4_unicode_ci;

-- --------------------------------------------------------

--
-- Table structure for table `questions`
--

DROP TABLE IF EXISTS `questions`;
CREATE TABLE IF NOT EXISTS `questions` (
  `id` bigint UNSIGNED NOT NULL AUTO_INCREMENT,
  `survey_id` bigint UNSIGNED NOT NULL,
  `title` varchar(191) COLLATE utf8mb4_unicode_ci NOT NULL,
  `type` varchar(191) COLLATE utf8mb4_unicode_ci NOT NULL,
  `required` tinyint(1) NOT NULL DEFAULT '0',
  `points` int DEFAULT NULL,
  `display_order` int UNSIGNED NOT NULL DEFAULT '0',
  `metadata` json DEFAULT NULL,
  `created_at` timestamp NULL DEFAULT NULL,
  `updated_at` timestamp NULL DEFAULT NULL,
  PRIMARY KEY (`id`),
  KEY `questions_survey_id_foreign` (`survey_id`)
) ENGINE=MyISAM AUTO_INCREMENT=143 DEFAULT CHARSET=utf8mb4 COLLATE=utf8mb4_unicode_ci;

--
-- Dumping data for table `questions`
--

INSERT INTO `questions` (`id`, `survey_id`, `title`, `type`, `required`, `points`, `display_order`, `metadata`, `created_at`, `updated_at`) VALUES
(9, 1, 'Full Name', 'radio', 0, 1, 0, NULL, '2025-09-10 09:27:07', '2025-09-10 09:27:07'),
(10, 1, 'Full Name', 'short', 0, 1, 1, NULL, '2025-09-10 09:27:07', '2025-09-10 09:27:07'),
(19, 2, 'Enter a number', 'number', 0, 1, 3, NULL, '2025-09-10 09:29:27', '2025-09-10 09:29:27'),
(18, 2, 'Rate the experience', 'rating', 0, 1, 2, NULL, '2025-09-10 09:29:27', '2025-09-10 09:29:27'),
(17, 2, 'Select options', 'checkbox', 0, 1, 1, NULL, '2025-09-10 09:29:27', '2025-09-10 09:29:27'),
(16, 2, 'Short text question', 'short', 0, 1, 0, NULL, '2025-09-10 09:29:27', '2025-09-10 09:29:27'),
(20, 2, 'Pick a date', 'date', 0, 1, 4, NULL, '2025-09-10 09:29:27', '2025-09-10 09:29:27'),
(24, 3, 'age', 'q_1757507555445_lphe', 0, 1, 1, NULL, '2025-09-10 09:33:09', '2025-09-10 09:33:09'),
(23, 3, 'Full Name', 'radio', 0, 1, 0, NULL, '2025-09-10 09:33:09', '2025-09-10 09:33:09'),
(41, 4, 'Age', 'radio', 0, 1, 1, NULL, '2025-09-10 09:35:05', '2025-09-10 09:35:05'),
(42, 4, 'Question', 'q_1757507644292_w8e1', 0, 1, 2, NULL, '2025-09-10 09:35:05', '2025-09-10 09:35:05'),
(43, 4, 'Question', 'q_1757507627645_dfac', 0, 1, 3, NULL, '2025-09-10 09:35:05', '2025-09-10 09:35:05'),
(44, 4, 'Question', 'q_1757507627645_dfac', 0, 1, 4, NULL, '2025-09-10 09:35:05', '2025-09-10 09:35:05'),
(30, 5, 'Full Name', 'short', 0, 1, 0, NULL, '2025-09-10 09:34:58', '2025-09-10 09:34:58'),
(31, 5, 'Age', 'radio', 0, 1, 1, NULL, '2025-09-10 09:34:58', '2025-09-10 09:34:58'),
(32, 5, 'Question', 'q_1757507644292_w8e1', 0, 1, 2, NULL, '2025-09-10 09:34:58', '2025-09-10 09:34:58'),
(33, 5, 'Question', 'q_1757507627645_dfac', 0, 1, 3, NULL, '2025-09-10 09:34:58', '2025-09-10 09:34:58'),
(34, 5, 'Question', 'q_1757507627645_dfac', 0, 1, 4, NULL, '2025-09-10 09:34:58', '2025-09-10 09:34:58'),
(40, 4, 'Full Name', 'short', 0, 1, 0, NULL, '2025-09-10 09:35:05', '2025-09-10 09:35:05'),
(48, 7, 'العمر', 'short', 0, 1, 1, NULL, '2025-09-10 09:41:30', '2025-09-10 09:41:30'),
(47, 7, 'الاسم', 'radio', 0, 1, 0, NULL, '2025-09-10 09:41:30', '2025-09-10 09:41:30'),
(50, 8, 'هل لديك كمبيوتر', 'short', 0, 1, 0, NULL, '2025-09-10 09:43:52', '2025-09-10 09:43:52'),
(51, 9, 'Full Name', 'short', 0, 1, 0, NULL, '2025-09-10 10:20:51', '2025-09-10 10:20:51'),
(52, 9, 'Email', 'short', 0, 1, 1, NULL, '2025-09-10 10:20:51', '2025-09-10 10:20:51'),
(53, 9, 'Age', 'radio', 0, 1, 2, NULL, '2025-09-10 10:20:51', '2025-09-10 10:20:51'),
(56, 10, 'yoyo', 'radio', 0, 1, 0, NULL, '2025-09-10 10:30:28', '2025-09-10 10:30:28'),
(57, 11, 'name', 'short', 0, 1, 0, NULL, '2025-09-11 06:22:45', '2025-09-11 06:22:45'),
(58, 11, 'age', 'radio', 0, 1, 1, NULL, '2025-09-11 06:22:45', '2025-09-11 06:22:45'),
(59, 11, 'gander', 'q_1757582531862_2bft', 0, 1, 2, NULL, '2025-09-11 06:22:45', '2025-09-11 06:22:45'),
(60, 12, 'name', 'short', 0, 1, 0, NULL, '2025-09-11 06:22:45', '2025-09-11 06:22:45'),
(61, 12, 'age', 'radio', 0, 1, 1, NULL, '2025-09-11 06:22:45', '2025-09-11 06:22:45'),
(62, 12, 'gander', 'q_1757582531862_2bft', 0, 1, 2, NULL, '2025-09-11 06:22:45', '2025-09-11 06:22:45'),
(68, 13, 'Short text question', 'short', 0, 1, 2, NULL, '2025-09-11 07:24:01', '2025-09-11 07:24:01'),
(67, 13, 'Long text question', 'long', 0, 1, 1, NULL, '2025-09-11 07:24:01', '2025-09-11 07:24:01'),
(66, 13, 'Choose one answer', 'radio', 0, 1, 0, NULL, '2025-09-11 07:24:01', '2025-09-11 07:24:01'),
(70, 12, 'Question', '61', 0, 1, 3, NULL, '2025-09-11 07:47:21', '2025-09-11 07:47:21'),
(71, 14, 'بالتأكيد، إليك الأسئلة وخياراتها فقط كما طلبت:', 'number', 0, 1, 0, NULL, '2025-09-11 07:50:12', '2025-09-11 07:50:12'),
(72, 14, 'Full Name', 'radio', 0, 1, 1, NULL, '2025-09-11 07:50:12', '2025-09-11 07:50:12'),
(73, 14, 'Email', 'radio', 0, 1, 2, NULL, '2025-09-11 07:50:12', '2025-09-11 07:50:12'),
(74, 14, 'Age  (اختر الفئة العمرية)', 'radio', 0, 1, 3, NULL, '2025-09-11 07:50:12', '2025-09-11 07:50:12'),
(75, 14, 'Gender  (اختر الجنس)', 'radio', 0, 1, 4, NULL, '2025-09-11 07:50:12', '2025-09-11 07:50:12'),
(76, 14, 'Country  (اختر الدولة)', 'radio', 0, 1, 5, NULL, '2025-09-11 07:50:12', '2025-09-11 07:50:12'),
(77, 14, 'Residence  (Please provide your current city and country of residence)', 'radio', 0, 1, 6, NULL, '2025-09-11 07:50:12', '2025-09-11 07:50:12'),
(78, 14, 'Educational Level', 'radio', 0, 1, 7, NULL, '2025-09-11 07:50:12', '2025-09-11 07:50:12'),
(79, 14, 'What is your major?', 'radio', 0, 1, 8, NULL, '2025-09-11 07:50:13', '2025-09-11 07:50:13'),
(80, 14, 'What is your employment status?', 'radio', 0, 1, 9, NULL, '2025-09-11 07:50:13', '2025-09-11 07:50:13'),
(81, 14, 'What is your English language proficiency?', 'radio', 0, 1, 10, NULL, '2025-09-11 07:50:13', '2025-09-11 07:50:13'),
(82, 14, 'Do you own a personal computer (PC or laptop) that you can work on?', 'radio', 0, 1, 11, NULL, '2025-09-11 07:50:13', '2025-09-11 07:50:13'),
(83, 14, 'Which operating systems do you use?  (يمكن اختيار أكثر من خيار)', 'checkbox', 0, 1, 12, NULL, '2025-09-11 07:50:13', '2025-09-11 07:50:13'),
(84, 14, 'What is your understanding of basic technical English terms (e.g., File, Browser, Code)?', 'radio', 0, 1, 13, NULL, '2025-09-11 07:50:13', '2025-09-11 07:50:13'),
(85, 14, 'How do you organize your files and folders on your device?', 'radio', 0, 1, 14, NULL, '2025-09-11 07:50:13', '2025-09-11 07:50:13'),
(86, 14, 'ما هي متصفحات الإنترنت التي تستخدمها بشكل منتظم؟  (يمكن اختيار أكثر من خيار)', 'checkbox', 0, 1, 15, NULL, '2025-09-11 07:50:13', '2025-09-11 07:50:13'),
(87, 14, 'How do you rate your keyboard shortcuts skills?', 'radio', 0, 1, 16, NULL, '2025-09-11 07:50:13', '2025-09-11 07:50:13'),
(88, 14, 'كيف تقيّم قدرتك على البحث عن المعلومات وحل المشكلات باستخدام الإنترنت؟', 'radio', 0, 1, 17, NULL, '2025-09-11 07:50:13', '2025-09-11 07:50:13'),
(89, 14, 'كم ساعة أسبوعياً تستطيع تخصيصها للتعلم والتطبيق العملي؟', 'radio', 0, 1, 18, NULL, '2025-09-11 07:50:13', '2025-09-11 07:50:13'),
(90, 14, '10 ساعات', 'radio', 0, 1, 19, NULL, '2025-09-11 07:50:13', '2025-09-11 07:50:13'),
(91, 14, 'أي أسلوب تعلم تفضل؟', 'radio', 0, 1, 20, NULL, '2025-09-11 07:50:13', '2025-09-11 07:50:13'),
(92, 14, 'عند مواجهة لغز أو تحدي منطقي، كيف تتعامل معه؟', 'radio', 0, 1, 21, NULL, '2025-09-11 07:50:13', '2025-09-11 07:50:13'),
(93, 14, 'هل لديك أي خبرة سابقة في البرمجة؟ إذا كانت الإجابة نعم، يرجى التوضيح', 'radio', 0, 1, 22, NULL, '2025-09-11 07:50:13', '2025-09-11 07:50:13'),
(94, 14, 'عند مواجهة مشكلة تقنية، ما هو أول إجراء تتخذه؟', 'radio', 0, 1, 23, NULL, '2025-09-11 07:50:13', '2025-09-11 07:50:13'),
(138, 15, '10 ساعات', 'radio', 0, 1, 19, NULL, '2025-09-11 07:50:19', '2025-09-11 07:50:19'),
(139, 15, 'أي أسلوب تعلم تفضل؟', 'radio', 0, 1, 20, NULL, '2025-09-11 07:50:19', '2025-09-11 07:50:19'),
(137, 15, 'كم ساعة أسبوعياً تستطيع تخصيصها للتعلم والتطبيق العملي؟', 'radio', 0, 1, 18, NULL, '2025-09-11 07:50:19', '2025-09-11 07:50:19'),
(136, 15, 'كيف تقيّم قدرتك على البحث عن المعلومات وحل المشكلات باستخدام الإنترنت؟', 'radio', 0, 1, 17, NULL, '2025-09-11 07:50:19', '2025-09-11 07:50:19'),
(135, 15, 'How do you rate your keyboard shortcuts skills?', 'radio', 0, 1, 16, NULL, '2025-09-11 07:50:19', '2025-09-11 07:50:19'),
(134, 15, 'ما هي متصفحات الإنترنت التي تستخدمها بشكل منتظم؟  (يمكن اختيار أكثر من خيار)', 'checkbox', 0, 1, 15, NULL, '2025-09-11 07:50:19', '2025-09-11 07:50:19'),
(133, 15, 'How do you organize your files and folders on your device?', 'radio', 0, 1, 14, NULL, '2025-09-11 07:50:19', '2025-09-11 07:50:19'),
(132, 15, 'What is your understanding of basic technical English terms (e.g., File, Browser, Code)?', 'radio', 0, 1, 13, NULL, '2025-09-11 07:50:19', '2025-09-11 07:50:19'),
(131, 15, 'Which operating systems do you use?  (يمكن اختيار أكثر من خيار)', 'checkbox', 0, 1, 12, NULL, '2025-09-11 07:50:19', '2025-09-11 07:50:19'),
(129, 15, 'What is your English language proficiency?', 'radio', 0, 1, 10, NULL, '2025-09-11 07:50:19', '2025-09-11 07:50:19'),
(130, 15, 'Do you own a personal computer (PC or laptop) that you can work on?', 'radio', 0, 1, 11, NULL, '2025-09-11 07:50:19', '2025-09-11 07:50:19'),
(128, 15, 'What is your employment status?', 'radio', 0, 1, 9, NULL, '2025-09-11 07:50:19', '2025-09-11 07:50:19'),
(126, 15, 'Educational Level', 'radio', 0, 1, 7, NULL, '2025-09-11 07:50:19', '2025-09-11 07:50:19'),
(127, 15, 'What is your major?', 'radio', 0, 1, 8, NULL, '2025-09-11 07:50:19', '2025-09-11 07:50:19'),
(125, 15, 'Residence  (Please provide your current city and country of residence)', 'radio', 0, 1, 6, NULL, '2025-09-11 07:50:19', '2025-09-11 07:50:19'),
(124, 15, 'Country  (اختر الدولة)', 'radio', 0, 1, 5, NULL, '2025-09-11 07:50:19', '2025-09-11 07:50:19'),
(123, 15, 'Gender  (اختر الجنس)', 'radio', 0, 1, 4, NULL, '2025-09-11 07:50:19', '2025-09-11 07:50:19'),
(120, 15, 'Full Name', 'radio', 0, 1, 1, NULL, '2025-09-11 07:50:19', '2025-09-11 07:50:19'),
(121, 15, 'Email', 'radio', 0, 1, 2, NULL, '2025-09-11 07:50:19', '2025-09-11 07:50:19'),
(122, 15, 'Age  (اختر الفئة العمرية)', 'radio', 0, 1, 3, NULL, '2025-09-11 07:50:19', '2025-09-11 07:50:19'),
(119, 15, 'بالتأكيد، إليك الأسئلة وخياراتها فقط كما طلبت:', 'number', 0, 1, 0, NULL, '2025-09-11 07:50:19', '2025-09-11 07:50:19'),
(140, 15, 'عند مواجهة لغز أو تحدي منطقي، كيف تتعامل معه؟', 'radio', 0, 1, 21, NULL, '2025-09-11 07:50:19', '2025-09-11 07:50:19'),
(141, 15, 'هل لديك أي خبرة سابقة في البرمجة؟ إذا كانت الإجابة نعم، يرجى التوضيح', 'radio', 0, 1, 22, NULL, '2025-09-11 07:50:19', '2025-09-11 07:50:19'),
(142, 15, 'عند مواجهة مشكلة تقنية، ما هو أول إجراء تتخذه؟', 'radio', 0, 1, 23, NULL, '2025-09-11 07:50:19', '2025-09-11 07:50:19');

-- --------------------------------------------------------

--
-- Table structure for table `respondents`
--

DROP TABLE IF EXISTS `respondents`;
CREATE TABLE IF NOT EXISTS `respondents` (
  `id` bigint UNSIGNED NOT NULL AUTO_INCREMENT,
  `name` varchar(191) COLLATE utf8mb4_unicode_ci DEFAULT NULL,
  `email` varchar(191) COLLATE utf8mb4_unicode_ci DEFAULT NULL,
  `gender` enum('male','female','other') COLLATE utf8mb4_unicode_ci DEFAULT NULL,
  `age` smallint UNSIGNED DEFAULT NULL,
  `education` varchar(191) COLLATE utf8mb4_unicode_ci DEFAULT NULL,
  `location` varchar(191) COLLATE utf8mb4_unicode_ci DEFAULT NULL,
  `created_at` timestamp NULL DEFAULT NULL,
  `updated_at` timestamp NULL DEFAULT NULL,
  PRIMARY KEY (`id`)
) ENGINE=MyISAM AUTO_INCREMENT=9 DEFAULT CHARSET=utf8mb4 COLLATE=utf8mb4_unicode_ci;

--
-- Dumping data for table `respondents`
--

INSERT INTO `respondents` (`id`, `name`, `email`, `gender`, `age`, `education`, `location`, `created_at`, `updated_at`) VALUES
(1, NULL, 'yosra774829@gmail.com', NULL, NULL, NULL, NULL, '2025-09-10 10:30:59', '2025-09-10 10:30:59'),
(2, 'yosra', 'yosra@gmail.com', NULL, NULL, NULL, NULL, '2025-09-10 10:31:41', '2025-09-10 10:31:41'),
(3, 'yoyo', 'yosraziad14@gmail.com', NULL, NULL, NULL, NULL, '2025-09-11 06:23:29', '2025-09-11 06:23:29'),
(4, 'yoyo', 'yosra774829@gmail.com', NULL, NULL, NULL, NULL, '2025-09-11 07:24:40', '2025-09-11 07:24:40'),
(5, 'yoyo', 'yosra774829@gmail.com', NULL, NULL, NULL, NULL, '2025-09-11 07:28:51', '2025-09-11 07:28:51'),
(6, 'ali', 'yora5395@gmail.com', NULL, NULL, NULL, NULL, '2025-09-11 07:47:59', '2025-09-11 07:47:59'),
(7, 'yoyo', 'yosraziad14@gmail.com', NULL, NULL, NULL, NULL, '2025-09-11 07:49:02', '2025-09-11 07:49:02'),
(8, 'ali', 'yora5395@gmail.com', NULL, NULL, NULL, NULL, '2025-09-11 07:51:22', '2025-09-11 07:51:22');

-- --------------------------------------------------------

--
-- Table structure for table `responses`
--

DROP TABLE IF EXISTS `responses`;
CREATE TABLE IF NOT EXISTS `responses` (
  `id` bigint UNSIGNED NOT NULL AUTO_INCREMENT,
  `survey_id` bigint UNSIGNED NOT NULL,
  `respondent_id` bigint UNSIGNED DEFAULT NULL,
  `score` double(8,2) DEFAULT NULL,
  `created_at` timestamp NULL DEFAULT NULL,
  `updated_at` timestamp NULL DEFAULT NULL,
  PRIMARY KEY (`id`),
  KEY `responses_survey_id_foreign` (`survey_id`),
  KEY `responses_respondent_id_foreign` (`respondent_id`)
) ENGINE=MyISAM AUTO_INCREMENT=13 DEFAULT CHARSET=utf8mb4 COLLATE=utf8mb4_unicode_ci;

--
-- Dumping data for table `responses`
--

INSERT INTO `responses` (`id`, `survey_id`, `respondent_id`, `score`, `created_at`, `updated_at`) VALUES
(1, 4, NULL, 0.00, '2025-09-10 09:35:41', '2025-09-10 09:35:41'),
(2, 7, NULL, 0.00, '2025-09-10 09:41:53', '2025-09-10 09:41:53'),
(3, 9, NULL, 0.00, '2025-09-10 10:21:39', '2025-09-10 10:21:39'),
(4, 9, NULL, 0.00, '2025-09-10 10:25:24', '2025-09-10 10:25:24'),
(5, 10, 1, 0.00, '2025-09-10 10:30:59', '2025-09-10 10:30:59'),
(6, 10, 2, 0.00, '2025-09-10 10:31:41', '2025-09-10 10:31:41'),
(7, 12, 3, 0.00, '2025-09-11 06:23:29', '2025-09-11 06:23:29'),
(8, 13, 4, 0.00, '2025-09-11 07:24:40', '2025-09-11 07:24:40'),
(9, 13, 5, 0.00, '2025-09-11 07:28:51', '2025-09-11 07:28:51'),
(10, 12, 6, 0.00, '2025-09-11 07:47:59', '2025-09-11 07:47:59'),
(11, 12, 7, 0.00, '2025-09-11 07:49:02', '2025-09-11 07:49:02'),
(12, 15, 8, 0.00, '2025-09-11 07:51:22', '2025-09-11 07:51:22');

-- --------------------------------------------------------

--
-- Table structure for table `surveys`
--

DROP TABLE IF EXISTS `surveys`;
CREATE TABLE IF NOT EXISTS `surveys` (
  `id` bigint UNSIGNED NOT NULL AUTO_INCREMENT,
  `title` varchar(191) COLLATE utf8mb4_unicode_ci NOT NULL,
  `description` text COLLATE utf8mb4_unicode_ci,
  `type` enum('survey','quiz') COLLATE utf8mb4_unicode_ci NOT NULL DEFAULT 'survey',
  `is_published` tinyint(1) NOT NULL DEFAULT '0',
  `metadata` json DEFAULT NULL,
  `created_at` timestamp NULL DEFAULT NULL,
  `updated_at` timestamp NULL DEFAULT NULL,
  PRIMARY KEY (`id`)
) ENGINE=MyISAM AUTO_INCREMENT=16 DEFAULT CHARSET=utf8mb4 COLLATE=utf8mb4_unicode_ci;

--
-- Dumping data for table `surveys`
--

INSERT INTO `surveys` (`id`, `title`, `description`, `type`, `is_published`, `metadata`, `created_at`, `updated_at`) VALUES
(1, 'نموذج التقديم لدورة تطوير الويب', 'Survey description', 'survey', 1, NULL, '2025-09-10 09:25:35', '2025-09-10 09:27:07'),
(15, 'New Survey', 'Survey description', 'survey', 1, NULL, '2025-09-11 07:50:13', '2025-09-11 07:50:24'),
(14, 'New Survey', 'Survey description', 'survey', 1, NULL, '2025-09-11 07:50:12', '2025-09-11 07:50:12'),
(13, 'New Survey', 'Survey description', 'survey', 1, NULL, '2025-09-11 07:23:57', '2025-09-11 07:24:07'),
(12, 'New Survey', 'Survey description', 'survey', 1, NULL, '2025-09-11 06:22:45', '2025-09-11 07:47:27'),
(11, 'New Survey', 'Survey description', 'survey', 1, NULL, '2025-09-11 06:22:45', '2025-09-11 06:22:45'),
(7, 'New Survey', 'Survey description', 'survey', 1, NULL, '2025-09-10 09:41:25', '2025-09-10 09:41:33'),
(8, 'New Survey', 'Survey description', 'quiz', 1, NULL, '2025-09-10 09:43:48', '2025-09-10 09:43:58'),
(9, 'نموذج التقديم لدورة تطوير الويب', 'Survey descriptionنموذج التقديم لدورة تطوير الويب', 'quiz', 1, NULL, '2025-09-10 10:20:51', '2025-09-10 10:21:10'),
(10, 'New Survey', 'Survey description', 'quiz', 1, NULL, '2025-09-10 10:30:23', '2025-09-10 10:30:35');

-- --------------------------------------------------------

--
-- Table structure for table `users`
--

DROP TABLE IF EXISTS `users`;
CREATE TABLE IF NOT EXISTS `users` (
  `id` bigint UNSIGNED NOT NULL AUTO_INCREMENT,
  `name` varchar(191) COLLATE utf8mb4_unicode_ci NOT NULL,
  `email` varchar(191) COLLATE utf8mb4_unicode_ci NOT NULL,
  `email_verified_at` timestamp NULL DEFAULT NULL,
  `password` varchar(191) COLLATE utf8mb4_unicode_ci NOT NULL,
  `remember_token` varchar(100) COLLATE utf8mb4_unicode_ci DEFAULT NULL,
  `created_at` timestamp NULL DEFAULT NULL,
  `updated_at` timestamp NULL DEFAULT NULL,
  PRIMARY KEY (`id`),
  UNIQUE KEY `users_email_unique` (`email`)
) ENGINE=MyISAM DEFAULT CHARSET=utf8mb4 COLLATE=utf8mb4_unicode_ci;
COMMIT;

/*!40101 SET CHARACTER_SET_CLIENT=@OLD_CHARACTER_SET_CLIENT */;
/*!40101 SET CHARACTER_SET_RESULTS=@OLD_CHARACTER_SET_RESULTS */;
/*!40101 SET COLLATION_CONNECTION=@OLD_COLLATION_CONNECTION */;
