-- phpMyAdmin SQL Dump
-- version 5.2.1
-- https://www.phpmyadmin.net/
--
-- Host: 127.0.0.1:3306
-- Generation Time: Sep 14, 2025 at 09:46 AM
-- Server version: 9.1.0
-- PHP Version: 8.3.14

SET SQL_MODE = "NO_AUTO_VALUE_ON_ZERO";
START TRANSACTION;
SET time_zone = "+00:00";


/*!40101 SET @OLD_CHARACTER_SET_CLIENT=@@CHARACTER_SET_CLIENT */;
/*!40101 SET @OLD_CHARACTER_SET_RESULTS=@@CHARACTER_SET_RESULTS */;
/*!40101 SET @OLD_COLLATION_CONNECTION=@@COLLATION_CONNECTION */;
/*!40101 SET NAMES utf8mb4 */;

--
-- Database: `survey`
--

-- --------------------------------------------------------

--
-- Table structure for table `answers`
--

DROP TABLE IF EXISTS `answers`;
CREATE TABLE IF NOT EXISTS `answers` (
  `id` bigint UNSIGNED NOT NULL AUTO_INCREMENT,
  `response_id` bigint UNSIGNED NOT NULL,
  `question_id` bigint UNSIGNED NOT NULL,
  `option_id` bigint UNSIGNED DEFAULT NULL,
  `value` text COLLATE utf8mb4_unicode_ci,
  `created_at` timestamp NULL DEFAULT NULL,
  `updated_at` timestamp NULL DEFAULT NULL,
  PRIMARY KEY (`id`),
  KEY `answers_response_id_foreign` (`response_id`),
  KEY `answers_question_id_foreign` (`question_id`),
  KEY `answers_option_id_foreign` (`option_id`)
) ENGINE=MyISAM AUTO_INCREMENT=109 DEFAULT CHARSET=utf8mb4 COLLATE=utf8mb4_unicode_ci;

--
-- Dumping data for table `answers`
--

INSERT INTO `answers` (`id`, `response_id`, `question_id`, `option_id`, `value`, `created_at`, `updated_at`) VALUES
(1, 1, 40, NULL, 'Yosra Mohammed Ziad', '2025-09-10 09:35:41', '2025-09-10 09:35:41'),
(2, 1, 41, 28, NULL, '2025-09-10 09:35:41', '2025-09-10 09:35:41'),
(3, 2, 47, 33, NULL, '2025-09-10 09:41:53', '2025-09-10 09:41:53'),
(4, 2, 48, NULL, '226', '2025-09-10 09:41:53', '2025-09-10 09:41:53'),
(5, 3, 51, NULL, 'yosra ziad', '2025-09-10 10:21:39', '2025-09-10 10:21:39'),
(6, 3, 52, NULL, 'yosra774829@gmail.com', '2025-09-10 10:21:39', '2025-09-10 10:21:39'),
(7, 3, 53, 37, NULL, '2025-09-10 10:21:39', '2025-09-10 10:21:39'),
(8, 4, 51, NULL, 'غغغغ', '2025-09-10 10:25:24', '2025-09-10 10:25:24'),
(9, 4, 52, NULL, 'yosra774829@gmail.com', '2025-09-10 10:25:24', '2025-09-10 10:25:24'),
(10, 4, 53, 37, NULL, '2025-09-10 10:25:24', '2025-09-10 10:25:24'),
(11, 5, 56, 43, NULL, '2025-09-10 10:30:59', '2025-09-10 10:30:59'),
(12, 6, 56, 43, NULL, '2025-09-10 10:31:41', '2025-09-10 10:31:41'),
(13, 7, 60, NULL, 'yoyi00', '2025-09-11 06:23:29', '2025-09-11 06:23:29'),
(14, 7, 61, 47, NULL, '2025-09-11 06:23:29', '2025-09-11 06:23:29'),
(15, 8, 66, 51, NULL, '2025-09-11 07:24:40', '2025-09-11 07:24:40'),
(16, 8, 67, NULL, 'jjjjjjjjjjjjjjj', '2025-09-11 07:24:40', '2025-09-11 07:24:40'),
(17, 8, 68, NULL, 'zzzzzzzzzzzzzz', '2025-09-11 07:24:40', '2025-09-11 07:24:40'),
(18, 9, 66, 51, NULL, '2025-09-11 07:28:51', '2025-09-11 07:28:51'),
(19, 9, 67, NULL, 'yoyo9999', '2025-09-11 07:28:51', '2025-09-11 07:28:51'),
(20, 9, 68, NULL, 'zzzzzzzzzzzzzz', '2025-09-11 07:28:51', '2025-09-11 07:28:51'),
(21, 10, 60, NULL, 'ali', '2025-09-11 07:47:59', '2025-09-11 07:47:59'),
(22, 10, 61, 56, NULL, '2025-09-11 07:47:59', '2025-09-11 07:47:59'),
(23, 11, 60, NULL, 'yoyi00', '2025-09-11 07:49:02', '2025-09-11 07:49:02'),
(24, 11, 61, 56, NULL, '2025-09-11 07:49:02', '2025-09-11 07:49:02'),
(25, 12, 120, 235, NULL, '2025-09-11 07:51:22', '2025-09-11 07:51:22'),
(26, 12, 121, 236, NULL, '2025-09-11 07:51:22', '2025-09-11 07:51:22'),
(27, 12, 122, 238, NULL, '2025-09-11 07:51:22', '2025-09-11 07:51:22'),
(28, 12, 123, 242, NULL, '2025-09-11 07:51:22', '2025-09-11 07:51:22'),
(29, 12, 124, 244, NULL, '2025-09-11 07:51:22', '2025-09-11 07:51:22'),
(30, 12, 127, 271, NULL, '2025-09-11 07:51:22', '2025-09-11 07:51:22'),
(31, 12, 128, 273, NULL, '2025-09-11 07:51:22', '2025-09-11 07:51:22'),
(32, 12, 130, 281, NULL, '2025-09-11 07:51:22', '2025-09-11 07:51:22'),
(33, 13, 467, 1442, NULL, '2025-09-13 10:18:38', '2025-09-13 10:18:38'),
(34, 13, 468, 1450, NULL, '2025-09-13 10:18:38', '2025-09-13 10:18:38'),
(35, 13, 469, NULL, '2', '2025-09-13 10:18:38', '2025-09-13 10:18:38'),
(36, 13, 470, 1452, NULL, '2025-09-13 10:18:38', '2025-09-13 10:18:38'),
(37, 13, 471, 1458, NULL, '2025-09-13 10:18:38', '2025-09-13 10:18:38'),
(38, 13, 472, 1464, NULL, '2025-09-13 10:18:38', '2025-09-13 10:18:38'),
(39, 13, 473, NULL, '10', '2025-09-13 10:18:38', '2025-09-13 10:18:38'),
(40, 14, 51, NULL, 'ATEF', '2025-09-13 10:32:34', '2025-09-13 10:32:34'),
(41, 14, 52, NULL, 'atefakl80@gmail.com', '2025-09-13 10:32:34', '2025-09-13 10:32:34'),
(42, 14, 53, 37, NULL, '2025-09-13 10:32:34', '2025-09-13 10:32:34'),
(43, 15, 51, NULL, 'ATEF', '2025-09-13 10:33:16', '2025-09-13 10:33:16'),
(44, 15, 52, NULL, 'atefakl80@gmail.com', '2025-09-13 10:33:16', '2025-09-13 10:33:16'),
(45, 15, 53, 37, NULL, '2025-09-13 10:33:16', '2025-09-13 10:33:16'),
(46, 16, 525, 1674, NULL, '2025-09-13 11:10:24', '2025-09-13 11:10:24'),
(47, 16, 526, 1683, NULL, '2025-09-13 11:10:24', '2025-09-13 11:10:24'),
(48, 16, 527, NULL, '2', '2025-09-13 11:10:24', '2025-09-13 11:10:24'),
(49, 16, 528, 1688, NULL, '2025-09-13 11:10:24', '2025-09-13 11:10:24'),
(50, 16, 529, 1690, NULL, '2025-09-13 11:10:24', '2025-09-13 11:10:24'),
(51, 16, 530, 1696, NULL, '2025-09-13 11:10:24', '2025-09-13 11:10:24'),
(52, 16, 531, NULL, '10', '2025-09-13 11:10:24', '2025-09-13 11:10:24'),
(53, 17, 539, 1722, NULL, '2025-09-13 11:33:18', '2025-09-13 11:33:18'),
(54, 17, 540, 1731, NULL, '2025-09-13 11:33:18', '2025-09-13 11:33:18'),
(55, 17, 541, NULL, '2', '2025-09-13 11:33:18', '2025-09-13 11:33:18'),
(56, 17, 542, 1736, NULL, '2025-09-13 11:33:18', '2025-09-13 11:33:18'),
(57, 17, 543, 1738, NULL, '2025-09-13 11:33:18', '2025-09-13 11:33:18'),
(58, 17, 544, 1744, NULL, '2025-09-13 11:33:18', '2025-09-13 11:33:18'),
(59, 17, 545, NULL, '10', '2025-09-13 11:33:18', '2025-09-13 11:33:18'),
(60, 18, 553, 1770, NULL, '2025-09-13 16:52:02', '2025-09-13 16:52:02'),
(61, 18, 554, 1778, NULL, '2025-09-13 16:52:02', '2025-09-13 16:52:02'),
(62, 18, 555, NULL, '2', '2025-09-13 16:52:02', '2025-09-13 16:52:02'),
(63, 18, 556, 1780, NULL, '2025-09-13 16:52:02', '2025-09-13 16:52:02'),
(64, 18, 557, 1786, NULL, '2025-09-13 16:52:02', '2025-09-13 16:52:02'),
(65, 18, 558, 1792, NULL, '2025-09-13 16:52:02', '2025-09-13 16:52:02'),
(66, 18, 559, NULL, '10', '2025-09-13 16:52:02', '2025-09-13 16:52:02'),
(67, 19, 568, 1818, NULL, '2025-09-13 17:01:17', '2025-09-13 17:01:17'),
(68, 19, 569, 1827, NULL, '2025-09-13 17:01:17', '2025-09-13 17:01:17'),
(69, 19, 570, NULL, '30', '2025-09-13 17:01:17', '2025-09-13 17:01:17'),
(70, 19, 571, 1831, NULL, '2025-09-13 17:01:17', '2025-09-13 17:01:17'),
(71, 19, 572, 1837, NULL, '2025-09-13 17:01:17', '2025-09-13 17:01:17'),
(72, 19, 573, 1840, NULL, '2025-09-13 17:01:17', '2025-09-13 17:01:17'),
(73, 19, 574, NULL, '30', '2025-09-13 17:01:17', '2025-09-13 17:01:17'),
(74, 20, 568, 1818, NULL, '2025-09-13 17:28:49', '2025-09-13 17:28:49'),
(75, 20, 569, 1827, NULL, '2025-09-13 17:28:49', '2025-09-13 17:28:49'),
(76, 20, 570, NULL, '30', '2025-09-13 17:28:49', '2025-09-13 17:28:49'),
(77, 20, 571, 1831, NULL, '2025-09-13 17:28:49', '2025-09-13 17:28:49'),
(78, 20, 572, 1837, NULL, '2025-09-13 17:28:49', '2025-09-13 17:28:49'),
(79, 20, 573, 1840, NULL, '2025-09-13 17:28:49', '2025-09-13 17:28:49'),
(80, 20, 574, NULL, '30', '2025-09-13 17:28:49', '2025-09-13 17:28:49'),
(81, 21, 568, 1818, NULL, '2025-09-13 17:41:26', '2025-09-13 17:41:26'),
(82, 21, 569, 1827, NULL, '2025-09-13 17:41:26', '2025-09-13 17:41:26'),
(83, 21, 570, NULL, '30', '2025-09-13 17:41:26', '2025-09-13 17:41:26'),
(84, 21, 571, 1833, NULL, '2025-09-13 17:41:26', '2025-09-13 17:41:26'),
(85, 21, 572, 1834, NULL, '2025-09-13 17:41:26', '2025-09-13 17:41:26'),
(86, 21, 573, 1840, NULL, '2025-09-13 17:41:26', '2025-09-13 17:41:26'),
(87, 21, 574, NULL, '30', '2025-09-13 17:41:26', '2025-09-13 17:41:26'),
(88, 22, 586, 1866, NULL, '2025-09-13 19:03:03', '2025-09-13 19:03:03'),
(89, 22, 587, 1875, NULL, '2025-09-13 19:03:03', '2025-09-13 19:03:03'),
(90, 22, 588, NULL, '40', '2025-09-13 19:03:03', '2025-09-13 19:03:03'),
(91, 22, 589, 1876, NULL, '2025-09-13 19:03:03', '2025-09-13 19:03:03'),
(92, 22, 590, 1882, NULL, '2025-09-13 19:03:03', '2025-09-13 19:03:03'),
(93, 22, 591, 1888, NULL, '2025-09-13 19:03:03', '2025-09-13 19:03:03'),
(94, 22, 592, NULL, '90', '2025-09-13 19:03:03', '2025-09-13 19:03:03'),
(95, 23, 553, 1770, NULL, '2025-09-13 19:11:27', '2025-09-13 19:11:27'),
(96, 23, 554, 1778, NULL, '2025-09-13 19:11:27', '2025-09-13 19:11:27'),
(97, 23, 555, NULL, '30', '2025-09-13 19:11:27', '2025-09-13 19:11:27'),
(98, 23, 556, 1780, NULL, '2025-09-13 19:11:27', '2025-09-13 19:11:27'),
(99, 23, 557, 1786, NULL, '2025-09-13 19:11:27', '2025-09-13 19:11:27'),
(100, 23, 558, 1792, NULL, '2025-09-13 19:11:27', '2025-09-13 19:11:27'),
(101, 23, 559, NULL, '30', '2025-09-13 19:11:27', '2025-09-13 19:11:27'),
(102, 24, 568, 1819, NULL, '2025-09-14 06:06:09', '2025-09-14 06:06:09'),
(103, 24, 569, 1826, NULL, '2025-09-14 06:06:09', '2025-09-14 06:06:09'),
(104, 24, 570, NULL, '40', '2025-09-14 06:06:09', '2025-09-14 06:06:09'),
(105, 24, 571, 1828, NULL, '2025-09-14 06:06:09', '2025-09-14 06:06:09'),
(106, 24, 572, 1834, NULL, '2025-09-14 06:06:09', '2025-09-14 06:06:09'),
(107, 24, 573, 1840, NULL, '2025-09-14 06:06:09', '2025-09-14 06:06:09'),
(108, 24, 574, NULL, '10', '2025-09-14 06:06:09', '2025-09-14 06:06:09');

-- --------------------------------------------------------

--
-- Table structure for table `failed_jobs`
--

DROP TABLE IF EXISTS `failed_jobs`;
CREATE TABLE IF NOT EXISTS `failed_jobs` (
  `id` bigint UNSIGNED NOT NULL AUTO_INCREMENT,
  `uuid` varchar(191) COLLATE utf8mb4_unicode_ci NOT NULL,
  `connection` text COLLATE utf8mb4_unicode_ci NOT NULL,
  `queue` text COLLATE utf8mb4_unicode_ci NOT NULL,
  `payload` longtext COLLATE utf8mb4_unicode_ci NOT NULL,
  `exception` longtext COLLATE utf8mb4_unicode_ci NOT NULL,
  `failed_at` timestamp NOT NULL DEFAULT CURRENT_TIMESTAMP,
  PRIMARY KEY (`id`),
  UNIQUE KEY `failed_jobs_uuid_unique` (`uuid`)
) ENGINE=MyISAM DEFAULT CHARSET=utf8mb4 COLLATE=utf8mb4_unicode_ci;

-- --------------------------------------------------------

--
-- Table structure for table `migrations`
--

DROP TABLE IF EXISTS `migrations`;
CREATE TABLE IF NOT EXISTS `migrations` (
  `id` int UNSIGNED NOT NULL AUTO_INCREMENT,
  `migration` varchar(191) COLLATE utf8mb4_unicode_ci NOT NULL,
  `batch` int NOT NULL,
  PRIMARY KEY (`id`)
) ENGINE=MyISAM AUTO_INCREMENT=18 DEFAULT CHARSET=utf8mb4 COLLATE=utf8mb4_unicode_ci;

--
-- Dumping data for table `migrations`
--

INSERT INTO `migrations` (`id`, `migration`, `batch`) VALUES
(1, '2014_10_12_000000_create_users_table', 1),
(2, '2014_10_12_100000_create_password_resets_table', 1),
(3, '2019_08_19_000000_create_failed_jobs_table', 1),
(4, '2019_12_14_000001_create_personal_access_tokens_table', 1),
(5, '2025_09_10_111511_create_surveys_table', 1),
(6, '2025_09_10_120001_create_questions_table', 1),
(7, '2025_09_10_120002_create_options_table', 1),
(8, '2025_09_10_120003_create_respondents_table', 1),
(9, '2025_09_10_120004_create_responses_table', 1),
(10, '2025_09_10_120005_create_answers_table', 1),
(11, '2025_09_12_070410_add_score_and_account_type_to_users_table', 2),
(12, '2025_09_12_083600_add_survey_number_to_surveys_table', 3),
(13, '2025_09_12_092200_add_weight_to_questions_table', 3),
(14, '2025_09_12_092300_add_weight_and_is_correct_to_options_table', 4),
(15, '2025_09_12_999999_fix_options_label_default', 5),
(16, '2025_09_13_135031_add_weight_to_questions_and_points_to_options', 6),
(17, '2025_09_13_210501_add_description_to_questions_table', 7);

-- --------------------------------------------------------

--
-- Table structure for table `options`
--

DROP TABLE IF EXISTS `options`;
CREATE TABLE IF NOT EXISTS `options` (
  `id` bigint UNSIGNED NOT NULL AUTO_INCREMENT,
  `question_id` bigint UNSIGNED NOT NULL,
  `label` varchar(191) CHARACTER SET utf8mb4 COLLATE utf8mb4_unicode_ci NOT NULL DEFAULT 'Option',
  `weight` double(8,2) DEFAULT NULL,
  `points` int DEFAULT NULL,
  `is_correct` tinyint(1) NOT NULL DEFAULT '0',
  `display_order` int UNSIGNED NOT NULL DEFAULT '0',
  `created_at` timestamp NULL DEFAULT NULL,
  `updated_at` timestamp NULL DEFAULT NULL,
  PRIMARY KEY (`id`),
  KEY `options_question_id_foreign` (`question_id`)
) ENGINE=MyISAM AUTO_INCREMENT=1890 DEFAULT CHARSET=utf8mb4 COLLATE=utf8mb4_unicode_ci;

--
-- Dumping data for table `options`
--

INSERT INTO `options` (`id`, `question_id`, `label`, `weight`, `points`, `is_correct`, `display_order`, `created_at`, `updated_at`) VALUES
(1, 1, 'الخيار 1', NULL, NULL, 0, 0, '2025-09-10 09:25:35', '2025-09-10 09:25:35'),
(2, 1, 'الخيار 2', NULL, NULL, 0, 1, '2025-09-10 09:25:35', '2025-09-10 09:25:35'),
(3, 3, 'الخيار 1', NULL, NULL, 0, 0, '2025-09-10 09:25:39', '2025-09-10 09:25:39'),
(4, 3, 'الخيار 2', NULL, NULL, 0, 1, '2025-09-10 09:25:39', '2025-09-10 09:25:39'),
(5, 5, 'الخيار 1', 4.00, NULL, 0, 0, '2025-09-10 09:25:55', '2025-09-10 09:25:55'),
(6, 5, 'الخيار 2', 3.00, NULL, 0, 1, '2025-09-10 09:25:55', '2025-09-10 09:25:55'),
(7, 7, 'الخيار 1', 7.00, NULL, 0, 0, '2025-09-10 09:27:03', '2025-09-10 09:27:03'),
(8, 7, 'الخيار 2', 8.00, NULL, 0, 1, '2025-09-10 09:27:03', '2025-09-10 09:27:03'),
(9, 9, 'الخيار 1', 7.00, NULL, 0, 0, '2025-09-10 09:27:07', '2025-09-10 09:27:07'),
(10, 9, 'الخيار 2', 8.00, NULL, 0, 1, '2025-09-10 09:27:07', '2025-09-10 09:27:07'),
(11, 12, 'الخيار 1', NULL, NULL, 0, 0, '2025-09-10 09:29:22', '2025-09-10 09:29:22'),
(12, 12, 'الخيار 2', NULL, NULL, 0, 1, '2025-09-10 09:29:22', '2025-09-10 09:29:22'),
(13, 17, 'الخيار 1', NULL, NULL, 0, 0, '2025-09-10 09:29:27', '2025-09-10 09:29:27'),
(14, 17, 'الخيار 2', NULL, NULL, 0, 1, '2025-09-10 09:29:27', '2025-09-10 09:29:27'),
(15, 21, 'الخيار 1', NULL, NULL, 1, 0, '2025-09-10 09:33:06', '2025-09-10 09:33:06'),
(16, 21, 'الخيار 2', NULL, NULL, 0, 1, '2025-09-10 09:33:06', '2025-09-10 09:33:06'),
(17, 23, 'الخيار 1', NULL, NULL, 1, 0, '2025-09-10 09:33:09', '2025-09-10 09:33:09'),
(18, 23, 'الخيار 2', NULL, NULL, 0, 1, '2025-09-10 09:33:09', '2025-09-10 09:33:09'),
(19, 26, 'قل من 15 سن', NULL, NULL, 0, 0, '2025-09-10 09:34:58', '2025-09-10 09:34:58'),
(20, 26, 'قل من 15 سن', NULL, NULL, 0, 1, '2025-09-10 09:34:58', '2025-09-10 09:34:58'),
(21, 26, 'قل من 15 سن', NULL, NULL, 0, 2, '2025-09-10 09:34:58', '2025-09-10 09:34:58'),
(22, 31, 'قل من 15 سن', NULL, NULL, 0, 0, '2025-09-10 09:34:58', '2025-09-10 09:34:58'),
(23, 31, 'قل من 15 سن', NULL, NULL, 0, 1, '2025-09-10 09:34:58', '2025-09-10 09:34:58'),
(24, 31, 'قل من 15 سن', NULL, NULL, 0, 2, '2025-09-10 09:34:58', '2025-09-10 09:34:58'),
(25, 36, 'قل من 15 سن', NULL, NULL, 0, 0, '2025-09-10 09:34:58', '2025-09-10 09:34:58'),
(26, 36, 'قل من 15 سن', NULL, NULL, 0, 1, '2025-09-10 09:34:58', '2025-09-10 09:34:58'),
(27, 36, 'قل من 15 سن', NULL, NULL, 0, 2, '2025-09-10 09:34:58', '2025-09-10 09:34:58'),
(28, 41, 'قل من 15 سن', NULL, NULL, 0, 0, '2025-09-10 09:35:05', '2025-09-10 09:35:05'),
(29, 41, 'قل من 15 سن', NULL, NULL, 0, 1, '2025-09-10 09:35:05', '2025-09-10 09:35:05'),
(30, 41, 'قل من 15 سن', NULL, NULL, 0, 2, '2025-09-10 09:35:05', '2025-09-10 09:35:05'),
(31, 45, 'الخيار 1', NULL, NULL, 0, 0, '2025-09-10 09:41:25', '2025-09-10 09:41:25'),
(32, 45, 'الخيار 2', NULL, NULL, 0, 1, '2025-09-10 09:41:25', '2025-09-10 09:41:25'),
(33, 47, 'الخيار 1', NULL, NULL, 0, 0, '2025-09-10 09:41:30', '2025-09-10 09:41:30'),
(34, 47, 'الخيار 2', NULL, NULL, 0, 1, '2025-09-10 09:41:30', '2025-09-10 09:41:30'),
(35, 53, 'اقل من 15 سنة', NULL, NULL, 0, 0, '2025-09-10 10:20:51', '2025-09-10 10:20:51'),
(36, 53, 'من 15 إلى 25 سنة', NULL, NULL, 0, 1, '2025-09-10 10:20:51', '2025-09-10 10:20:51'),
(37, 53, 'من 25 إلى 35 سنة', NULL, NULL, 0, 2, '2025-09-10 10:20:51', '2025-09-10 10:20:51'),
(38, 53, 'أكبر من 35 سنة', NULL, NULL, 1, 3, '2025-09-10 10:20:51', '2025-09-10 10:20:51'),
(39, 54, 'الخيار 1', NULL, NULL, 0, 0, '2025-09-10 10:30:23', '2025-09-10 10:30:23'),
(40, 54, 'الخيار 2', NULL, NULL, 0, 1, '2025-09-10 10:30:23', '2025-09-10 10:30:23'),
(41, 55, 'الخيار 1', NULL, NULL, 0, 0, '2025-09-10 10:30:28', '2025-09-10 10:30:28'),
(42, 55, 'الخيار 2', NULL, NULL, 0, 1, '2025-09-10 10:30:28', '2025-09-10 10:30:28'),
(43, 56, 'الخيار 1', NULL, NULL, 0, 0, '2025-09-10 10:30:28', '2025-09-10 10:30:28'),
(44, 56, 'الخيار 2', NULL, NULL, 0, 1, '2025-09-10 10:30:28', '2025-09-10 10:30:28'),
(45, 58, 'الخيار 1', NULL, NULL, 0, 0, '2025-09-11 06:22:45', '2025-09-11 06:22:45'),
(46, 58, 'الخيار 2', NULL, NULL, 0, 1, '2025-09-11 06:22:45', '2025-09-11 06:22:45'),
(55, 61, 'ا15', NULL, NULL, 0, 0, '2025-09-11 07:47:21', '2025-09-11 07:47:21'),
(56, 61, '19', NULL, NULL, 0, 1, '2025-09-11 07:47:21', '2025-09-11 07:47:21'),
(49, 63, 'الخيار 1', NULL, NULL, 0, 0, '2025-09-11 07:23:57', '2025-09-11 07:23:57'),
(50, 63, 'الخيار 2', NULL, NULL, 0, 1, '2025-09-11 07:23:57', '2025-09-11 07:23:57'),
(51, 66, 'الخيار 1', NULL, NULL, 0, 0, '2025-09-11 07:24:01', '2025-09-11 07:24:01'),
(52, 66, 'الخيار 2', NULL, NULL, 0, 1, '2025-09-11 07:24:01', '2025-09-11 07:24:01'),
(57, 72, '(حقل نصي)*', NULL, NULL, 0, 0, '2025-09-11 07:50:12', '2025-09-11 07:50:12'),
(58, 73, '(حقل نصي)*', NULL, NULL, 0, 0, '2025-09-11 07:50:12', '2025-09-11 07:50:12'),
(59, 74, 'أقل من 15 سنة', NULL, NULL, 0, 0, '2025-09-11 07:50:12', '2025-09-11 07:50:12'),
(60, 74, 'من 15 إلى 25 سنة', NULL, NULL, 0, 1, '2025-09-11 07:50:12', '2025-09-11 07:50:12'),
(61, 74, 'من 25 إلى 35 سنة', NULL, NULL, 0, 2, '2025-09-11 07:50:12', '2025-09-11 07:50:12'),
(62, 74, 'أكبر من 35 سنة', NULL, NULL, 0, 3, '2025-09-11 07:50:12', '2025-09-11 07:50:12'),
(63, 75, 'ذكر', NULL, NULL, 0, 0, '2025-09-11 07:50:12', '2025-09-11 07:50:12'),
(64, 75, 'أنثى', NULL, NULL, 0, 1, '2025-09-11 07:50:12', '2025-09-11 07:50:12'),
(65, 75, 'أفضل عدم الإجابة', NULL, NULL, 0, 2, '2025-09-11 07:50:12', '2025-09-11 07:50:12'),
(66, 76, 'مصر', NULL, NULL, 0, 0, '2025-09-11 07:50:12', '2025-09-11 07:50:12'),
(67, 76, 'السعودية', NULL, NULL, 0, 1, '2025-09-11 07:50:12', '2025-09-11 07:50:12'),
(68, 76, 'الإمارات', NULL, NULL, 0, 2, '2025-09-11 07:50:12', '2025-09-11 07:50:12'),
(69, 76, 'الكويت', NULL, NULL, 0, 3, '2025-09-11 07:50:12', '2025-09-11 07:50:12'),
(70, 76, 'قطر', NULL, NULL, 0, 4, '2025-09-11 07:50:12', '2025-09-11 07:50:12'),
(71, 76, 'البحرين', NULL, NULL, 0, 5, '2025-09-11 07:50:12', '2025-09-11 07:50:12'),
(72, 76, 'عمان', NULL, NULL, 0, 6, '2025-09-11 07:50:12', '2025-09-11 07:50:12'),
(73, 76, 'الأردن', NULL, NULL, 0, 7, '2025-09-11 07:50:12', '2025-09-11 07:50:12'),
(74, 76, 'فلسطين', NULL, NULL, 0, 8, '2025-09-11 07:50:12', '2025-09-11 07:50:12'),
(75, 76, 'لبنان', NULL, NULL, 0, 9, '2025-09-11 07:50:12', '2025-09-11 07:50:12'),
(76, 76, 'سوريا', NULL, NULL, 0, 10, '2025-09-11 07:50:12', '2025-09-11 07:50:12'),
(77, 76, 'العراق', NULL, NULL, 0, 11, '2025-09-11 07:50:12', '2025-09-11 07:50:12'),
(78, 76, 'اليمن', NULL, NULL, 0, 12, '2025-09-11 07:50:12', '2025-09-11 07:50:12'),
(79, 76, 'ليبيا', NULL, NULL, 0, 13, '2025-09-11 07:50:12', '2025-09-11 07:50:12'),
(80, 76, 'تونس', NULL, NULL, 0, 14, '2025-09-11 07:50:12', '2025-09-11 07:50:12'),
(81, 76, 'الجزائر', NULL, NULL, 0, 15, '2025-09-11 07:50:12', '2025-09-11 07:50:12'),
(82, 76, 'المغرب', NULL, NULL, 0, 16, '2025-09-11 07:50:12', '2025-09-11 07:50:12'),
(83, 76, 'موريتانيا', NULL, NULL, 0, 17, '2025-09-11 07:50:12', '2025-09-11 07:50:12'),
(84, 76, 'الصومال', NULL, NULL, 0, 18, '2025-09-11 07:50:12', '2025-09-11 07:50:12'),
(85, 76, 'جيبوتي', NULL, NULL, 0, 19, '2025-09-11 07:50:12', '2025-09-11 07:50:12'),
(86, 76, 'جزر القمر', NULL, NULL, 0, 20, '2025-09-11 07:50:12', '2025-09-11 07:50:12'),
(87, 77, '(حقل نصي)*', NULL, NULL, 0, 0, '2025-09-11 07:50:12', '2025-09-11 07:50:12'),
(88, 78, 'طالب ثانوي', NULL, NULL, 0, 0, '2025-09-11 07:50:13', '2025-09-11 07:50:13'),
(89, 78, 'طالب جامعي', NULL, NULL, 0, 1, '2025-09-11 07:50:13', '2025-09-11 07:50:13'),
(90, 78, 'خريج جامعي', NULL, NULL, 0, 2, '2025-09-11 07:50:13', '2025-09-11 07:50:13'),
(91, 78, 'ماجستير', NULL, NULL, 0, 3, '2025-09-11 07:50:13', '2025-09-11 07:50:13'),
(92, 78, 'دكتوراه', NULL, NULL, 0, 4, '2025-09-11 07:50:13', '2025-09-11 07:50:13'),
(93, 79, '(حقل نصي)*', NULL, NULL, 0, 0, '2025-09-11 07:50:13', '2025-09-11 07:50:13'),
(94, 80, 'طالب', NULL, NULL, 0, 0, '2025-09-11 07:50:13', '2025-09-11 07:50:13'),
(95, 80, 'خريج', NULL, NULL, 0, 1, '2025-09-11 07:50:13', '2025-09-11 07:50:13'),
(96, 80, 'موظف', NULL, NULL, 0, 2, '2025-09-11 07:50:13', '2025-09-11 07:50:13'),
(97, 80, 'أعمل لحسابي', NULL, NULL, 0, 3, '2025-09-11 07:50:13', '2025-09-11 07:50:13'),
(98, 80, 'أبحث عن عمل', NULL, NULL, 0, 4, '2025-09-11 07:50:13', '2025-09-11 07:50:13'),
(99, 81, 'مبتدئ', NULL, NULL, 0, 0, '2025-09-11 07:50:13', '2025-09-11 07:50:13'),
(100, 81, 'متوسط', NULL, NULL, 0, 1, '2025-09-11 07:50:13', '2025-09-11 07:50:13'),
(101, 81, 'متقدم', NULL, NULL, 0, 2, '2025-09-11 07:50:13', '2025-09-11 07:50:13'),
(102, 81, 'متمكن', NULL, NULL, 0, 3, '2025-09-11 07:50:13', '2025-09-11 07:50:13'),
(103, 82, 'نعم', NULL, NULL, 0, 0, '2025-09-11 07:50:13', '2025-09-11 07:50:13'),
(104, 82, 'لا', NULL, NULL, 0, 1, '2025-09-11 07:50:13', '2025-09-11 07:50:13'),
(105, 83, 'ويندوز', NULL, NULL, 0, 0, '2025-09-11 07:50:13', '2025-09-11 07:50:13'),
(106, 83, 'ماك', NULL, NULL, 0, 1, '2025-09-11 07:50:13', '2025-09-11 07:50:13'),
(107, 83, 'لينكس', NULL, NULL, 0, 2, '2025-09-11 07:50:13', '2025-09-11 07:50:13'),
(108, 83, 'أخرى', NULL, NULL, 0, 3, '2025-09-11 07:50:13', '2025-09-11 07:50:13'),
(109, 84, 'ممتاز', NULL, NULL, 0, 0, '2025-09-11 07:50:13', '2025-09-11 07:50:13'),
(110, 84, 'جيد', NULL, NULL, 0, 1, '2025-09-11 07:50:13', '2025-09-11 07:50:13'),
(111, 84, 'مقبول', NULL, NULL, 0, 2, '2025-09-11 07:50:13', '2025-09-11 07:50:13'),
(112, 84, 'ضعيف', NULL, NULL, 0, 3, '2025-09-11 07:50:13', '2025-09-11 07:50:13'),
(113, 85, 'منظم جدا', NULL, NULL, 0, 0, '2025-09-11 07:50:13', '2025-09-11 07:50:13'),
(114, 85, 'منظم', NULL, NULL, 0, 1, '2025-09-11 07:50:13', '2025-09-11 07:50:13'),
(115, 85, 'متوسط', NULL, NULL, 0, 2, '2025-09-11 07:50:13', '2025-09-11 07:50:13'),
(116, 85, 'غير منظم', NULL, NULL, 0, 3, '2025-09-11 07:50:13', '2025-09-11 07:50:13'),
(117, 86, 'Chrome', NULL, NULL, 0, 0, '2025-09-11 07:50:13', '2025-09-11 07:50:13'),
(118, 86, 'Firefox', NULL, NULL, 0, 1, '2025-09-11 07:50:13', '2025-09-11 07:50:13'),
(119, 86, 'Safari', NULL, NULL, 0, 2, '2025-09-11 07:50:13', '2025-09-11 07:50:13'),
(120, 86, 'Edge', NULL, NULL, 0, 3, '2025-09-11 07:50:13', '2025-09-11 07:50:13'),
(121, 86, 'Other', NULL, NULL, 0, 4, '2025-09-11 07:50:13', '2025-09-11 07:50:13'),
(122, 87, 'متقدم', NULL, NULL, 0, 0, '2025-09-11 07:50:13', '2025-09-11 07:50:13'),
(123, 87, 'متوسط', NULL, NULL, 0, 1, '2025-09-11 07:50:13', '2025-09-11 07:50:13'),
(124, 87, 'مبتدئ', NULL, NULL, 0, 2, '2025-09-11 07:50:13', '2025-09-11 07:50:13'),
(125, 87, 'لا أعرف أي اختصارات', NULL, NULL, 0, 3, '2025-09-11 07:50:13', '2025-09-11 07:50:13'),
(126, 88, 'ممتاز', NULL, NULL, 0, 0, '2025-09-11 07:50:13', '2025-09-11 07:50:13'),
(127, 88, 'جيد', NULL, NULL, 0, 1, '2025-09-11 07:50:13', '2025-09-11 07:50:13'),
(128, 88, 'متوسط', NULL, NULL, 0, 2, '2025-09-11 07:50:13', '2025-09-11 07:50:13'),
(129, 88, 'ضعيف', NULL, NULL, 0, 3, '2025-09-11 07:50:13', '2025-09-11 07:50:13'),
(130, 89, 'أقل من 5 ساعات', NULL, NULL, 0, 0, '2025-09-11 07:50:13', '2025-09-11 07:50:13'),
(131, 90, 'أكثر من 15 ساعة', NULL, NULL, 0, 0, '2025-09-11 07:50:13', '2025-09-11 07:50:13'),
(132, 91, 'التعلم العملي بالمشاريع', NULL, NULL, 0, 0, '2025-09-11 07:50:13', '2025-09-11 07:50:13'),
(133, 91, 'التعلم النظري', NULL, NULL, 0, 1, '2025-09-11 07:50:13', '2025-09-11 07:50:13'),
(134, 91, 'مزيج من الاثنين', NULL, NULL, 0, 2, '2025-09-11 07:50:13', '2025-09-11 07:50:13'),
(135, 92, 'أستمتع بحله وأبذل جهدي حتى أصل للحل', NULL, NULL, 0, 0, '2025-09-11 07:50:13', '2025-09-11 07:50:13'),
(136, 92, 'أحاول لفترة ثم أستسلم', NULL, NULL, 0, 1, '2025-09-11 07:50:13', '2025-09-11 07:50:13'),
(137, 92, 'أطلب المساعدة فوراً', NULL, NULL, 0, 2, '2025-09-11 07:50:13', '2025-09-11 07:50:13'),
(138, 92, 'أتجنب هذه التحديات', NULL, NULL, 0, 3, '2025-09-11 07:50:13', '2025-09-11 07:50:13'),
(139, 92, 'أستخدم الذكاء الاصطناعي', NULL, NULL, 0, 4, '2025-09-11 07:50:13', '2025-09-11 07:50:13'),
(140, 93, 'نعم', NULL, NULL, 0, 0, '2025-09-11 07:50:13', '2025-09-11 07:50:13'),
(141, 93, 'لا', NULL, NULL, 0, 1, '2025-09-11 07:50:13', '2025-09-11 07:50:13'),
(142, 94, 'أحاول حلها بنفسي', NULL, NULL, 0, 0, '2025-09-11 07:50:13', '2025-09-11 07:50:13'),
(143, 94, 'أبحث في الإنترنت', NULL, NULL, 0, 1, '2025-09-11 07:50:13', '2025-09-11 07:50:13'),
(144, 94, 'أطلب المساعدة من الزملاء', NULL, NULL, 0, 2, '2025-09-11 07:50:13', '2025-09-11 07:50:13'),
(145, 94, 'أتوجه للمختصين', NULL, NULL, 0, 3, '2025-09-11 07:50:13', '2025-09-11 07:50:13'),
(146, 96, '(حقل نصي)*', NULL, NULL, 0, 0, '2025-09-11 07:50:13', '2025-09-11 07:50:13'),
(147, 97, '(حقل نصي)*', NULL, NULL, 0, 0, '2025-09-11 07:50:13', '2025-09-11 07:50:13'),
(148, 98, 'أقل من 15 سنة', NULL, NULL, 0, 0, '2025-09-11 07:50:13', '2025-09-11 07:50:13'),
(149, 98, 'من 15 إلى 25 سنة', NULL, NULL, 0, 1, '2025-09-11 07:50:13', '2025-09-11 07:50:13'),
(150, 98, 'من 25 إلى 35 سنة', NULL, NULL, 0, 2, '2025-09-11 07:50:13', '2025-09-11 07:50:13'),
(151, 98, 'أكبر من 35 سنة', NULL, NULL, 0, 3, '2025-09-11 07:50:13', '2025-09-11 07:50:13'),
(152, 99, 'ذكر', NULL, NULL, 0, 0, '2025-09-11 07:50:13', '2025-09-11 07:50:13'),
(153, 99, 'أنثى', NULL, NULL, 0, 1, '2025-09-11 07:50:13', '2025-09-11 07:50:13'),
(154, 99, 'أفضل عدم الإجابة', NULL, NULL, 0, 2, '2025-09-11 07:50:13', '2025-09-11 07:50:13'),
(155, 100, 'مصر', NULL, NULL, 0, 0, '2025-09-11 07:50:13', '2025-09-11 07:50:13'),
(156, 100, 'السعودية', NULL, NULL, 0, 1, '2025-09-11 07:50:13', '2025-09-11 07:50:13'),
(157, 100, 'الإمارات', NULL, NULL, 0, 2, '2025-09-11 07:50:13', '2025-09-11 07:50:13'),
(158, 100, 'الكويت', NULL, NULL, 0, 3, '2025-09-11 07:50:13', '2025-09-11 07:50:13'),
(159, 100, 'قطر', NULL, NULL, 0, 4, '2025-09-11 07:50:13', '2025-09-11 07:50:13'),
(160, 100, 'البحرين', NULL, NULL, 0, 5, '2025-09-11 07:50:13', '2025-09-11 07:50:13'),
(161, 100, 'عمان', NULL, NULL, 0, 6, '2025-09-11 07:50:13', '2025-09-11 07:50:13'),
(162, 100, 'الأردن', NULL, NULL, 0, 7, '2025-09-11 07:50:13', '2025-09-11 07:50:13'),
(163, 100, 'فلسطين', NULL, NULL, 0, 8, '2025-09-11 07:50:13', '2025-09-11 07:50:13'),
(164, 100, 'لبنان', NULL, NULL, 0, 9, '2025-09-11 07:50:13', '2025-09-11 07:50:13'),
(165, 100, 'سوريا', NULL, NULL, 0, 10, '2025-09-11 07:50:13', '2025-09-11 07:50:13'),
(166, 100, 'العراق', NULL, NULL, 0, 11, '2025-09-11 07:50:13', '2025-09-11 07:50:13'),
(167, 100, 'اليمن', NULL, NULL, 0, 12, '2025-09-11 07:50:13', '2025-09-11 07:50:13'),
(168, 100, 'ليبيا', NULL, NULL, 0, 13, '2025-09-11 07:50:13', '2025-09-11 07:50:13'),
(169, 100, 'تونس', NULL, NULL, 0, 14, '2025-09-11 07:50:13', '2025-09-11 07:50:13'),
(170, 100, 'الجزائر', NULL, NULL, 0, 15, '2025-09-11 07:50:13', '2025-09-11 07:50:13'),
(171, 100, 'المغرب', NULL, NULL, 0, 16, '2025-09-11 07:50:13', '2025-09-11 07:50:13'),
(172, 100, 'موريتانيا', NULL, NULL, 0, 17, '2025-09-11 07:50:13', '2025-09-11 07:50:13'),
(173, 100, 'الصومال', NULL, NULL, 0, 18, '2025-09-11 07:50:13', '2025-09-11 07:50:13'),
(174, 100, 'جيبوتي', NULL, NULL, 0, 19, '2025-09-11 07:50:13', '2025-09-11 07:50:13'),
(175, 100, 'جزر القمر', NULL, NULL, 0, 20, '2025-09-11 07:50:13', '2025-09-11 07:50:13'),
(176, 101, '(حقل نصي)*', NULL, NULL, 0, 0, '2025-09-11 07:50:13', '2025-09-11 07:50:13'),
(177, 102, 'طالب ثانوي', NULL, NULL, 0, 0, '2025-09-11 07:50:13', '2025-09-11 07:50:13'),
(178, 102, 'طالب جامعي', NULL, NULL, 0, 1, '2025-09-11 07:50:13', '2025-09-11 07:50:13'),
(179, 102, 'خريج جامعي', NULL, NULL, 0, 2, '2025-09-11 07:50:13', '2025-09-11 07:50:13'),
(180, 102, 'ماجستير', NULL, NULL, 0, 3, '2025-09-11 07:50:13', '2025-09-11 07:50:13'),
(181, 102, 'دكتوراه', NULL, NULL, 0, 4, '2025-09-11 07:50:13', '2025-09-11 07:50:13'),
(182, 103, '(حقل نصي)*', NULL, NULL, 0, 0, '2025-09-11 07:50:13', '2025-09-11 07:50:13'),
(183, 104, 'طالب', NULL, NULL, 0, 0, '2025-09-11 07:50:13', '2025-09-11 07:50:13'),
(184, 104, 'خريج', NULL, NULL, 0, 1, '2025-09-11 07:50:13', '2025-09-11 07:50:13'),
(185, 104, 'موظف', NULL, NULL, 0, 2, '2025-09-11 07:50:13', '2025-09-11 07:50:13'),
(186, 104, 'أعمل لحسابي', NULL, NULL, 0, 3, '2025-09-11 07:50:13', '2025-09-11 07:50:13'),
(187, 104, 'أبحث عن عمل', NULL, NULL, 0, 4, '2025-09-11 07:50:13', '2025-09-11 07:50:13'),
(188, 105, 'مبتدئ', NULL, NULL, 0, 0, '2025-09-11 07:50:13', '2025-09-11 07:50:13'),
(189, 105, 'متوسط', NULL, NULL, 0, 1, '2025-09-11 07:50:13', '2025-09-11 07:50:13'),
(190, 105, 'متقدم', NULL, NULL, 0, 2, '2025-09-11 07:50:13', '2025-09-11 07:50:13'),
(191, 105, 'متمكن', NULL, NULL, 0, 3, '2025-09-11 07:50:13', '2025-09-11 07:50:13'),
(192, 106, 'نعم', NULL, NULL, 0, 0, '2025-09-11 07:50:13', '2025-09-11 07:50:13'),
(193, 106, 'لا', NULL, NULL, 0, 1, '2025-09-11 07:50:13', '2025-09-11 07:50:13'),
(194, 107, 'ويندوز', NULL, NULL, 0, 0, '2025-09-11 07:50:13', '2025-09-11 07:50:13'),
(195, 107, 'ماك', NULL, NULL, 0, 1, '2025-09-11 07:50:13', '2025-09-11 07:50:13'),
(196, 107, 'لينكس', NULL, NULL, 0, 2, '2025-09-11 07:50:13', '2025-09-11 07:50:13'),
(197, 107, 'أخرى', NULL, NULL, 0, 3, '2025-09-11 07:50:13', '2025-09-11 07:50:13'),
(198, 108, 'ممتاز', NULL, NULL, 0, 0, '2025-09-11 07:50:13', '2025-09-11 07:50:13'),
(199, 108, 'جيد', NULL, NULL, 0, 1, '2025-09-11 07:50:13', '2025-09-11 07:50:13'),
(200, 108, 'مقبول', NULL, NULL, 0, 2, '2025-09-11 07:50:13', '2025-09-11 07:50:13'),
(201, 108, 'ضعيف', NULL, NULL, 0, 3, '2025-09-11 07:50:13', '2025-09-11 07:50:13'),
(202, 109, 'منظم جدا', NULL, NULL, 0, 0, '2025-09-11 07:50:13', '2025-09-11 07:50:13'),
(203, 109, 'منظم', NULL, NULL, 0, 1, '2025-09-11 07:50:13', '2025-09-11 07:50:13'),
(204, 109, 'متوسط', NULL, NULL, 0, 2, '2025-09-11 07:50:13', '2025-09-11 07:50:13'),
(205, 109, 'غير منظم', NULL, NULL, 0, 3, '2025-09-11 07:50:13', '2025-09-11 07:50:13'),
(206, 110, 'Chrome', NULL, NULL, 0, 0, '2025-09-11 07:50:13', '2025-09-11 07:50:13'),
(207, 110, 'Firefox', NULL, NULL, 0, 1, '2025-09-11 07:50:13', '2025-09-11 07:50:13'),
(208, 110, 'Safari', NULL, NULL, 0, 2, '2025-09-11 07:50:13', '2025-09-11 07:50:13'),
(209, 110, 'Edge', NULL, NULL, 0, 3, '2025-09-11 07:50:13', '2025-09-11 07:50:13'),
(210, 110, 'Other', NULL, NULL, 0, 4, '2025-09-11 07:50:13', '2025-09-11 07:50:13'),
(211, 111, 'متقدم', NULL, NULL, 0, 0, '2025-09-11 07:50:13', '2025-09-11 07:50:13'),
(212, 111, 'متوسط', NULL, NULL, 0, 1, '2025-09-11 07:50:13', '2025-09-11 07:50:13'),
(213, 111, 'مبتدئ', NULL, NULL, 0, 2, '2025-09-11 07:50:13', '2025-09-11 07:50:13'),
(214, 111, 'لا أعرف أي اختصارات', NULL, NULL, 0, 3, '2025-09-11 07:50:13', '2025-09-11 07:50:13'),
(215, 112, 'ممتاز', NULL, NULL, 0, 0, '2025-09-11 07:50:13', '2025-09-11 07:50:13'),
(216, 112, 'جيد', NULL, NULL, 0, 1, '2025-09-11 07:50:13', '2025-09-11 07:50:13'),
(217, 112, 'متوسط', NULL, NULL, 0, 2, '2025-09-11 07:50:13', '2025-09-11 07:50:13'),
(218, 112, 'ضعيف', NULL, NULL, 0, 3, '2025-09-11 07:50:13', '2025-09-11 07:50:13'),
(219, 113, 'أقل من 5 ساعات', NULL, NULL, 0, 0, '2025-09-11 07:50:13', '2025-09-11 07:50:13'),
(220, 114, 'أكثر من 15 ساعة', NULL, NULL, 0, 0, '2025-09-11 07:50:13', '2025-09-11 07:50:13'),
(221, 115, 'التعلم العملي بالمشاريع', NULL, NULL, 0, 0, '2025-09-11 07:50:13', '2025-09-11 07:50:13'),
(222, 115, 'التعلم النظري', NULL, NULL, 0, 1, '2025-09-11 07:50:13', '2025-09-11 07:50:13'),
(223, 115, 'مزيج من الاثنين', NULL, NULL, 0, 2, '2025-09-11 07:50:13', '2025-09-11 07:50:13'),
(224, 116, 'أستمتع بحله وأبذل جهدي حتى أصل للحل', NULL, NULL, 0, 0, '2025-09-11 07:50:13', '2025-09-11 07:50:13'),
(225, 116, 'أحاول لفترة ثم أستسلم', NULL, NULL, 0, 1, '2025-09-11 07:50:13', '2025-09-11 07:50:13'),
(226, 116, 'أطلب المساعدة فوراً', NULL, NULL, 0, 2, '2025-09-11 07:50:13', '2025-09-11 07:50:13'),
(227, 116, 'أتجنب هذه التحديات', NULL, NULL, 0, 3, '2025-09-11 07:50:13', '2025-09-11 07:50:13'),
(228, 116, 'أستخدم الذكاء الاصطناعي', NULL, NULL, 0, 4, '2025-09-11 07:50:13', '2025-09-11 07:50:13'),
(229, 117, 'نعم', NULL, NULL, 0, 0, '2025-09-11 07:50:13', '2025-09-11 07:50:13'),
(230, 117, 'لا', NULL, NULL, 0, 1, '2025-09-11 07:50:13', '2025-09-11 07:50:13'),
(231, 118, 'أحاول حلها بنفسي', NULL, NULL, 0, 0, '2025-09-11 07:50:13', '2025-09-11 07:50:13'),
(232, 118, 'أبحث في الإنترنت', NULL, NULL, 0, 1, '2025-09-11 07:50:13', '2025-09-11 07:50:13'),
(233, 118, 'أطلب المساعدة من الزملاء', NULL, NULL, 0, 2, '2025-09-11 07:50:13', '2025-09-11 07:50:13'),
(234, 118, 'أتوجه للمختصين', NULL, NULL, 0, 3, '2025-09-11 07:50:13', '2025-09-11 07:50:13'),
(235, 120, '(حقل نصي)*', NULL, NULL, 0, 0, '2025-09-11 07:50:19', '2025-09-11 07:50:19'),
(236, 121, '(حقل نصي)*', NULL, NULL, 0, 0, '2025-09-11 07:50:19', '2025-09-11 07:50:19'),
(237, 122, 'أقل من 15 سنة', NULL, NULL, 0, 0, '2025-09-11 07:50:19', '2025-09-11 07:50:19'),
(238, 122, 'من 15 إلى 25 سنة', NULL, NULL, 0, 1, '2025-09-11 07:50:19', '2025-09-11 07:50:19'),
(239, 122, 'من 25 إلى 35 سنة', NULL, NULL, 0, 2, '2025-09-11 07:50:19', '2025-09-11 07:50:19'),
(240, 122, 'أكبر من 35 سنة', NULL, NULL, 0, 3, '2025-09-11 07:50:19', '2025-09-11 07:50:19'),
(241, 123, 'ذكر', NULL, NULL, 0, 0, '2025-09-11 07:50:19', '2025-09-11 07:50:19'),
(242, 123, 'أنثى', NULL, NULL, 0, 1, '2025-09-11 07:50:19', '2025-09-11 07:50:19'),
(243, 123, 'أفضل عدم الإجابة', NULL, NULL, 0, 2, '2025-09-11 07:50:19', '2025-09-11 07:50:19'),
(244, 124, 'مصر', NULL, NULL, 0, 0, '2025-09-11 07:50:19', '2025-09-11 07:50:19'),
(245, 124, 'السعودية', NULL, NULL, 0, 1, '2025-09-11 07:50:19', '2025-09-11 07:50:19'),
(246, 124, 'الإمارات', NULL, NULL, 0, 2, '2025-09-11 07:50:19', '2025-09-11 07:50:19'),
(247, 124, 'الكويت', NULL, NULL, 0, 3, '2025-09-11 07:50:19', '2025-09-11 07:50:19'),
(248, 124, 'قطر', NULL, NULL, 0, 4, '2025-09-11 07:50:19', '2025-09-11 07:50:19'),
(249, 124, 'البحرين', NULL, NULL, 0, 5, '2025-09-11 07:50:19', '2025-09-11 07:50:19'),
(250, 124, 'عمان', NULL, NULL, 0, 6, '2025-09-11 07:50:19', '2025-09-11 07:50:19'),
(251, 124, 'الأردن', NULL, NULL, 0, 7, '2025-09-11 07:50:19', '2025-09-11 07:50:19'),
(252, 124, 'فلسطين', NULL, NULL, 0, 8, '2025-09-11 07:50:19', '2025-09-11 07:50:19'),
(253, 124, 'لبنان', NULL, NULL, 0, 9, '2025-09-11 07:50:19', '2025-09-11 07:50:19'),
(254, 124, 'سوريا', NULL, NULL, 0, 10, '2025-09-11 07:50:19', '2025-09-11 07:50:19'),
(255, 124, 'العراق', NULL, NULL, 0, 11, '2025-09-11 07:50:19', '2025-09-11 07:50:19'),
(256, 124, 'اليمن', NULL, NULL, 0, 12, '2025-09-11 07:50:19', '2025-09-11 07:50:19'),
(257, 124, 'ليبيا', NULL, NULL, 0, 13, '2025-09-11 07:50:19', '2025-09-11 07:50:19'),
(258, 124, 'تونس', NULL, NULL, 0, 14, '2025-09-11 07:50:19', '2025-09-11 07:50:19'),
(259, 124, 'الجزائر', NULL, NULL, 0, 15, '2025-09-11 07:50:19', '2025-09-11 07:50:19'),
(260, 124, 'المغرب', NULL, NULL, 0, 16, '2025-09-11 07:50:19', '2025-09-11 07:50:19'),
(261, 124, 'موريتانيا', NULL, NULL, 0, 17, '2025-09-11 07:50:19', '2025-09-11 07:50:19'),
(262, 124, 'الصومال', NULL, NULL, 0, 18, '2025-09-11 07:50:19', '2025-09-11 07:50:19'),
(263, 124, 'جيبوتي', NULL, NULL, 0, 19, '2025-09-11 07:50:19', '2025-09-11 07:50:19'),
(264, 124, 'جزر القمر', NULL, NULL, 0, 20, '2025-09-11 07:50:19', '2025-09-11 07:50:19'),
(265, 125, '(حقل نصي)*', NULL, NULL, 0, 0, '2025-09-11 07:50:19', '2025-09-11 07:50:19'),
(266, 126, 'طالب ثانوي', NULL, NULL, 0, 0, '2025-09-11 07:50:19', '2025-09-11 07:50:19'),
(267, 126, 'طالب جامعي', NULL, NULL, 0, 1, '2025-09-11 07:50:19', '2025-09-11 07:50:19'),
(268, 126, 'خريج جامعي', NULL, NULL, 0, 2, '2025-09-11 07:50:19', '2025-09-11 07:50:19'),
(269, 126, 'ماجستير', NULL, NULL, 0, 3, '2025-09-11 07:50:19', '2025-09-11 07:50:19'),
(270, 126, 'دكتوراه', NULL, NULL, 0, 4, '2025-09-11 07:50:19', '2025-09-11 07:50:19'),
(271, 127, '(حقل نصي)*', NULL, NULL, 0, 0, '2025-09-11 07:50:19', '2025-09-11 07:50:19'),
(272, 128, 'طالب', NULL, NULL, 0, 0, '2025-09-11 07:50:19', '2025-09-11 07:50:19'),
(273, 128, 'خريج', NULL, NULL, 0, 1, '2025-09-11 07:50:19', '2025-09-11 07:50:19'),
(274, 128, 'موظف', NULL, NULL, 0, 2, '2025-09-11 07:50:19', '2025-09-11 07:50:19'),
(275, 128, 'أعمل لحسابي', NULL, NULL, 0, 3, '2025-09-11 07:50:19', '2025-09-11 07:50:19'),
(276, 128, 'أبحث عن عمل', NULL, NULL, 0, 4, '2025-09-11 07:50:19', '2025-09-11 07:50:19'),
(277, 129, 'مبتدئ', NULL, NULL, 0, 0, '2025-09-11 07:50:19', '2025-09-11 07:50:19'),
(278, 129, 'متوسط', NULL, NULL, 0, 1, '2025-09-11 07:50:19', '2025-09-11 07:50:19'),
(279, 129, 'متقدم', NULL, NULL, 0, 2, '2025-09-11 07:50:19', '2025-09-11 07:50:19'),
(280, 129, 'متمكن', NULL, NULL, 0, 3, '2025-09-11 07:50:19', '2025-09-11 07:50:19'),
(281, 130, 'نعم', NULL, NULL, 0, 0, '2025-09-11 07:50:19', '2025-09-11 07:50:19'),
(282, 130, 'لا', NULL, NULL, 0, 1, '2025-09-11 07:50:19', '2025-09-11 07:50:19'),
(283, 131, 'ويندوز', NULL, NULL, 0, 0, '2025-09-11 07:50:19', '2025-09-11 07:50:19'),
(284, 131, 'ماك', NULL, NULL, 0, 1, '2025-09-11 07:50:19', '2025-09-11 07:50:19'),
(285, 131, 'لينكس', NULL, NULL, 0, 2, '2025-09-11 07:50:19', '2025-09-11 07:50:19'),
(286, 131, 'أخرى', NULL, NULL, 0, 3, '2025-09-11 07:50:19', '2025-09-11 07:50:19'),
(287, 132, 'ممتاز', NULL, NULL, 0, 0, '2025-09-11 07:50:19', '2025-09-11 07:50:19'),
(288, 132, 'جيد', NULL, NULL, 0, 1, '2025-09-11 07:50:19', '2025-09-11 07:50:19'),
(289, 132, 'مقبول', NULL, NULL, 0, 2, '2025-09-11 07:50:19', '2025-09-11 07:50:19'),
(290, 132, 'ضعيف', NULL, NULL, 0, 3, '2025-09-11 07:50:19', '2025-09-11 07:50:19'),
(291, 133, 'منظم جدا', NULL, NULL, 0, 0, '2025-09-11 07:50:19', '2025-09-11 07:50:19'),
(292, 133, 'منظم', NULL, NULL, 0, 1, '2025-09-11 07:50:19', '2025-09-11 07:50:19'),
(293, 133, 'متوسط', NULL, NULL, 0, 2, '2025-09-11 07:50:19', '2025-09-11 07:50:19'),
(294, 133, 'غير منظم', NULL, NULL, 0, 3, '2025-09-11 07:50:19', '2025-09-11 07:50:19'),
(295, 134, 'Chrome', NULL, NULL, 0, 0, '2025-09-11 07:50:19', '2025-09-11 07:50:19'),
(296, 134, 'Firefox', NULL, NULL, 0, 1, '2025-09-11 07:50:19', '2025-09-11 07:50:19'),
(297, 134, 'Safari', NULL, NULL, 0, 2, '2025-09-11 07:50:19', '2025-09-11 07:50:19'),
(298, 134, 'Edge', NULL, NULL, 0, 3, '2025-09-11 07:50:19', '2025-09-11 07:50:19'),
(299, 134, 'Other', NULL, NULL, 0, 4, '2025-09-11 07:50:19', '2025-09-11 07:50:19'),
(300, 135, 'متقدم', NULL, NULL, 0, 0, '2025-09-11 07:50:19', '2025-09-11 07:50:19'),
(301, 135, 'متوسط', NULL, NULL, 0, 1, '2025-09-11 07:50:19', '2025-09-11 07:50:19'),
(302, 135, 'مبتدئ', NULL, NULL, 0, 2, '2025-09-11 07:50:19', '2025-09-11 07:50:19'),
(303, 135, 'لا أعرف أي اختصارات', NULL, NULL, 0, 3, '2025-09-11 07:50:19', '2025-09-11 07:50:19'),
(304, 136, 'ممتاز', NULL, NULL, 0, 0, '2025-09-11 07:50:19', '2025-09-11 07:50:19'),
(305, 136, 'جيد', NULL, NULL, 0, 1, '2025-09-11 07:50:19', '2025-09-11 07:50:19'),
(306, 136, 'متوسط', NULL, NULL, 0, 2, '2025-09-11 07:50:19', '2025-09-11 07:50:19'),
(307, 136, 'ضعيف', NULL, NULL, 0, 3, '2025-09-11 07:50:19', '2025-09-11 07:50:19'),
(308, 137, 'أقل من 5 ساعات', NULL, NULL, 0, 0, '2025-09-11 07:50:19', '2025-09-11 07:50:19'),
(309, 138, 'أكثر من 15 ساعة', NULL, NULL, 0, 0, '2025-09-11 07:50:19', '2025-09-11 07:50:19'),
(310, 139, 'التعلم العملي بالمشاريع', NULL, NULL, 0, 0, '2025-09-11 07:50:19', '2025-09-11 07:50:19'),
(311, 139, 'التعلم النظري', NULL, NULL, 0, 1, '2025-09-11 07:50:19', '2025-09-11 07:50:19'),
(312, 139, 'مزيج من الاثنين', NULL, NULL, 0, 2, '2025-09-11 07:50:19', '2025-09-11 07:50:19'),
(313, 140, 'أستمتع بحله وأبذل جهدي حتى أصل للحل', NULL, NULL, 0, 0, '2025-09-11 07:50:19', '2025-09-11 07:50:19'),
(314, 140, 'أحاول لفترة ثم أستسلم', NULL, NULL, 0, 1, '2025-09-11 07:50:19', '2025-09-11 07:50:19'),
(315, 140, 'أطلب المساعدة فوراً', NULL, NULL, 0, 2, '2025-09-11 07:50:19', '2025-09-11 07:50:19'),
(316, 140, 'أتجنب هذه التحديات', NULL, NULL, 0, 3, '2025-09-11 07:50:19', '2025-09-11 07:50:19'),
(317, 140, 'أستخدم الذكاء الاصطناعي', NULL, NULL, 0, 4, '2025-09-11 07:50:19', '2025-09-11 07:50:19'),
(318, 141, 'نعم', NULL, NULL, 0, 0, '2025-09-11 07:50:19', '2025-09-11 07:50:19'),
(319, 141, 'لا', NULL, NULL, 0, 1, '2025-09-11 07:50:19', '2025-09-11 07:50:19'),
(320, 142, 'أحاول حلها بنفسي', NULL, NULL, 0, 0, '2025-09-11 07:50:19', '2025-09-11 07:50:19'),
(321, 142, 'أبحث في الإنترنت', NULL, NULL, 0, 1, '2025-09-11 07:50:19', '2025-09-11 07:50:19'),
(322, 142, 'أطلب المساعدة من الزملاء', NULL, NULL, 0, 2, '2025-09-11 07:50:19', '2025-09-11 07:50:19'),
(323, 142, 'أتوجه للمختصين', NULL, NULL, 0, 3, '2025-09-11 07:50:19', '2025-09-11 07:50:19'),
(324, 145, 'أقل من 15 سنة', NULL, NULL, 0, 0, '2025-09-12 02:41:28', '2025-09-12 02:41:28'),
(325, 145, 'من 15 إلى 25 سنة', NULL, NULL, 0, 1, '2025-09-12 02:41:28', '2025-09-12 02:41:28'),
(326, 145, 'من 25 إلى 35 سنة', NULL, NULL, 0, 2, '2025-09-12 02:41:28', '2025-09-12 02:41:28'),
(327, 145, 'أكبر من 35 سنة', NULL, NULL, 0, 3, '2025-09-12 02:41:28', '2025-09-12 02:41:28'),
(328, 146, 'ذكر', NULL, NULL, 0, 0, '2025-09-12 02:41:28', '2025-09-12 02:41:28'),
(329, 146, 'أنثى', NULL, NULL, 0, 1, '2025-09-12 02:41:28', '2025-09-12 02:41:28'),
(330, 146, 'أفضل عدم الإجابة', NULL, NULL, 0, 2, '2025-09-12 02:41:28', '2025-09-12 02:41:28'),
(331, 147, 'مصر', NULL, NULL, 0, 0, '2025-09-12 02:41:28', '2025-09-12 02:41:28'),
(332, 147, 'السعودية', NULL, NULL, 0, 1, '2025-09-12 02:41:28', '2025-09-12 02:41:28'),
(333, 147, 'الإمارات', NULL, NULL, 0, 2, '2025-09-12 02:41:28', '2025-09-12 02:41:28'),
(334, 147, 'الكويت', NULL, NULL, 0, 3, '2025-09-12 02:41:28', '2025-09-12 02:41:28'),
(335, 147, 'قطر', NULL, NULL, 0, 4, '2025-09-12 02:41:28', '2025-09-12 02:41:28'),
(336, 147, 'البحرين', NULL, NULL, 0, 5, '2025-09-12 02:41:28', '2025-09-12 02:41:28'),
(337, 147, 'عمان', NULL, NULL, 0, 6, '2025-09-12 02:41:28', '2025-09-12 02:41:28'),
(338, 147, 'الأردن', NULL, NULL, 0, 7, '2025-09-12 02:41:28', '2025-09-12 02:41:28'),
(339, 147, 'فلسطين', NULL, NULL, 0, 8, '2025-09-12 02:41:28', '2025-09-12 02:41:28'),
(340, 147, 'لبنان', NULL, NULL, 0, 9, '2025-09-12 02:41:28', '2025-09-12 02:41:28'),
(341, 147, 'سوريا', NULL, NULL, 0, 10, '2025-09-12 02:41:28', '2025-09-12 02:41:28'),
(342, 147, 'العراق', NULL, NULL, 0, 11, '2025-09-12 02:41:28', '2025-09-12 02:41:28'),
(343, 147, 'اليمن', NULL, NULL, 0, 12, '2025-09-12 02:41:28', '2025-09-12 02:41:28'),
(344, 147, 'ليبيا', NULL, NULL, 0, 13, '2025-09-12 02:41:28', '2025-09-12 02:41:28'),
(345, 147, 'تونس', NULL, NULL, 0, 14, '2025-09-12 02:41:28', '2025-09-12 02:41:28'),
(346, 147, 'الجزائر', NULL, NULL, 0, 15, '2025-09-12 02:41:28', '2025-09-12 02:41:28'),
(347, 147, 'المغرب', NULL, NULL, 0, 16, '2025-09-12 02:41:28', '2025-09-12 02:41:28'),
(348, 147, 'موريتانيا', NULL, NULL, 0, 17, '2025-09-12 02:41:28', '2025-09-12 02:41:28'),
(349, 147, 'الصومال', NULL, NULL, 0, 18, '2025-09-12 02:41:28', '2025-09-12 02:41:28'),
(350, 147, 'جيبوتي', NULL, NULL, 0, 19, '2025-09-12 02:41:28', '2025-09-12 02:41:28'),
(351, 147, 'جزر القمر', NULL, NULL, 0, 20, '2025-09-12 02:41:28', '2025-09-12 02:41:28'),
(352, 148, '(حقل نصي)*', NULL, NULL, 0, 0, '2025-09-12 02:41:28', '2025-09-12 02:41:28'),
(353, 149, 'طالب ثانوي', NULL, NULL, 0, 0, '2025-09-12 02:41:28', '2025-09-12 02:41:28'),
(354, 149, 'طالب جامعي', NULL, NULL, 0, 1, '2025-09-12 02:41:28', '2025-09-12 02:41:28'),
(355, 149, 'خريج جامعي', NULL, NULL, 0, 2, '2025-09-12 02:41:28', '2025-09-12 02:41:28'),
(356, 149, 'ماجستير', NULL, NULL, 0, 3, '2025-09-12 02:41:28', '2025-09-12 02:41:28'),
(357, 149, 'دكتوراه', NULL, NULL, 0, 4, '2025-09-12 02:41:28', '2025-09-12 02:41:28'),
(358, 150, '(حقل نصي)*', NULL, NULL, 0, 0, '2025-09-12 02:41:28', '2025-09-12 02:41:28'),
(359, 151, 'طالب', NULL, NULL, 0, 0, '2025-09-12 02:41:28', '2025-09-12 02:41:28'),
(360, 151, 'خريج', NULL, NULL, 0, 1, '2025-09-12 02:41:28', '2025-09-12 02:41:28'),
(361, 151, 'موظف', NULL, NULL, 0, 2, '2025-09-12 02:41:28', '2025-09-12 02:41:28'),
(362, 151, 'أعمل لحسابي', NULL, NULL, 0, 3, '2025-09-12 02:41:28', '2025-09-12 02:41:28'),
(363, 151, 'أبحث عن عمل', NULL, NULL, 0, 4, '2025-09-12 02:41:28', '2025-09-12 02:41:28'),
(364, 152, 'مبتدئ', NULL, NULL, 0, 0, '2025-09-12 02:41:28', '2025-09-12 02:41:28'),
(365, 152, 'متوسط', NULL, NULL, 0, 1, '2025-09-12 02:41:28', '2025-09-12 02:41:28'),
(366, 152, 'متقدم', NULL, NULL, 0, 2, '2025-09-12 02:41:28', '2025-09-12 02:41:28'),
(367, 152, 'متمكن', NULL, NULL, 0, 3, '2025-09-12 02:41:28', '2025-09-12 02:41:28'),
(368, 153, 'نعم', NULL, NULL, 0, 0, '2025-09-12 02:41:28', '2025-09-12 02:41:28'),
(369, 153, 'لا', NULL, NULL, 0, 1, '2025-09-12 02:41:28', '2025-09-12 02:41:28'),
(370, 154, 'ويندوز', NULL, NULL, 0, 0, '2025-09-12 02:41:28', '2025-09-12 02:41:28'),
(371, 154, 'ماك', NULL, NULL, 0, 1, '2025-09-12 02:41:28', '2025-09-12 02:41:28'),
(372, 154, 'لينكس', NULL, NULL, 0, 2, '2025-09-12 02:41:28', '2025-09-12 02:41:28'),
(373, 154, 'أخرى', NULL, NULL, 0, 3, '2025-09-12 02:41:28', '2025-09-12 02:41:28'),
(374, 155, 'ممتاز', NULL, NULL, 0, 0, '2025-09-12 02:41:28', '2025-09-12 02:41:28'),
(375, 155, 'جيد', NULL, NULL, 0, 1, '2025-09-12 02:41:28', '2025-09-12 02:41:28'),
(376, 155, 'مقبول', NULL, NULL, 0, 2, '2025-09-12 02:41:28', '2025-09-12 02:41:28'),
(377, 155, 'ضعيف', NULL, NULL, 0, 3, '2025-09-12 02:41:28', '2025-09-12 02:41:28'),
(378, 156, 'منظم جدا', NULL, NULL, 0, 0, '2025-09-12 02:41:28', '2025-09-12 02:41:28'),
(379, 156, 'منظم', NULL, NULL, 0, 1, '2025-09-12 02:41:28', '2025-09-12 02:41:28'),
(380, 156, 'متوسط', NULL, NULL, 0, 2, '2025-09-12 02:41:28', '2025-09-12 02:41:28'),
(381, 156, 'غير منظم', NULL, NULL, 0, 3, '2025-09-12 02:41:28', '2025-09-12 02:41:28'),
(382, 157, 'Chrome', NULL, NULL, 0, 0, '2025-09-12 02:41:28', '2025-09-12 02:41:28'),
(383, 157, 'Firefox', NULL, NULL, 0, 1, '2025-09-12 02:41:28', '2025-09-12 02:41:28'),
(384, 157, 'Safari', NULL, NULL, 0, 2, '2025-09-12 02:41:28', '2025-09-12 02:41:28'),
(385, 157, 'Edge', NULL, NULL, 0, 3, '2025-09-12 02:41:28', '2025-09-12 02:41:28'),
(386, 157, 'Other', NULL, NULL, 0, 4, '2025-09-12 02:41:28', '2025-09-12 02:41:28'),
(387, 158, 'متقدم', NULL, NULL, 0, 0, '2025-09-12 02:41:28', '2025-09-12 02:41:28'),
(388, 158, 'متوسط', NULL, NULL, 0, 1, '2025-09-12 02:41:28', '2025-09-12 02:41:28'),
(389, 158, 'مبتدئ', NULL, NULL, 0, 2, '2025-09-12 02:41:28', '2025-09-12 02:41:28'),
(390, 158, 'لا أعرف أي اختصارات', NULL, NULL, 0, 3, '2025-09-12 02:41:28', '2025-09-12 02:41:28'),
(391, 159, 'ممتاز', NULL, NULL, 0, 0, '2025-09-12 02:41:28', '2025-09-12 02:41:28'),
(392, 159, 'جيد', NULL, NULL, 0, 1, '2025-09-12 02:41:28', '2025-09-12 02:41:28'),
(393, 159, 'متوسط', NULL, NULL, 0, 2, '2025-09-12 02:41:28', '2025-09-12 02:41:28'),
(394, 159, 'ضعيف', NULL, NULL, 0, 3, '2025-09-12 02:41:28', '2025-09-12 02:41:28'),
(395, 160, 'أقل من 5 ساعات', NULL, NULL, 0, 0, '2025-09-12 02:41:28', '2025-09-12 02:41:28'),
(396, 161, 'أكثر من 15 ساعة', NULL, NULL, 0, 0, '2025-09-12 02:41:28', '2025-09-12 02:41:28'),
(397, 162, 'التعلم العملي بالمشاريع', NULL, NULL, 0, 0, '2025-09-12 02:41:28', '2025-09-12 02:41:28'),
(398, 162, 'التعلم النظري', NULL, NULL, 0, 1, '2025-09-12 02:41:28', '2025-09-12 02:41:28'),
(399, 162, 'مزيج من الاثنين', NULL, NULL, 0, 2, '2025-09-12 02:41:28', '2025-09-12 02:41:28'),
(400, 163, 'أستمتع بحله وأبذل جهدي حتى أصل للحل', NULL, NULL, 0, 0, '2025-09-12 02:41:28', '2025-09-12 02:41:28'),
(401, 163, 'أحاول لفترة ثم أستسلم', NULL, NULL, 0, 1, '2025-09-12 02:41:28', '2025-09-12 02:41:28'),
(402, 163, 'أطلب المساعدة فوراً', NULL, NULL, 0, 2, '2025-09-12 02:41:28', '2025-09-12 02:41:28'),
(403, 163, 'أتجنب هذه التحديات', NULL, NULL, 0, 3, '2025-09-12 02:41:28', '2025-09-12 02:41:28'),
(404, 163, 'أستخدم الذكاء الاصطناعي', NULL, NULL, 0, 4, '2025-09-12 02:41:28', '2025-09-12 02:41:28'),
(405, 164, 'نعم', NULL, NULL, 0, 0, '2025-09-12 02:41:28', '2025-09-12 02:41:28'),
(406, 164, 'لا', NULL, NULL, 0, 1, '2025-09-12 02:41:28', '2025-09-12 02:41:28'),
(407, 165, 'أحاول حلها بنفسي', NULL, NULL, 0, 0, '2025-09-12 02:41:28', '2025-09-12 02:41:28'),
(408, 165, 'أبحث في الإنترنت', NULL, NULL, 0, 1, '2025-09-12 02:41:28', '2025-09-12 02:41:28'),
(409, 165, 'أطلب المساعدة من الزملاء', NULL, NULL, 0, 2, '2025-09-12 02:41:28', '2025-09-12 02:41:28'),
(410, 165, 'أتوجه للمختصين', NULL, NULL, 0, 3, '2025-09-12 02:41:28', '2025-09-12 02:41:28'),
(411, 168, 'أقل من 15 سنة', NULL, NULL, 0, 0, '2025-09-12 02:41:33', '2025-09-12 02:41:33'),
(412, 168, 'من 15 إلى 25 سنة', NULL, NULL, 0, 1, '2025-09-12 02:41:33', '2025-09-12 02:41:33'),
(413, 168, 'من 25 إلى 35 سنة', NULL, NULL, 0, 2, '2025-09-12 02:41:33', '2025-09-12 02:41:33'),
(414, 168, 'أكبر من 35 سنة', NULL, NULL, 0, 3, '2025-09-12 02:41:33', '2025-09-12 02:41:33'),
(415, 169, 'ذكر', NULL, NULL, 0, 0, '2025-09-12 02:41:33', '2025-09-12 02:41:33'),
(416, 169, 'أنثى', NULL, NULL, 0, 1, '2025-09-12 02:41:33', '2025-09-12 02:41:33'),
(417, 169, 'أفضل عدم الإجابة', NULL, NULL, 0, 2, '2025-09-12 02:41:33', '2025-09-12 02:41:33'),
(418, 170, 'مصر', NULL, NULL, 0, 0, '2025-09-12 02:41:33', '2025-09-12 02:41:33'),
(419, 170, 'السعودية', NULL, NULL, 0, 1, '2025-09-12 02:41:33', '2025-09-12 02:41:33'),
(420, 170, 'الإمارات', NULL, NULL, 0, 2, '2025-09-12 02:41:33', '2025-09-12 02:41:33'),
(421, 170, 'الكويت', NULL, NULL, 0, 3, '2025-09-12 02:41:33', '2025-09-12 02:41:33'),
(422, 170, 'قطر', NULL, NULL, 0, 4, '2025-09-12 02:41:33', '2025-09-12 02:41:33'),
(423, 170, 'البحرين', NULL, NULL, 0, 5, '2025-09-12 02:41:33', '2025-09-12 02:41:33'),
(424, 170, 'عمان', NULL, NULL, 0, 6, '2025-09-12 02:41:33', '2025-09-12 02:41:33'),
(425, 170, 'الأردن', NULL, NULL, 0, 7, '2025-09-12 02:41:33', '2025-09-12 02:41:33'),
(426, 170, 'فلسطين', NULL, NULL, 0, 8, '2025-09-12 02:41:33', '2025-09-12 02:41:33'),
(427, 170, 'لبنان', NULL, NULL, 0, 9, '2025-09-12 02:41:33', '2025-09-12 02:41:33'),
(428, 170, 'سوريا', NULL, NULL, 0, 10, '2025-09-12 02:41:33', '2025-09-12 02:41:33'),
(429, 170, 'العراق', NULL, NULL, 0, 11, '2025-09-12 02:41:33', '2025-09-12 02:41:33'),
(430, 170, 'اليمن', NULL, NULL, 0, 12, '2025-09-12 02:41:33', '2025-09-12 02:41:33'),
(431, 170, 'ليبيا', NULL, NULL, 0, 13, '2025-09-12 02:41:33', '2025-09-12 02:41:33'),
(432, 170, 'تونس', NULL, NULL, 0, 14, '2025-09-12 02:41:33', '2025-09-12 02:41:33'),
(433, 170, 'الجزائر', NULL, NULL, 0, 15, '2025-09-12 02:41:33', '2025-09-12 02:41:33'),
(434, 170, 'المغرب', NULL, NULL, 0, 16, '2025-09-12 02:41:33', '2025-09-12 02:41:33'),
(435, 170, 'موريتانيا', NULL, NULL, 0, 17, '2025-09-12 02:41:33', '2025-09-12 02:41:33'),
(436, 170, 'الصومال', NULL, NULL, 0, 18, '2025-09-12 02:41:33', '2025-09-12 02:41:33'),
(437, 170, 'جيبوتي', NULL, NULL, 0, 19, '2025-09-12 02:41:33', '2025-09-12 02:41:33'),
(438, 170, 'جزر القمر', NULL, NULL, 0, 20, '2025-09-12 02:41:33', '2025-09-12 02:41:33'),
(439, 171, '(حقل نصي)*', NULL, NULL, 0, 0, '2025-09-12 02:41:33', '2025-09-12 02:41:33'),
(440, 172, 'طالب ثانوي', NULL, NULL, 0, 0, '2025-09-12 02:41:33', '2025-09-12 02:41:33'),
(441, 172, 'طالب جامعي', NULL, NULL, 0, 1, '2025-09-12 02:41:33', '2025-09-12 02:41:33'),
(442, 172, 'خريج جامعي', NULL, NULL, 0, 2, '2025-09-12 02:41:33', '2025-09-12 02:41:33'),
(443, 172, 'ماجستير', NULL, NULL, 0, 3, '2025-09-12 02:41:33', '2025-09-12 02:41:33'),
(444, 172, 'دكتوراه', NULL, NULL, 0, 4, '2025-09-12 02:41:33', '2025-09-12 02:41:33'),
(445, 173, '(حقل نصي)*', NULL, NULL, 0, 0, '2025-09-12 02:41:33', '2025-09-12 02:41:33'),
(446, 174, 'طالب', NULL, NULL, 0, 0, '2025-09-12 02:41:33', '2025-09-12 02:41:33'),
(447, 174, 'خريج', NULL, NULL, 0, 1, '2025-09-12 02:41:33', '2025-09-12 02:41:33'),
(448, 174, 'موظف', NULL, NULL, 0, 2, '2025-09-12 02:41:33', '2025-09-12 02:41:33'),
(449, 174, 'أعمل لحسابي', NULL, NULL, 0, 3, '2025-09-12 02:41:33', '2025-09-12 02:41:33'),
(450, 174, 'أبحث عن عمل', NULL, NULL, 0, 4, '2025-09-12 02:41:33', '2025-09-12 02:41:33'),
(451, 175, 'مبتدئ', NULL, NULL, 0, 0, '2025-09-12 02:41:33', '2025-09-12 02:41:33'),
(452, 175, 'متوسط', NULL, NULL, 0, 1, '2025-09-12 02:41:33', '2025-09-12 02:41:33'),
(453, 175, 'متقدم', NULL, NULL, 0, 2, '2025-09-12 02:41:33', '2025-09-12 02:41:33'),
(454, 175, 'متمكن', NULL, NULL, 0, 3, '2025-09-12 02:41:33', '2025-09-12 02:41:33'),
(455, 176, 'نعم', NULL, NULL, 0, 0, '2025-09-12 02:41:33', '2025-09-12 02:41:33'),
(456, 176, 'لا', NULL, NULL, 0, 1, '2025-09-12 02:41:33', '2025-09-12 02:41:33'),
(457, 177, 'ويندوز', NULL, NULL, 0, 0, '2025-09-12 02:41:33', '2025-09-12 02:41:33'),
(458, 177, 'ماك', NULL, NULL, 0, 1, '2025-09-12 02:41:33', '2025-09-12 02:41:33'),
(459, 177, 'لينكس', NULL, NULL, 0, 2, '2025-09-12 02:41:33', '2025-09-12 02:41:33'),
(460, 177, 'أخرى', NULL, NULL, 0, 3, '2025-09-12 02:41:33', '2025-09-12 02:41:33'),
(461, 178, 'ممتاز', NULL, NULL, 0, 0, '2025-09-12 02:41:33', '2025-09-12 02:41:33'),
(462, 178, 'جيد', NULL, NULL, 0, 1, '2025-09-12 02:41:33', '2025-09-12 02:41:33'),
(463, 178, 'مقبول', NULL, NULL, 0, 2, '2025-09-12 02:41:33', '2025-09-12 02:41:33'),
(464, 178, 'ضعيف', NULL, NULL, 0, 3, '2025-09-12 02:41:33', '2025-09-12 02:41:33'),
(465, 179, 'منظم جدا', NULL, NULL, 0, 0, '2025-09-12 02:41:34', '2025-09-12 02:41:34'),
(466, 179, 'منظم', NULL, NULL, 0, 1, '2025-09-12 02:41:34', '2025-09-12 02:41:34'),
(467, 179, 'متوسط', NULL, NULL, 0, 2, '2025-09-12 02:41:34', '2025-09-12 02:41:34'),
(468, 179, 'غير منظم', NULL, NULL, 0, 3, '2025-09-12 02:41:34', '2025-09-12 02:41:34'),
(469, 180, 'Chrome', NULL, NULL, 0, 0, '2025-09-12 02:41:34', '2025-09-12 02:41:34'),
(470, 180, 'Firefox', NULL, NULL, 0, 1, '2025-09-12 02:41:34', '2025-09-12 02:41:34'),
(471, 180, 'Safari', NULL, NULL, 0, 2, '2025-09-12 02:41:34', '2025-09-12 02:41:34'),
(472, 180, 'Edge', NULL, NULL, 0, 3, '2025-09-12 02:41:34', '2025-09-12 02:41:34'),
(473, 180, 'Other', NULL, NULL, 0, 4, '2025-09-12 02:41:34', '2025-09-12 02:41:34'),
(474, 181, 'متقدم', NULL, NULL, 0, 0, '2025-09-12 02:41:34', '2025-09-12 02:41:34'),
(475, 181, 'متوسط', NULL, NULL, 0, 1, '2025-09-12 02:41:34', '2025-09-12 02:41:34'),
(476, 181, 'مبتدئ', NULL, NULL, 0, 2, '2025-09-12 02:41:34', '2025-09-12 02:41:34'),
(477, 181, 'لا أعرف أي اختصارات', NULL, NULL, 0, 3, '2025-09-12 02:41:34', '2025-09-12 02:41:34'),
(478, 182, 'ممتاز', NULL, NULL, 0, 0, '2025-09-12 02:41:34', '2025-09-12 02:41:34'),
(479, 182, 'جيد', NULL, NULL, 0, 1, '2025-09-12 02:41:34', '2025-09-12 02:41:34'),
(480, 182, 'متوسط', NULL, NULL, 0, 2, '2025-09-12 02:41:34', '2025-09-12 02:41:34'),
(481, 182, 'ضعيف', NULL, NULL, 0, 3, '2025-09-12 02:41:34', '2025-09-12 02:41:34'),
(482, 183, 'أقل من 5 ساعات', NULL, NULL, 0, 0, '2025-09-12 02:41:34', '2025-09-12 02:41:34'),
(483, 184, 'أكثر من 15 ساعة', NULL, NULL, 0, 0, '2025-09-12 02:41:34', '2025-09-12 02:41:34'),
(484, 185, 'التعلم العملي بالمشاريع', NULL, NULL, 0, 0, '2025-09-12 02:41:34', '2025-09-12 02:41:34'),
(485, 185, 'التعلم النظري', NULL, NULL, 0, 1, '2025-09-12 02:41:34', '2025-09-12 02:41:34'),
(486, 185, 'مزيج من الاثنين', NULL, NULL, 0, 2, '2025-09-12 02:41:34', '2025-09-12 02:41:34'),
(487, 186, 'أستمتع بحله وأبذل جهدي حتى أصل للحل', NULL, NULL, 0, 0, '2025-09-12 02:41:34', '2025-09-12 02:41:34'),
(488, 186, 'أحاول لفترة ثم أستسلم', NULL, NULL, 0, 1, '2025-09-12 02:41:34', '2025-09-12 02:41:34'),
(489, 186, 'أطلب المساعدة فوراً', NULL, NULL, 0, 2, '2025-09-12 02:41:34', '2025-09-12 02:41:34'),
(490, 186, 'أتجنب هذه التحديات', NULL, NULL, 0, 3, '2025-09-12 02:41:34', '2025-09-12 02:41:34'),
(491, 186, 'أستخدم الذكاء الاصطناعي', NULL, NULL, 0, 4, '2025-09-12 02:41:34', '2025-09-12 02:41:34'),
(492, 187, 'نعم', NULL, NULL, 0, 0, '2025-09-12 02:41:34', '2025-09-12 02:41:34'),
(493, 187, 'لا', NULL, NULL, 0, 1, '2025-09-12 02:41:34', '2025-09-12 02:41:34'),
(494, 188, 'أحاول حلها بنفسي', NULL, NULL, 0, 0, '2025-09-12 02:41:34', '2025-09-12 02:41:34'),
(495, 188, 'أبحث في الإنترنت', NULL, NULL, 0, 1, '2025-09-12 02:41:34', '2025-09-12 02:41:34'),
(496, 188, 'أطلب المساعدة من الزملاء', NULL, NULL, 0, 2, '2025-09-12 02:41:34', '2025-09-12 02:41:34'),
(497, 188, 'أتوجه للمختصين', NULL, NULL, 0, 3, '2025-09-12 02:41:34', '2025-09-12 02:41:34'),
(498, 242, 'أقل من 15 سنة', NULL, NULL, 0, 0, '2025-09-13 02:48:29', '2025-09-13 02:48:29'),
(499, 242, 'من 15 إلى 25 سنة', NULL, NULL, 0, 1, '2025-09-13 02:48:29', '2025-09-13 02:48:29'),
(500, 242, 'من 25 إلى 35 سنة', NULL, NULL, 0, 2, '2025-09-13 02:48:29', '2025-09-13 02:48:29'),
(501, 242, 'أكبر من 35 سنة', NULL, NULL, 0, 3, '2025-09-13 02:48:29', '2025-09-13 02:48:29'),
(502, 243, 'ذكر', NULL, NULL, 0, 0, '2025-09-13 02:48:29', '2025-09-13 02:48:29'),
(503, 243, 'أنثى', NULL, NULL, 0, 1, '2025-09-13 02:48:29', '2025-09-13 02:48:29'),
(504, 243, 'أفضل عدم الإجابة', NULL, NULL, 0, 2, '2025-09-13 02:48:29', '2025-09-13 02:48:29'),
(505, 244, 'مصر', NULL, NULL, 0, 0, '2025-09-13 02:48:29', '2025-09-13 02:48:29'),
(506, 244, 'السعودية', NULL, NULL, 0, 1, '2025-09-13 02:48:29', '2025-09-13 02:48:29'),
(507, 244, 'الإمارات', NULL, NULL, 0, 2, '2025-09-13 02:48:29', '2025-09-13 02:48:29'),
(508, 244, 'الكويت', NULL, NULL, 0, 3, '2025-09-13 02:48:29', '2025-09-13 02:48:29'),
(509, 244, 'قطر', NULL, NULL, 0, 4, '2025-09-13 02:48:29', '2025-09-13 02:48:29'),
(510, 244, 'البحرين', NULL, NULL, 0, 5, '2025-09-13 02:48:29', '2025-09-13 02:48:29'),
(511, 244, 'عمان', NULL, NULL, 0, 6, '2025-09-13 02:48:29', '2025-09-13 02:48:29'),
(512, 244, 'الأردن', NULL, NULL, 0, 7, '2025-09-13 02:48:29', '2025-09-13 02:48:29'),
(513, 244, 'فلسطين', NULL, NULL, 0, 8, '2025-09-13 02:48:29', '2025-09-13 02:48:29'),
(514, 244, 'لبنان', NULL, NULL, 0, 9, '2025-09-13 02:48:29', '2025-09-13 02:48:29'),
(515, 244, 'سوريا', NULL, NULL, 0, 10, '2025-09-13 02:48:29', '2025-09-13 02:48:29'),
(516, 244, 'العراق', NULL, NULL, 0, 11, '2025-09-13 02:48:29', '2025-09-13 02:48:29'),
(517, 244, 'اليمن', NULL, NULL, 0, 12, '2025-09-13 02:48:29', '2025-09-13 02:48:29'),
(518, 244, 'ليبيا', NULL, NULL, 0, 13, '2025-09-13 02:48:29', '2025-09-13 02:48:29'),
(519, 244, 'تونس', NULL, NULL, 0, 14, '2025-09-13 02:48:29', '2025-09-13 02:48:29'),
(520, 244, 'الجزائر', NULL, NULL, 0, 15, '2025-09-13 02:48:29', '2025-09-13 02:48:29'),
(521, 244, 'المغرب', NULL, NULL, 0, 16, '2025-09-13 02:48:29', '2025-09-13 02:48:29'),
(522, 244, 'موريتانيا', NULL, NULL, 0, 17, '2025-09-13 02:48:29', '2025-09-13 02:48:29'),
(523, 244, 'الصومال', NULL, NULL, 0, 18, '2025-09-13 02:48:29', '2025-09-13 02:48:29'),
(524, 244, 'جيبوتي', NULL, NULL, 0, 19, '2025-09-13 02:48:29', '2025-09-13 02:48:29'),
(525, 244, 'جزر القمر', NULL, NULL, 0, 20, '2025-09-13 02:48:29', '2025-09-13 02:48:29'),
(526, 245, '(حقل نصي)*', NULL, NULL, 0, 0, '2025-09-13 02:48:29', '2025-09-13 02:48:29'),
(527, 246, 'طالب ثانوي', NULL, NULL, 0, 0, '2025-09-13 02:48:29', '2025-09-13 02:48:29'),
(528, 246, 'طالب جامعي', NULL, NULL, 0, 1, '2025-09-13 02:48:29', '2025-09-13 02:48:29'),
(529, 246, 'خريج جامعي', NULL, NULL, 0, 2, '2025-09-13 02:48:29', '2025-09-13 02:48:29'),
(530, 246, 'ماجستير', NULL, NULL, 0, 3, '2025-09-13 02:48:29', '2025-09-13 02:48:29'),
(531, 246, 'دكتوراه', NULL, NULL, 0, 4, '2025-09-13 02:48:29', '2025-09-13 02:48:29'),
(532, 247, '(حقل نصي)*', NULL, NULL, 0, 0, '2025-09-13 02:48:29', '2025-09-13 02:48:29'),
(533, 248, 'طالب', NULL, NULL, 0, 0, '2025-09-13 02:48:29', '2025-09-13 02:48:29'),
(534, 248, 'خريج', NULL, NULL, 0, 1, '2025-09-13 02:48:29', '2025-09-13 02:48:29'),
(535, 248, 'موظف', NULL, NULL, 0, 2, '2025-09-13 02:48:29', '2025-09-13 02:48:29'),
(536, 248, 'أعمل لحسابي', NULL, NULL, 0, 3, '2025-09-13 02:48:29', '2025-09-13 02:48:29'),
(537, 248, 'أبحث عن عمل', NULL, NULL, 0, 4, '2025-09-13 02:48:29', '2025-09-13 02:48:29'),
(538, 249, 'مبتدئ', NULL, NULL, 0, 0, '2025-09-13 02:48:29', '2025-09-13 02:48:29'),
(539, 249, 'متوسط', NULL, NULL, 0, 1, '2025-09-13 02:48:29', '2025-09-13 02:48:29'),
(540, 249, 'متقدم', NULL, NULL, 0, 2, '2025-09-13 02:48:29', '2025-09-13 02:48:29'),
(541, 249, 'متمكن', NULL, NULL, 0, 3, '2025-09-13 02:48:29', '2025-09-13 02:48:29'),
(542, 250, 'نعم', NULL, NULL, 0, 0, '2025-09-13 02:48:29', '2025-09-13 02:48:29'),
(543, 250, 'لا', NULL, NULL, 0, 1, '2025-09-13 02:48:29', '2025-09-13 02:48:29'),
(544, 253, 'أقل من 15 سنة', NULL, NULL, 0, 0, '2025-09-13 02:48:34', '2025-09-13 02:48:34'),
(545, 253, 'من 15 إلى 25 سنة', NULL, NULL, 0, 1, '2025-09-13 02:48:34', '2025-09-13 02:48:34'),
(546, 253, 'من 25 إلى 35 سنة', NULL, NULL, 0, 2, '2025-09-13 02:48:34', '2025-09-13 02:48:34'),
(547, 253, 'أكبر من 35 سنة', NULL, NULL, 0, 3, '2025-09-13 02:48:34', '2025-09-13 02:48:34'),
(548, 254, 'ذكر', NULL, NULL, 0, 0, '2025-09-13 02:48:34', '2025-09-13 02:48:34'),
(549, 254, 'أنثى', NULL, NULL, 0, 1, '2025-09-13 02:48:34', '2025-09-13 02:48:34'),
(550, 254, 'أفضل عدم الإجابة', NULL, NULL, 0, 2, '2025-09-13 02:48:34', '2025-09-13 02:48:34'),
(551, 255, 'مصر', NULL, NULL, 0, 0, '2025-09-13 02:48:34', '2025-09-13 02:48:34'),
(552, 255, 'السعودية', NULL, NULL, 0, 1, '2025-09-13 02:48:34', '2025-09-13 02:48:34'),
(553, 255, 'الإمارات', NULL, NULL, 0, 2, '2025-09-13 02:48:34', '2025-09-13 02:48:34'),
(554, 255, 'الكويت', NULL, NULL, 0, 3, '2025-09-13 02:48:34', '2025-09-13 02:48:34'),
(555, 255, 'قطر', NULL, NULL, 0, 4, '2025-09-13 02:48:34', '2025-09-13 02:48:34'),
(556, 255, 'البحرين', NULL, NULL, 0, 5, '2025-09-13 02:48:34', '2025-09-13 02:48:34'),
(557, 255, 'عمان', NULL, NULL, 0, 6, '2025-09-13 02:48:34', '2025-09-13 02:48:34'),
(558, 255, 'الأردن', NULL, NULL, 0, 7, '2025-09-13 02:48:34', '2025-09-13 02:48:34'),
(559, 255, 'فلسطين', NULL, NULL, 0, 8, '2025-09-13 02:48:34', '2025-09-13 02:48:34'),
(560, 255, 'لبنان', NULL, NULL, 0, 9, '2025-09-13 02:48:34', '2025-09-13 02:48:34'),
(561, 255, 'سوريا', NULL, NULL, 0, 10, '2025-09-13 02:48:34', '2025-09-13 02:48:34'),
(562, 255, 'العراق', NULL, NULL, 0, 11, '2025-09-13 02:48:34', '2025-09-13 02:48:34'),
(563, 255, 'اليمن', NULL, NULL, 0, 12, '2025-09-13 02:48:34', '2025-09-13 02:48:34'),
(564, 255, 'ليبيا', NULL, NULL, 0, 13, '2025-09-13 02:48:34', '2025-09-13 02:48:34'),
(565, 255, 'تونس', NULL, NULL, 0, 14, '2025-09-13 02:48:34', '2025-09-13 02:48:34'),
(566, 255, 'الجزائر', NULL, NULL, 0, 15, '2025-09-13 02:48:34', '2025-09-13 02:48:34'),
(567, 255, 'المغرب', NULL, NULL, 0, 16, '2025-09-13 02:48:34', '2025-09-13 02:48:34'),
(568, 255, 'موريتانيا', NULL, NULL, 0, 17, '2025-09-13 02:48:34', '2025-09-13 02:48:34'),
(569, 255, 'الصومال', NULL, NULL, 0, 18, '2025-09-13 02:48:34', '2025-09-13 02:48:34'),
(570, 255, 'جيبوتي', NULL, NULL, 0, 19, '2025-09-13 02:48:34', '2025-09-13 02:48:34'),
(571, 255, 'جزر القمر', NULL, NULL, 0, 20, '2025-09-13 02:48:34', '2025-09-13 02:48:34'),
(572, 256, '(حقل نصي)*', NULL, NULL, 0, 0, '2025-09-13 02:48:34', '2025-09-13 02:48:34'),
(573, 257, 'طالب ثانوي', NULL, NULL, 0, 0, '2025-09-13 02:48:34', '2025-09-13 02:48:34'),
(574, 257, 'طالب جامعي', NULL, NULL, 0, 1, '2025-09-13 02:48:34', '2025-09-13 02:48:34'),
(575, 257, 'خريج جامعي', NULL, NULL, 0, 2, '2025-09-13 02:48:34', '2025-09-13 02:48:34'),
(576, 257, 'ماجستير', NULL, NULL, 0, 3, '2025-09-13 02:48:34', '2025-09-13 02:48:34'),
(577, 257, 'دكتوراه', NULL, NULL, 0, 4, '2025-09-13 02:48:34', '2025-09-13 02:48:34'),
(578, 258, '(حقل نصي)*', NULL, NULL, 0, 0, '2025-09-13 02:48:34', '2025-09-13 02:48:34'),
(579, 259, 'طالب', NULL, NULL, 0, 0, '2025-09-13 02:48:34', '2025-09-13 02:48:34'),
(580, 259, 'خريج', NULL, NULL, 0, 1, '2025-09-13 02:48:34', '2025-09-13 02:48:34'),
(581, 259, 'موظف', NULL, NULL, 0, 2, '2025-09-13 02:48:34', '2025-09-13 02:48:34'),
(582, 259, 'أعمل لحسابي', NULL, NULL, 0, 3, '2025-09-13 02:48:34', '2025-09-13 02:48:34'),
(583, 259, 'أبحث عن عمل', NULL, NULL, 0, 4, '2025-09-13 02:48:34', '2025-09-13 02:48:34');
INSERT INTO `options` (`id`, `question_id`, `label`, `weight`, `points`, `is_correct`, `display_order`, `created_at`, `updated_at`) VALUES
(584, 260, 'مبتدئ', NULL, NULL, 0, 0, '2025-09-13 02:48:34', '2025-09-13 02:48:34'),
(585, 260, 'متوسط', NULL, NULL, 0, 1, '2025-09-13 02:48:34', '2025-09-13 02:48:34'),
(586, 260, 'متقدم', NULL, NULL, 0, 2, '2025-09-13 02:48:34', '2025-09-13 02:48:34'),
(587, 260, 'متمكن', NULL, NULL, 0, 3, '2025-09-13 02:48:34', '2025-09-13 02:48:34'),
(588, 261, 'نعم', NULL, NULL, 0, 0, '2025-09-13 02:48:34', '2025-09-13 02:48:34'),
(589, 261, 'لا', NULL, NULL, 0, 1, '2025-09-13 02:48:34', '2025-09-13 02:48:34'),
(590, 264, 'أقل من 15 سنة', NULL, NULL, 0, 0, '2025-09-13 06:42:45', '2025-09-13 06:42:45'),
(591, 264, 'من 15 إلى 25 سنة', NULL, NULL, 0, 1, '2025-09-13 06:42:45', '2025-09-13 06:42:45'),
(592, 264, 'من 25 إلى 35 سنة', NULL, NULL, 0, 2, '2025-09-13 06:42:45', '2025-09-13 06:42:45'),
(593, 264, 'أكبر من 35 سنة', NULL, NULL, 0, 3, '2025-09-13 06:42:45', '2025-09-13 06:42:45'),
(594, 265, 'ذكر', NULL, NULL, 0, 0, '2025-09-13 06:42:45', '2025-09-13 06:42:45'),
(595, 265, 'أنثى', NULL, NULL, 0, 1, '2025-09-13 06:42:45', '2025-09-13 06:42:45'),
(596, 265, 'أفضل عدم الإجابة', NULL, NULL, 0, 2, '2025-09-13 06:42:45', '2025-09-13 06:42:45'),
(597, 266, 'مصر', NULL, NULL, 0, 0, '2025-09-13 06:42:45', '2025-09-13 06:42:45'),
(598, 266, 'السعودية', NULL, NULL, 0, 1, '2025-09-13 06:42:45', '2025-09-13 06:42:45'),
(599, 266, 'الإمارات', NULL, NULL, 0, 2, '2025-09-13 06:42:45', '2025-09-13 06:42:45'),
(600, 266, 'الكويت', NULL, NULL, 0, 3, '2025-09-13 06:42:45', '2025-09-13 06:42:45'),
(601, 266, 'قطر', NULL, NULL, 0, 4, '2025-09-13 06:42:45', '2025-09-13 06:42:45'),
(602, 266, 'البحرين', NULL, NULL, 0, 5, '2025-09-13 06:42:45', '2025-09-13 06:42:45'),
(603, 266, 'عمان', NULL, NULL, 0, 6, '2025-09-13 06:42:45', '2025-09-13 06:42:45'),
(604, 266, 'الأردن', NULL, NULL, 0, 7, '2025-09-13 06:42:45', '2025-09-13 06:42:45'),
(605, 266, 'فلسطين', NULL, NULL, 0, 8, '2025-09-13 06:42:45', '2025-09-13 06:42:45'),
(606, 266, 'لبنان', NULL, NULL, 0, 9, '2025-09-13 06:42:45', '2025-09-13 06:42:45'),
(607, 266, 'سوريا', NULL, NULL, 0, 10, '2025-09-13 06:42:45', '2025-09-13 06:42:45'),
(608, 266, 'العراق', NULL, NULL, 0, 11, '2025-09-13 06:42:45', '2025-09-13 06:42:45'),
(609, 266, 'اليمن', NULL, NULL, 0, 12, '2025-09-13 06:42:45', '2025-09-13 06:42:45'),
(610, 266, 'ليبيا', NULL, NULL, 0, 13, '2025-09-13 06:42:45', '2025-09-13 06:42:45'),
(611, 266, 'تونس', NULL, NULL, 0, 14, '2025-09-13 06:42:45', '2025-09-13 06:42:45'),
(612, 266, 'الجزائر', NULL, NULL, 0, 15, '2025-09-13 06:42:45', '2025-09-13 06:42:45'),
(613, 266, 'المغرب', NULL, NULL, 0, 16, '2025-09-13 06:42:45', '2025-09-13 06:42:45'),
(614, 266, 'موريتانيا', NULL, NULL, 0, 17, '2025-09-13 06:42:45', '2025-09-13 06:42:45'),
(615, 266, 'الصومال', NULL, NULL, 0, 18, '2025-09-13 06:42:45', '2025-09-13 06:42:45'),
(616, 266, 'جيبوتي', NULL, NULL, 0, 19, '2025-09-13 06:42:45', '2025-09-13 06:42:45'),
(617, 266, 'جزر القمر', NULL, NULL, 0, 20, '2025-09-13 06:42:45', '2025-09-13 06:42:45'),
(618, 267, '(حقل نصي)*', NULL, NULL, 0, 0, '2025-09-13 06:42:45', '2025-09-13 06:42:45'),
(619, 268, 'طالب ثانوي', NULL, NULL, 0, 0, '2025-09-13 06:42:45', '2025-09-13 06:42:45'),
(620, 268, 'طالب جامعي', NULL, NULL, 0, 1, '2025-09-13 06:42:45', '2025-09-13 06:42:45'),
(621, 268, 'خريج جامعي', NULL, NULL, 0, 2, '2025-09-13 06:42:45', '2025-09-13 06:42:45'),
(622, 268, 'ماجستير', NULL, NULL, 0, 3, '2025-09-13 06:42:45', '2025-09-13 06:42:45'),
(623, 268, 'دكتوراه', NULL, NULL, 0, 4, '2025-09-13 06:42:45', '2025-09-13 06:42:45'),
(624, 269, '(حقل نصي)*', NULL, NULL, 0, 0, '2025-09-13 06:42:45', '2025-09-13 06:42:45'),
(625, 270, 'طالب', NULL, NULL, 0, 0, '2025-09-13 06:42:45', '2025-09-13 06:42:45'),
(626, 270, 'خريج', NULL, NULL, 0, 1, '2025-09-13 06:42:45', '2025-09-13 06:42:45'),
(627, 270, 'موظف', NULL, NULL, 0, 2, '2025-09-13 06:42:45', '2025-09-13 06:42:45'),
(628, 270, 'أعمل لحسابي', NULL, NULL, 0, 3, '2025-09-13 06:42:45', '2025-09-13 06:42:45'),
(629, 270, 'أبحث عن عمل', NULL, NULL, 0, 4, '2025-09-13 06:42:45', '2025-09-13 06:42:45'),
(630, 271, 'مبتدئ', NULL, NULL, 0, 0, '2025-09-13 06:42:45', '2025-09-13 06:42:45'),
(631, 271, 'متوسط', NULL, NULL, 0, 1, '2025-09-13 06:42:45', '2025-09-13 06:42:45'),
(632, 271, 'متقدم', NULL, NULL, 0, 2, '2025-09-13 06:42:45', '2025-09-13 06:42:45'),
(633, 271, 'متمكن', NULL, NULL, 0, 3, '2025-09-13 06:42:45', '2025-09-13 06:42:45'),
(634, 272, 'نعم', NULL, NULL, 0, 0, '2025-09-13 06:42:45', '2025-09-13 06:42:45'),
(635, 272, 'لا', NULL, NULL, 0, 1, '2025-09-13 06:42:45', '2025-09-13 06:42:45'),
(636, 275, 'أقل من 15 سنة', NULL, NULL, 0, 0, '2025-09-13 06:42:45', '2025-09-13 06:42:45'),
(637, 275, 'من 15 إلى 25 سنة', NULL, NULL, 0, 1, '2025-09-13 06:42:45', '2025-09-13 06:42:45'),
(638, 275, 'من 25 إلى 35 سنة', NULL, NULL, 0, 2, '2025-09-13 06:42:45', '2025-09-13 06:42:45'),
(639, 275, 'أكبر من 35 سنة', NULL, NULL, 0, 3, '2025-09-13 06:42:45', '2025-09-13 06:42:45'),
(640, 276, 'ذكر', NULL, NULL, 0, 0, '2025-09-13 06:42:45', '2025-09-13 06:42:45'),
(641, 276, 'أنثى', NULL, NULL, 0, 1, '2025-09-13 06:42:45', '2025-09-13 06:42:45'),
(642, 276, 'أفضل عدم الإجابة', NULL, NULL, 0, 2, '2025-09-13 06:42:45', '2025-09-13 06:42:45'),
(643, 277, 'مصر', NULL, NULL, 0, 0, '2025-09-13 06:42:45', '2025-09-13 06:42:45'),
(644, 277, 'السعودية', NULL, NULL, 0, 1, '2025-09-13 06:42:45', '2025-09-13 06:42:45'),
(645, 277, 'الإمارات', NULL, NULL, 0, 2, '2025-09-13 06:42:45', '2025-09-13 06:42:45'),
(646, 277, 'الكويت', NULL, NULL, 0, 3, '2025-09-13 06:42:45', '2025-09-13 06:42:45'),
(647, 277, 'قطر', NULL, NULL, 0, 4, '2025-09-13 06:42:45', '2025-09-13 06:42:45'),
(648, 277, 'البحرين', NULL, NULL, 0, 5, '2025-09-13 06:42:45', '2025-09-13 06:42:45'),
(649, 277, 'عمان', NULL, NULL, 0, 6, '2025-09-13 06:42:45', '2025-09-13 06:42:45'),
(650, 277, 'الأردن', NULL, NULL, 0, 7, '2025-09-13 06:42:45', '2025-09-13 06:42:45'),
(651, 277, 'فلسطين', NULL, NULL, 0, 8, '2025-09-13 06:42:45', '2025-09-13 06:42:45'),
(652, 277, 'لبنان', NULL, NULL, 0, 9, '2025-09-13 06:42:45', '2025-09-13 06:42:45'),
(653, 277, 'سوريا', NULL, NULL, 0, 10, '2025-09-13 06:42:45', '2025-09-13 06:42:45'),
(654, 277, 'العراق', NULL, NULL, 0, 11, '2025-09-13 06:42:45', '2025-09-13 06:42:45'),
(655, 277, 'اليمن', NULL, NULL, 0, 12, '2025-09-13 06:42:45', '2025-09-13 06:42:45'),
(656, 277, 'ليبيا', NULL, NULL, 0, 13, '2025-09-13 06:42:45', '2025-09-13 06:42:45'),
(657, 277, 'تونس', NULL, NULL, 0, 14, '2025-09-13 06:42:45', '2025-09-13 06:42:45'),
(658, 277, 'الجزائر', NULL, NULL, 0, 15, '2025-09-13 06:42:45', '2025-09-13 06:42:45'),
(659, 277, 'المغرب', NULL, NULL, 0, 16, '2025-09-13 06:42:45', '2025-09-13 06:42:45'),
(660, 277, 'موريتانيا', NULL, NULL, 0, 17, '2025-09-13 06:42:45', '2025-09-13 06:42:45'),
(661, 277, 'الصومال', NULL, NULL, 0, 18, '2025-09-13 06:42:45', '2025-09-13 06:42:45'),
(662, 277, 'جيبوتي', NULL, NULL, 0, 19, '2025-09-13 06:42:45', '2025-09-13 06:42:45'),
(663, 277, 'جزر القمر', NULL, NULL, 0, 20, '2025-09-13 06:42:45', '2025-09-13 06:42:45'),
(664, 278, '(حقل نصي)*', NULL, NULL, 0, 0, '2025-09-13 06:42:45', '2025-09-13 06:42:45'),
(665, 279, 'طالب ثانوي', NULL, NULL, 0, 0, '2025-09-13 06:42:45', '2025-09-13 06:42:45'),
(666, 279, 'طالب جامعي', NULL, NULL, 0, 1, '2025-09-13 06:42:45', '2025-09-13 06:42:45'),
(667, 279, 'خريج جامعي', NULL, NULL, 0, 2, '2025-09-13 06:42:45', '2025-09-13 06:42:45'),
(668, 279, 'ماجستير', NULL, NULL, 0, 3, '2025-09-13 06:42:45', '2025-09-13 06:42:45'),
(669, 279, 'دكتوراه', NULL, NULL, 0, 4, '2025-09-13 06:42:45', '2025-09-13 06:42:45'),
(670, 280, '(حقل نصي)*', NULL, NULL, 0, 0, '2025-09-13 06:42:46', '2025-09-13 06:42:46'),
(671, 281, 'طالب', NULL, NULL, 0, 0, '2025-09-13 06:42:46', '2025-09-13 06:42:46'),
(672, 281, 'خريج', NULL, NULL, 0, 1, '2025-09-13 06:42:46', '2025-09-13 06:42:46'),
(673, 281, 'موظف', NULL, NULL, 0, 2, '2025-09-13 06:42:46', '2025-09-13 06:42:46'),
(674, 281, 'أعمل لحسابي', NULL, NULL, 0, 3, '2025-09-13 06:42:46', '2025-09-13 06:42:46'),
(675, 281, 'أبحث عن عمل', NULL, NULL, 0, 4, '2025-09-13 06:42:46', '2025-09-13 06:42:46'),
(676, 282, 'مبتدئ', NULL, NULL, 0, 0, '2025-09-13 06:42:46', '2025-09-13 06:42:46'),
(677, 282, 'متوسط', NULL, NULL, 0, 1, '2025-09-13 06:42:46', '2025-09-13 06:42:46'),
(678, 282, 'متقدم', NULL, NULL, 0, 2, '2025-09-13 06:42:46', '2025-09-13 06:42:46'),
(679, 282, 'متمكن', NULL, NULL, 0, 3, '2025-09-13 06:42:46', '2025-09-13 06:42:46'),
(680, 283, 'نعم', NULL, NULL, 0, 0, '2025-09-13 06:42:46', '2025-09-13 06:42:46'),
(681, 283, 'لا', NULL, NULL, 0, 1, '2025-09-13 06:42:46', '2025-09-13 06:42:46'),
(682, 286, 'أقل من 15 سنة', NULL, NULL, 0, 0, '2025-09-13 06:42:46', '2025-09-13 06:42:46'),
(683, 286, 'من 15 إلى 25 سنة', NULL, NULL, 0, 1, '2025-09-13 06:42:46', '2025-09-13 06:42:46'),
(684, 286, 'من 25 إلى 35 سنة', NULL, NULL, 0, 2, '2025-09-13 06:42:46', '2025-09-13 06:42:46'),
(685, 286, 'أكبر من 35 سنة', NULL, NULL, 0, 3, '2025-09-13 06:42:46', '2025-09-13 06:42:46'),
(686, 287, 'ذكر', NULL, NULL, 0, 0, '2025-09-13 06:42:46', '2025-09-13 06:42:46'),
(687, 287, 'أنثى', NULL, NULL, 0, 1, '2025-09-13 06:42:46', '2025-09-13 06:42:46'),
(688, 287, 'أفضل عدم الإجابة', NULL, NULL, 0, 2, '2025-09-13 06:42:46', '2025-09-13 06:42:46'),
(689, 288, 'مصر', NULL, NULL, 0, 0, '2025-09-13 06:42:46', '2025-09-13 06:42:46'),
(690, 288, 'السعودية', NULL, NULL, 0, 1, '2025-09-13 06:42:46', '2025-09-13 06:42:46'),
(691, 288, 'الإمارات', NULL, NULL, 0, 2, '2025-09-13 06:42:46', '2025-09-13 06:42:46'),
(692, 288, 'الكويت', NULL, NULL, 0, 3, '2025-09-13 06:42:46', '2025-09-13 06:42:46'),
(693, 288, 'قطر', NULL, NULL, 0, 4, '2025-09-13 06:42:46', '2025-09-13 06:42:46'),
(694, 288, 'البحرين', NULL, NULL, 0, 5, '2025-09-13 06:42:46', '2025-09-13 06:42:46'),
(695, 288, 'عمان', NULL, NULL, 0, 6, '2025-09-13 06:42:46', '2025-09-13 06:42:46'),
(696, 288, 'الأردن', NULL, NULL, 0, 7, '2025-09-13 06:42:46', '2025-09-13 06:42:46'),
(697, 288, 'فلسطين', NULL, NULL, 0, 8, '2025-09-13 06:42:46', '2025-09-13 06:42:46'),
(698, 288, 'لبنان', NULL, NULL, 0, 9, '2025-09-13 06:42:46', '2025-09-13 06:42:46'),
(699, 288, 'سوريا', NULL, NULL, 0, 10, '2025-09-13 06:42:46', '2025-09-13 06:42:46'),
(700, 288, 'العراق', NULL, NULL, 0, 11, '2025-09-13 06:42:46', '2025-09-13 06:42:46'),
(701, 288, 'اليمن', NULL, NULL, 0, 12, '2025-09-13 06:42:46', '2025-09-13 06:42:46'),
(702, 288, 'ليبيا', NULL, NULL, 0, 13, '2025-09-13 06:42:46', '2025-09-13 06:42:46'),
(703, 288, 'تونس', NULL, NULL, 0, 14, '2025-09-13 06:42:46', '2025-09-13 06:42:46'),
(704, 288, 'الجزائر', NULL, NULL, 0, 15, '2025-09-13 06:42:46', '2025-09-13 06:42:46'),
(705, 288, 'المغرب', NULL, NULL, 0, 16, '2025-09-13 06:42:46', '2025-09-13 06:42:46'),
(706, 288, 'موريتانيا', NULL, NULL, 0, 17, '2025-09-13 06:42:46', '2025-09-13 06:42:46'),
(707, 288, 'الصومال', NULL, NULL, 0, 18, '2025-09-13 06:42:46', '2025-09-13 06:42:46'),
(708, 288, 'جيبوتي', NULL, NULL, 0, 19, '2025-09-13 06:42:46', '2025-09-13 06:42:46'),
(709, 288, 'جزر القمر', NULL, NULL, 0, 20, '2025-09-13 06:42:46', '2025-09-13 06:42:46'),
(710, 289, '(حقل نصي)*', NULL, NULL, 0, 0, '2025-09-13 06:42:46', '2025-09-13 06:42:46'),
(711, 290, 'طالب ثانوي', NULL, NULL, 0, 0, '2025-09-13 06:42:46', '2025-09-13 06:42:46'),
(712, 290, 'طالب جامعي', NULL, NULL, 0, 1, '2025-09-13 06:42:46', '2025-09-13 06:42:46'),
(713, 290, 'خريج جامعي', NULL, NULL, 0, 2, '2025-09-13 06:42:46', '2025-09-13 06:42:46'),
(714, 290, 'ماجستير', NULL, NULL, 0, 3, '2025-09-13 06:42:46', '2025-09-13 06:42:46'),
(715, 290, 'دكتوراه', NULL, NULL, 0, 4, '2025-09-13 06:42:46', '2025-09-13 06:42:46'),
(716, 291, '(حقل نصي)*', NULL, NULL, 0, 0, '2025-09-13 06:42:46', '2025-09-13 06:42:46'),
(717, 292, 'طالب', NULL, NULL, 0, 0, '2025-09-13 06:42:46', '2025-09-13 06:42:46'),
(718, 292, 'خريج', NULL, NULL, 0, 1, '2025-09-13 06:42:46', '2025-09-13 06:42:46'),
(719, 292, 'موظف', NULL, NULL, 0, 2, '2025-09-13 06:42:46', '2025-09-13 06:42:46'),
(720, 292, 'أعمل لحسابي', NULL, NULL, 0, 3, '2025-09-13 06:42:46', '2025-09-13 06:42:46'),
(721, 292, 'أبحث عن عمل', NULL, NULL, 0, 4, '2025-09-13 06:42:46', '2025-09-13 06:42:46'),
(722, 293, 'مبتدئ', NULL, NULL, 0, 0, '2025-09-13 06:42:46', '2025-09-13 06:42:46'),
(723, 293, 'متوسط', NULL, NULL, 0, 1, '2025-09-13 06:42:46', '2025-09-13 06:42:46'),
(724, 293, 'متقدم', NULL, NULL, 0, 2, '2025-09-13 06:42:46', '2025-09-13 06:42:46'),
(725, 293, 'متمكن', NULL, NULL, 0, 3, '2025-09-13 06:42:46', '2025-09-13 06:42:46'),
(726, 294, 'نعم', NULL, NULL, 0, 0, '2025-09-13 06:42:46', '2025-09-13 06:42:46'),
(727, 294, 'لا', NULL, NULL, 0, 1, '2025-09-13 06:42:46', '2025-09-13 06:42:46'),
(728, 297, 'أقل من 15 سنة', NULL, NULL, 0, 0, '2025-09-13 06:42:47', '2025-09-13 06:42:47'),
(729, 297, 'من 15 إلى 25 سنة', NULL, NULL, 0, 1, '2025-09-13 06:42:47', '2025-09-13 06:42:47'),
(730, 297, 'من 25 إلى 35 سنة', NULL, NULL, 0, 2, '2025-09-13 06:42:47', '2025-09-13 06:42:47'),
(731, 297, 'أكبر من 35 سنة', NULL, NULL, 0, 3, '2025-09-13 06:42:47', '2025-09-13 06:42:47'),
(732, 298, 'ذكر', NULL, NULL, 0, 0, '2025-09-13 06:42:47', '2025-09-13 06:42:47'),
(733, 298, 'أنثى', NULL, NULL, 0, 1, '2025-09-13 06:42:47', '2025-09-13 06:42:47'),
(734, 298, 'أفضل عدم الإجابة', NULL, NULL, 0, 2, '2025-09-13 06:42:47', '2025-09-13 06:42:47'),
(735, 299, 'مصر', NULL, NULL, 0, 0, '2025-09-13 06:42:47', '2025-09-13 06:42:47'),
(736, 299, 'السعودية', NULL, NULL, 0, 1, '2025-09-13 06:42:47', '2025-09-13 06:42:47'),
(737, 299, 'الإمارات', NULL, NULL, 0, 2, '2025-09-13 06:42:47', '2025-09-13 06:42:47'),
(738, 299, 'الكويت', NULL, NULL, 0, 3, '2025-09-13 06:42:47', '2025-09-13 06:42:47'),
(739, 299, 'قطر', NULL, NULL, 0, 4, '2025-09-13 06:42:47', '2025-09-13 06:42:47'),
(740, 299, 'البحرين', NULL, NULL, 0, 5, '2025-09-13 06:42:47', '2025-09-13 06:42:47'),
(741, 299, 'عمان', NULL, NULL, 0, 6, '2025-09-13 06:42:47', '2025-09-13 06:42:47'),
(742, 299, 'الأردن', NULL, NULL, 0, 7, '2025-09-13 06:42:47', '2025-09-13 06:42:47'),
(743, 299, 'فلسطين', NULL, NULL, 0, 8, '2025-09-13 06:42:47', '2025-09-13 06:42:47'),
(744, 299, 'لبنان', NULL, NULL, 0, 9, '2025-09-13 06:42:47', '2025-09-13 06:42:47'),
(745, 299, 'سوريا', NULL, NULL, 0, 10, '2025-09-13 06:42:47', '2025-09-13 06:42:47'),
(746, 299, 'العراق', NULL, NULL, 0, 11, '2025-09-13 06:42:47', '2025-09-13 06:42:47'),
(747, 299, 'اليمن', NULL, NULL, 0, 12, '2025-09-13 06:42:47', '2025-09-13 06:42:47'),
(748, 299, 'ليبيا', NULL, NULL, 0, 13, '2025-09-13 06:42:47', '2025-09-13 06:42:47'),
(749, 299, 'تونس', NULL, NULL, 0, 14, '2025-09-13 06:42:47', '2025-09-13 06:42:47'),
(750, 299, 'الجزائر', NULL, NULL, 0, 15, '2025-09-13 06:42:47', '2025-09-13 06:42:47'),
(751, 299, 'المغرب', NULL, NULL, 0, 16, '2025-09-13 06:42:47', '2025-09-13 06:42:47'),
(752, 299, 'موريتانيا', NULL, NULL, 0, 17, '2025-09-13 06:42:47', '2025-09-13 06:42:47'),
(753, 299, 'الصومال', NULL, NULL, 0, 18, '2025-09-13 06:42:47', '2025-09-13 06:42:47'),
(754, 299, 'جيبوتي', NULL, NULL, 0, 19, '2025-09-13 06:42:47', '2025-09-13 06:42:47'),
(755, 299, 'جزر القمر', NULL, NULL, 0, 20, '2025-09-13 06:42:47', '2025-09-13 06:42:47'),
(756, 300, '(حقل نصي)*', NULL, NULL, 0, 0, '2025-09-13 06:42:47', '2025-09-13 06:42:47'),
(757, 301, 'طالب ثانوي', NULL, NULL, 0, 0, '2025-09-13 06:42:47', '2025-09-13 06:42:47'),
(758, 301, 'طالب جامعي', NULL, NULL, 0, 1, '2025-09-13 06:42:47', '2025-09-13 06:42:47'),
(759, 301, 'خريج جامعي', NULL, NULL, 0, 2, '2025-09-13 06:42:47', '2025-09-13 06:42:47'),
(760, 301, 'ماجستير', NULL, NULL, 0, 3, '2025-09-13 06:42:47', '2025-09-13 06:42:47'),
(761, 301, 'دكتوراه', NULL, NULL, 0, 4, '2025-09-13 06:42:47', '2025-09-13 06:42:47'),
(762, 302, '(حقل نصي)*', NULL, NULL, 0, 0, '2025-09-13 06:42:47', '2025-09-13 06:42:47'),
(763, 303, 'طالب', NULL, NULL, 0, 0, '2025-09-13 06:42:47', '2025-09-13 06:42:47'),
(764, 303, 'خريج', NULL, NULL, 0, 1, '2025-09-13 06:42:47', '2025-09-13 06:42:47'),
(765, 303, 'موظف', NULL, NULL, 0, 2, '2025-09-13 06:42:47', '2025-09-13 06:42:47'),
(766, 303, 'أعمل لحسابي', NULL, NULL, 0, 3, '2025-09-13 06:42:47', '2025-09-13 06:42:47'),
(767, 303, 'أبحث عن عمل', NULL, NULL, 0, 4, '2025-09-13 06:42:47', '2025-09-13 06:42:47'),
(768, 304, 'مبتدئ', NULL, NULL, 0, 0, '2025-09-13 06:42:47', '2025-09-13 06:42:47'),
(769, 304, 'متوسط', NULL, NULL, 0, 1, '2025-09-13 06:42:47', '2025-09-13 06:42:47'),
(770, 304, 'متقدم', NULL, NULL, 0, 2, '2025-09-13 06:42:47', '2025-09-13 06:42:47'),
(771, 304, 'متمكن', NULL, NULL, 0, 3, '2025-09-13 06:42:48', '2025-09-13 06:42:48'),
(772, 305, 'نعم', NULL, NULL, 0, 0, '2025-09-13 06:42:48', '2025-09-13 06:42:48'),
(773, 305, 'لا', NULL, NULL, 0, 1, '2025-09-13 06:42:48', '2025-09-13 06:42:48'),
(774, 308, 'أقل من 15 سنة', NULL, NULL, 0, 0, '2025-09-13 06:42:48', '2025-09-13 06:42:48'),
(775, 308, 'من 15 إلى 25 سنة', NULL, NULL, 0, 1, '2025-09-13 06:42:48', '2025-09-13 06:42:48'),
(776, 308, 'من 25 إلى 35 سنة', NULL, NULL, 0, 2, '2025-09-13 06:42:48', '2025-09-13 06:42:48'),
(777, 308, 'أكبر من 35 سنة', NULL, NULL, 0, 3, '2025-09-13 06:42:48', '2025-09-13 06:42:48'),
(778, 309, 'ذكر', NULL, NULL, 0, 0, '2025-09-13 06:42:48', '2025-09-13 06:42:48'),
(779, 309, 'أنثى', NULL, NULL, 0, 1, '2025-09-13 06:42:48', '2025-09-13 06:42:48'),
(780, 309, 'أفضل عدم الإجابة', NULL, NULL, 0, 2, '2025-09-13 06:42:48', '2025-09-13 06:42:48'),
(781, 310, 'مصر', NULL, NULL, 0, 0, '2025-09-13 06:42:48', '2025-09-13 06:42:48'),
(782, 310, 'السعودية', NULL, NULL, 0, 1, '2025-09-13 06:42:48', '2025-09-13 06:42:48'),
(783, 310, 'الإمارات', NULL, NULL, 0, 2, '2025-09-13 06:42:48', '2025-09-13 06:42:48'),
(784, 310, 'الكويت', NULL, NULL, 0, 3, '2025-09-13 06:42:48', '2025-09-13 06:42:48'),
(785, 310, 'قطر', NULL, NULL, 0, 4, '2025-09-13 06:42:48', '2025-09-13 06:42:48'),
(786, 310, 'البحرين', NULL, NULL, 0, 5, '2025-09-13 06:42:48', '2025-09-13 06:42:48'),
(787, 310, 'عمان', NULL, NULL, 0, 6, '2025-09-13 06:42:48', '2025-09-13 06:42:48'),
(788, 310, 'الأردن', NULL, NULL, 0, 7, '2025-09-13 06:42:48', '2025-09-13 06:42:48'),
(789, 310, 'فلسطين', NULL, NULL, 0, 8, '2025-09-13 06:42:48', '2025-09-13 06:42:48'),
(790, 310, 'لبنان', NULL, NULL, 0, 9, '2025-09-13 06:42:48', '2025-09-13 06:42:48'),
(791, 310, 'سوريا', NULL, NULL, 0, 10, '2025-09-13 06:42:48', '2025-09-13 06:42:48'),
(792, 310, 'العراق', NULL, NULL, 0, 11, '2025-09-13 06:42:48', '2025-09-13 06:42:48'),
(793, 310, 'اليمن', NULL, NULL, 0, 12, '2025-09-13 06:42:48', '2025-09-13 06:42:48'),
(794, 310, 'ليبيا', NULL, NULL, 0, 13, '2025-09-13 06:42:48', '2025-09-13 06:42:48'),
(795, 310, 'تونس', NULL, NULL, 0, 14, '2025-09-13 06:42:48', '2025-09-13 06:42:48'),
(796, 310, 'الجزائر', NULL, NULL, 0, 15, '2025-09-13 06:42:48', '2025-09-13 06:42:48'),
(797, 310, 'المغرب', NULL, NULL, 0, 16, '2025-09-13 06:42:48', '2025-09-13 06:42:48'),
(798, 310, 'موريتانيا', NULL, NULL, 0, 17, '2025-09-13 06:42:48', '2025-09-13 06:42:48'),
(799, 310, 'الصومال', NULL, NULL, 0, 18, '2025-09-13 06:42:48', '2025-09-13 06:42:48'),
(800, 310, 'جيبوتي', NULL, NULL, 0, 19, '2025-09-13 06:42:48', '2025-09-13 06:42:48'),
(801, 310, 'جزر القمر', NULL, NULL, 0, 20, '2025-09-13 06:42:48', '2025-09-13 06:42:48'),
(802, 311, '(حقل نصي)*', NULL, NULL, 0, 0, '2025-09-13 06:42:48', '2025-09-13 06:42:48'),
(803, 312, 'طالب ثانوي', NULL, NULL, 0, 0, '2025-09-13 06:42:48', '2025-09-13 06:42:48'),
(804, 312, 'طالب جامعي', NULL, NULL, 0, 1, '2025-09-13 06:42:48', '2025-09-13 06:42:48'),
(805, 312, 'خريج جامعي', NULL, NULL, 0, 2, '2025-09-13 06:42:48', '2025-09-13 06:42:48'),
(806, 312, 'ماجستير', NULL, NULL, 0, 3, '2025-09-13 06:42:48', '2025-09-13 06:42:48'),
(807, 312, 'دكتوراه', NULL, NULL, 0, 4, '2025-09-13 06:42:48', '2025-09-13 06:42:48'),
(808, 313, '(حقل نصي)*', NULL, NULL, 0, 0, '2025-09-13 06:42:48', '2025-09-13 06:42:48'),
(809, 314, 'طالب', NULL, NULL, 0, 0, '2025-09-13 06:42:48', '2025-09-13 06:42:48'),
(810, 314, 'خريج', NULL, NULL, 0, 1, '2025-09-13 06:42:48', '2025-09-13 06:42:48'),
(811, 314, 'موظف', NULL, NULL, 0, 2, '2025-09-13 06:42:48', '2025-09-13 06:42:48'),
(812, 314, 'أعمل لحسابي', NULL, NULL, 0, 3, '2025-09-13 06:42:48', '2025-09-13 06:42:48'),
(813, 314, 'أبحث عن عمل', NULL, NULL, 0, 4, '2025-09-13 06:42:48', '2025-09-13 06:42:48'),
(814, 315, 'مبتدئ', NULL, NULL, 0, 0, '2025-09-13 06:42:48', '2025-09-13 06:42:48'),
(815, 315, 'متوسط', NULL, NULL, 0, 1, '2025-09-13 06:42:48', '2025-09-13 06:42:48'),
(816, 315, 'متقدم', NULL, NULL, 0, 2, '2025-09-13 06:42:48', '2025-09-13 06:42:48'),
(817, 315, 'متمكن', NULL, NULL, 0, 3, '2025-09-13 06:42:48', '2025-09-13 06:42:48'),
(818, 316, 'نعم', NULL, NULL, 0, 0, '2025-09-13 06:42:48', '2025-09-13 06:42:48'),
(819, 316, 'لا', NULL, NULL, 0, 1, '2025-09-13 06:42:48', '2025-09-13 06:42:48'),
(820, 319, 'أقل من 15 سنة', NULL, NULL, 0, 0, '2025-09-13 06:42:48', '2025-09-13 06:42:48'),
(821, 319, 'من 15 إلى 25 سنة', NULL, NULL, 0, 1, '2025-09-13 06:42:48', '2025-09-13 06:42:48'),
(822, 319, 'من 25 إلى 35 سنة', NULL, NULL, 0, 2, '2025-09-13 06:42:48', '2025-09-13 06:42:48'),
(823, 319, 'أكبر من 35 سنة', NULL, NULL, 0, 3, '2025-09-13 06:42:48', '2025-09-13 06:42:48'),
(824, 320, 'ذكر', NULL, NULL, 0, 0, '2025-09-13 06:42:48', '2025-09-13 06:42:48'),
(825, 320, 'أنثى', NULL, NULL, 0, 1, '2025-09-13 06:42:48', '2025-09-13 06:42:48'),
(826, 320, 'أفضل عدم الإجابة', NULL, NULL, 0, 2, '2025-09-13 06:42:48', '2025-09-13 06:42:48'),
(827, 321, 'مصر', NULL, NULL, 0, 0, '2025-09-13 06:42:48', '2025-09-13 06:42:48'),
(828, 321, 'السعودية', NULL, NULL, 0, 1, '2025-09-13 06:42:48', '2025-09-13 06:42:48'),
(829, 321, 'الإمارات', NULL, NULL, 0, 2, '2025-09-13 06:42:48', '2025-09-13 06:42:48'),
(830, 321, 'الكويت', NULL, NULL, 0, 3, '2025-09-13 06:42:48', '2025-09-13 06:42:48'),
(831, 321, 'قطر', NULL, NULL, 0, 4, '2025-09-13 06:42:48', '2025-09-13 06:42:48'),
(832, 321, 'البحرين', NULL, NULL, 0, 5, '2025-09-13 06:42:48', '2025-09-13 06:42:48'),
(833, 321, 'عمان', NULL, NULL, 0, 6, '2025-09-13 06:42:48', '2025-09-13 06:42:48'),
(834, 321, 'الأردن', NULL, NULL, 0, 7, '2025-09-13 06:42:48', '2025-09-13 06:42:48'),
(835, 321, 'فلسطين', NULL, NULL, 0, 8, '2025-09-13 06:42:48', '2025-09-13 06:42:48'),
(836, 321, 'لبنان', NULL, NULL, 0, 9, '2025-09-13 06:42:48', '2025-09-13 06:42:48'),
(837, 321, 'سوريا', NULL, NULL, 0, 10, '2025-09-13 06:42:48', '2025-09-13 06:42:48'),
(838, 321, 'العراق', NULL, NULL, 0, 11, '2025-09-13 06:42:48', '2025-09-13 06:42:48'),
(839, 321, 'اليمن', NULL, NULL, 0, 12, '2025-09-13 06:42:48', '2025-09-13 06:42:48'),
(840, 321, 'ليبيا', NULL, NULL, 0, 13, '2025-09-13 06:42:48', '2025-09-13 06:42:48'),
(841, 321, 'تونس', NULL, NULL, 0, 14, '2025-09-13 06:42:48', '2025-09-13 06:42:48'),
(842, 321, 'الجزائر', NULL, NULL, 0, 15, '2025-09-13 06:42:48', '2025-09-13 06:42:48'),
(843, 321, 'المغرب', NULL, NULL, 0, 16, '2025-09-13 06:42:48', '2025-09-13 06:42:48'),
(844, 321, 'موريتانيا', NULL, NULL, 0, 17, '2025-09-13 06:42:48', '2025-09-13 06:42:48'),
(845, 321, 'الصومال', NULL, NULL, 0, 18, '2025-09-13 06:42:48', '2025-09-13 06:42:48'),
(846, 321, 'جيبوتي', NULL, NULL, 0, 19, '2025-09-13 06:42:48', '2025-09-13 06:42:48'),
(847, 321, 'جزر القمر', NULL, NULL, 0, 20, '2025-09-13 06:42:48', '2025-09-13 06:42:48'),
(848, 322, '(حقل نصي)*', NULL, NULL, 0, 0, '2025-09-13 06:42:48', '2025-09-13 06:42:48'),
(849, 323, 'طالب ثانوي', NULL, NULL, 0, 0, '2025-09-13 06:42:48', '2025-09-13 06:42:48'),
(850, 323, 'طالب جامعي', NULL, NULL, 0, 1, '2025-09-13 06:42:48', '2025-09-13 06:42:48'),
(851, 323, 'خريج جامعي', NULL, NULL, 0, 2, '2025-09-13 06:42:48', '2025-09-13 06:42:48'),
(852, 323, 'ماجستير', NULL, NULL, 0, 3, '2025-09-13 06:42:48', '2025-09-13 06:42:48'),
(853, 323, 'دكتوراه', NULL, NULL, 0, 4, '2025-09-13 06:42:48', '2025-09-13 06:42:48'),
(854, 324, '(حقل نصي)*', NULL, NULL, 0, 0, '2025-09-13 06:42:48', '2025-09-13 06:42:48'),
(855, 325, 'طالب', NULL, NULL, 0, 0, '2025-09-13 06:42:48', '2025-09-13 06:42:48'),
(856, 325, 'خريج', NULL, NULL, 0, 1, '2025-09-13 06:42:48', '2025-09-13 06:42:48'),
(857, 325, 'موظف', NULL, NULL, 0, 2, '2025-09-13 06:42:48', '2025-09-13 06:42:48'),
(858, 325, 'أعمل لحسابي', NULL, NULL, 0, 3, '2025-09-13 06:42:48', '2025-09-13 06:42:48'),
(859, 325, 'أبحث عن عمل', NULL, NULL, 0, 4, '2025-09-13 06:42:48', '2025-09-13 06:42:48'),
(860, 326, 'مبتدئ', NULL, NULL, 0, 0, '2025-09-13 06:42:48', '2025-09-13 06:42:48'),
(861, 326, 'متوسط', NULL, NULL, 0, 1, '2025-09-13 06:42:48', '2025-09-13 06:42:48'),
(862, 326, 'متقدم', NULL, NULL, 0, 2, '2025-09-13 06:42:48', '2025-09-13 06:42:48'),
(863, 326, 'متمكن', NULL, NULL, 0, 3, '2025-09-13 06:42:48', '2025-09-13 06:42:48'),
(864, 327, 'نعم', NULL, NULL, 0, 0, '2025-09-13 06:42:48', '2025-09-13 06:42:48'),
(865, 327, 'لا', NULL, NULL, 0, 1, '2025-09-13 06:42:48', '2025-09-13 06:42:48'),
(866, 330, 'أقل من 15 سنة', NULL, NULL, 0, 0, '2025-09-13 06:42:49', '2025-09-13 06:42:49'),
(867, 330, 'من 15 إلى 25 سنة', NULL, NULL, 0, 1, '2025-09-13 06:42:49', '2025-09-13 06:42:49'),
(868, 330, 'من 25 إلى 35 سنة', NULL, NULL, 0, 2, '2025-09-13 06:42:49', '2025-09-13 06:42:49'),
(869, 330, 'أكبر من 35 سنة', NULL, NULL, 0, 3, '2025-09-13 06:42:49', '2025-09-13 06:42:49'),
(870, 331, 'ذكر', NULL, NULL, 0, 0, '2025-09-13 06:42:49', '2025-09-13 06:42:49'),
(871, 331, 'أنثى', NULL, NULL, 0, 1, '2025-09-13 06:42:49', '2025-09-13 06:42:49'),
(872, 331, 'أفضل عدم الإجابة', NULL, NULL, 0, 2, '2025-09-13 06:42:49', '2025-09-13 06:42:49'),
(873, 332, 'مصر', NULL, NULL, 0, 0, '2025-09-13 06:42:49', '2025-09-13 06:42:49'),
(874, 332, 'السعودية', NULL, NULL, 0, 1, '2025-09-13 06:42:49', '2025-09-13 06:42:49'),
(875, 332, 'الإمارات', NULL, NULL, 0, 2, '2025-09-13 06:42:49', '2025-09-13 06:42:49'),
(876, 332, 'الكويت', NULL, NULL, 0, 3, '2025-09-13 06:42:49', '2025-09-13 06:42:49'),
(877, 332, 'قطر', NULL, NULL, 0, 4, '2025-09-13 06:42:49', '2025-09-13 06:42:49'),
(878, 332, 'البحرين', NULL, NULL, 0, 5, '2025-09-13 06:42:49', '2025-09-13 06:42:49'),
(879, 332, 'عمان', NULL, NULL, 0, 6, '2025-09-13 06:42:49', '2025-09-13 06:42:49'),
(880, 332, 'الأردن', NULL, NULL, 0, 7, '2025-09-13 06:42:49', '2025-09-13 06:42:49'),
(881, 332, 'فلسطين', NULL, NULL, 0, 8, '2025-09-13 06:42:49', '2025-09-13 06:42:49'),
(882, 332, 'لبنان', NULL, NULL, 0, 9, '2025-09-13 06:42:49', '2025-09-13 06:42:49'),
(883, 332, 'سوريا', NULL, NULL, 0, 10, '2025-09-13 06:42:49', '2025-09-13 06:42:49'),
(884, 332, 'العراق', NULL, NULL, 0, 11, '2025-09-13 06:42:49', '2025-09-13 06:42:49'),
(885, 332, 'اليمن', NULL, NULL, 0, 12, '2025-09-13 06:42:49', '2025-09-13 06:42:49'),
(886, 332, 'ليبيا', NULL, NULL, 0, 13, '2025-09-13 06:42:49', '2025-09-13 06:42:49'),
(887, 332, 'تونس', NULL, NULL, 0, 14, '2025-09-13 06:42:49', '2025-09-13 06:42:49'),
(888, 332, 'الجزائر', NULL, NULL, 0, 15, '2025-09-13 06:42:49', '2025-09-13 06:42:49'),
(889, 332, 'المغرب', NULL, NULL, 0, 16, '2025-09-13 06:42:49', '2025-09-13 06:42:49'),
(890, 332, 'موريتانيا', NULL, NULL, 0, 17, '2025-09-13 06:42:49', '2025-09-13 06:42:49'),
(891, 332, 'الصومال', NULL, NULL, 0, 18, '2025-09-13 06:42:49', '2025-09-13 06:42:49'),
(892, 332, 'جيبوتي', NULL, NULL, 0, 19, '2025-09-13 06:42:49', '2025-09-13 06:42:49'),
(893, 332, 'جزر القمر', NULL, NULL, 0, 20, '2025-09-13 06:42:49', '2025-09-13 06:42:49'),
(894, 333, '(حقل نصي)*', NULL, NULL, 0, 0, '2025-09-13 06:42:49', '2025-09-13 06:42:49'),
(895, 334, 'طالب ثانوي', NULL, NULL, 0, 0, '2025-09-13 06:42:49', '2025-09-13 06:42:49'),
(896, 334, 'طالب جامعي', NULL, NULL, 0, 1, '2025-09-13 06:42:49', '2025-09-13 06:42:49'),
(897, 334, 'خريج جامعي', NULL, NULL, 0, 2, '2025-09-13 06:42:49', '2025-09-13 06:42:49'),
(898, 334, 'ماجستير', NULL, NULL, 0, 3, '2025-09-13 06:42:49', '2025-09-13 06:42:49'),
(899, 334, 'دكتوراه', NULL, NULL, 0, 4, '2025-09-13 06:42:49', '2025-09-13 06:42:49'),
(900, 335, '(حقل نصي)*', NULL, NULL, 0, 0, '2025-09-13 06:42:49', '2025-09-13 06:42:49'),
(901, 336, 'طالب', NULL, NULL, 0, 0, '2025-09-13 06:42:49', '2025-09-13 06:42:49'),
(902, 336, 'خريج', NULL, NULL, 0, 1, '2025-09-13 06:42:49', '2025-09-13 06:42:49'),
(903, 336, 'موظف', NULL, NULL, 0, 2, '2025-09-13 06:42:49', '2025-09-13 06:42:49'),
(904, 336, 'أعمل لحسابي', NULL, NULL, 0, 3, '2025-09-13 06:42:49', '2025-09-13 06:42:49'),
(905, 336, 'أبحث عن عمل', NULL, NULL, 0, 4, '2025-09-13 06:42:49', '2025-09-13 06:42:49'),
(906, 337, 'مبتدئ', NULL, NULL, 0, 0, '2025-09-13 06:42:49', '2025-09-13 06:42:49'),
(907, 337, 'متوسط', NULL, NULL, 0, 1, '2025-09-13 06:42:49', '2025-09-13 06:42:49'),
(908, 337, 'متقدم', NULL, NULL, 0, 2, '2025-09-13 06:42:49', '2025-09-13 06:42:49'),
(909, 337, 'متمكن', NULL, NULL, 0, 3, '2025-09-13 06:42:49', '2025-09-13 06:42:49'),
(910, 338, 'نعم', NULL, NULL, 0, 0, '2025-09-13 06:42:49', '2025-09-13 06:42:49'),
(911, 338, 'لا', NULL, NULL, 0, 1, '2025-09-13 06:42:49', '2025-09-13 06:42:49'),
(912, 341, 'أقل من 15 سنة', NULL, NULL, 0, 0, '2025-09-13 06:42:49', '2025-09-13 06:42:49'),
(913, 341, 'من 15 إلى 25 سنة', NULL, NULL, 0, 1, '2025-09-13 06:42:49', '2025-09-13 06:42:49'),
(914, 341, 'من 25 إلى 35 سنة', NULL, NULL, 0, 2, '2025-09-13 06:42:50', '2025-09-13 06:42:50'),
(915, 341, 'أكبر من 35 سنة', NULL, NULL, 0, 3, '2025-09-13 06:42:50', '2025-09-13 06:42:50'),
(916, 342, 'ذكر', NULL, NULL, 0, 0, '2025-09-13 06:42:50', '2025-09-13 06:42:50'),
(917, 342, 'أنثى', NULL, NULL, 0, 1, '2025-09-13 06:42:50', '2025-09-13 06:42:50'),
(918, 342, 'أفضل عدم الإجابة', NULL, NULL, 0, 2, '2025-09-13 06:42:50', '2025-09-13 06:42:50'),
(919, 343, 'مصر', NULL, NULL, 0, 0, '2025-09-13 06:42:50', '2025-09-13 06:42:50'),
(920, 343, 'السعودية', NULL, NULL, 0, 1, '2025-09-13 06:42:50', '2025-09-13 06:42:50'),
(921, 343, 'الإمارات', NULL, NULL, 0, 2, '2025-09-13 06:42:50', '2025-09-13 06:42:50'),
(922, 343, 'الكويت', NULL, NULL, 0, 3, '2025-09-13 06:42:50', '2025-09-13 06:42:50'),
(923, 343, 'قطر', NULL, NULL, 0, 4, '2025-09-13 06:42:50', '2025-09-13 06:42:50'),
(924, 343, 'البحرين', NULL, NULL, 0, 5, '2025-09-13 06:42:50', '2025-09-13 06:42:50'),
(925, 343, 'عمان', NULL, NULL, 0, 6, '2025-09-13 06:42:50', '2025-09-13 06:42:50'),
(926, 343, 'الأردن', NULL, NULL, 0, 7, '2025-09-13 06:42:50', '2025-09-13 06:42:50'),
(927, 343, 'فلسطين', NULL, NULL, 0, 8, '2025-09-13 06:42:50', '2025-09-13 06:42:50'),
(928, 343, 'لبنان', NULL, NULL, 0, 9, '2025-09-13 06:42:50', '2025-09-13 06:42:50'),
(929, 343, 'سوريا', NULL, NULL, 0, 10, '2025-09-13 06:42:50', '2025-09-13 06:42:50'),
(930, 343, 'العراق', NULL, NULL, 0, 11, '2025-09-13 06:42:50', '2025-09-13 06:42:50'),
(931, 343, 'اليمن', NULL, NULL, 0, 12, '2025-09-13 06:42:50', '2025-09-13 06:42:50'),
(932, 343, 'ليبيا', NULL, NULL, 0, 13, '2025-09-13 06:42:50', '2025-09-13 06:42:50'),
(933, 343, 'تونس', NULL, NULL, 0, 14, '2025-09-13 06:42:50', '2025-09-13 06:42:50'),
(934, 343, 'الجزائر', NULL, NULL, 0, 15, '2025-09-13 06:42:50', '2025-09-13 06:42:50'),
(935, 343, 'المغرب', NULL, NULL, 0, 16, '2025-09-13 06:42:50', '2025-09-13 06:42:50'),
(936, 343, 'موريتانيا', NULL, NULL, 0, 17, '2025-09-13 06:42:50', '2025-09-13 06:42:50'),
(937, 343, 'الصومال', NULL, NULL, 0, 18, '2025-09-13 06:42:50', '2025-09-13 06:42:50'),
(938, 343, 'جيبوتي', NULL, NULL, 0, 19, '2025-09-13 06:42:50', '2025-09-13 06:42:50'),
(939, 343, 'جزر القمر', NULL, NULL, 0, 20, '2025-09-13 06:42:50', '2025-09-13 06:42:50'),
(940, 344, '(حقل نصي)*', NULL, NULL, 0, 0, '2025-09-13 06:42:50', '2025-09-13 06:42:50'),
(941, 345, 'طالب ثانوي', NULL, NULL, 0, 0, '2025-09-13 06:42:50', '2025-09-13 06:42:50'),
(942, 345, 'طالب جامعي', NULL, NULL, 0, 1, '2025-09-13 06:42:50', '2025-09-13 06:42:50'),
(943, 345, 'خريج جامعي', NULL, NULL, 0, 2, '2025-09-13 06:42:50', '2025-09-13 06:42:50'),
(944, 345, 'ماجستير', NULL, NULL, 0, 3, '2025-09-13 06:42:50', '2025-09-13 06:42:50'),
(945, 345, 'دكتوراه', NULL, NULL, 0, 4, '2025-09-13 06:42:50', '2025-09-13 06:42:50'),
(946, 346, '(حقل نصي)*', NULL, NULL, 0, 0, '2025-09-13 06:42:50', '2025-09-13 06:42:50'),
(947, 347, 'طالب', NULL, NULL, 0, 0, '2025-09-13 06:42:50', '2025-09-13 06:42:50'),
(948, 347, 'خريج', NULL, NULL, 0, 1, '2025-09-13 06:42:50', '2025-09-13 06:42:50'),
(949, 347, 'موظف', NULL, NULL, 0, 2, '2025-09-13 06:42:50', '2025-09-13 06:42:50'),
(950, 347, 'أعمل لحسابي', NULL, NULL, 0, 3, '2025-09-13 06:42:50', '2025-09-13 06:42:50'),
(951, 347, 'أبحث عن عمل', NULL, NULL, 0, 4, '2025-09-13 06:42:50', '2025-09-13 06:42:50'),
(952, 348, 'مبتدئ', NULL, NULL, 0, 0, '2025-09-13 06:42:50', '2025-09-13 06:42:50'),
(953, 348, 'متوسط', NULL, NULL, 0, 1, '2025-09-13 06:42:50', '2025-09-13 06:42:50'),
(954, 348, 'متقدم', NULL, NULL, 0, 2, '2025-09-13 06:42:50', '2025-09-13 06:42:50'),
(955, 348, 'متمكن', NULL, NULL, 0, 3, '2025-09-13 06:42:50', '2025-09-13 06:42:50'),
(956, 349, 'نعم', NULL, NULL, 0, 0, '2025-09-13 06:42:50', '2025-09-13 06:42:50'),
(957, 349, 'لا', NULL, NULL, 0, 1, '2025-09-13 06:42:50', '2025-09-13 06:42:50'),
(958, 352, 'أقل من 15 سنة', NULL, NULL, 0, 0, '2025-09-13 06:42:50', '2025-09-13 06:42:50'),
(959, 352, 'من 15 إلى 25 سنة', NULL, NULL, 0, 1, '2025-09-13 06:42:50', '2025-09-13 06:42:50'),
(960, 352, 'من 25 إلى 35 سنة', NULL, NULL, 0, 2, '2025-09-13 06:42:50', '2025-09-13 06:42:50'),
(961, 352, 'أكبر من 35 سنة', NULL, NULL, 0, 3, '2025-09-13 06:42:50', '2025-09-13 06:42:50'),
(962, 353, 'ذكر', NULL, NULL, 0, 0, '2025-09-13 06:42:50', '2025-09-13 06:42:50'),
(963, 353, 'أنثى', NULL, NULL, 0, 1, '2025-09-13 06:42:50', '2025-09-13 06:42:50'),
(964, 353, 'أفضل عدم الإجابة', NULL, NULL, 0, 2, '2025-09-13 06:42:50', '2025-09-13 06:42:50'),
(965, 354, 'مصر', NULL, NULL, 0, 0, '2025-09-13 06:42:50', '2025-09-13 06:42:50'),
(966, 354, 'السعودية', NULL, NULL, 0, 1, '2025-09-13 06:42:50', '2025-09-13 06:42:50'),
(967, 354, 'الإمارات', NULL, NULL, 0, 2, '2025-09-13 06:42:50', '2025-09-13 06:42:50'),
(968, 354, 'الكويت', NULL, NULL, 0, 3, '2025-09-13 06:42:50', '2025-09-13 06:42:50'),
(969, 354, 'قطر', NULL, NULL, 0, 4, '2025-09-13 06:42:50', '2025-09-13 06:42:50'),
(970, 354, 'البحرين', NULL, NULL, 0, 5, '2025-09-13 06:42:50', '2025-09-13 06:42:50'),
(971, 354, 'عمان', NULL, NULL, 0, 6, '2025-09-13 06:42:50', '2025-09-13 06:42:50'),
(972, 354, 'الأردن', NULL, NULL, 0, 7, '2025-09-13 06:42:50', '2025-09-13 06:42:50'),
(973, 354, 'فلسطين', NULL, NULL, 0, 8, '2025-09-13 06:42:50', '2025-09-13 06:42:50'),
(974, 354, 'لبنان', NULL, NULL, 0, 9, '2025-09-13 06:42:50', '2025-09-13 06:42:50'),
(975, 354, 'سوريا', NULL, NULL, 0, 10, '2025-09-13 06:42:50', '2025-09-13 06:42:50'),
(976, 354, 'العراق', NULL, NULL, 0, 11, '2025-09-13 06:42:50', '2025-09-13 06:42:50'),
(977, 354, 'اليمن', NULL, NULL, 0, 12, '2025-09-13 06:42:50', '2025-09-13 06:42:50'),
(978, 354, 'ليبيا', NULL, NULL, 0, 13, '2025-09-13 06:42:50', '2025-09-13 06:42:50'),
(979, 354, 'تونس', NULL, NULL, 0, 14, '2025-09-13 06:42:50', '2025-09-13 06:42:50'),
(980, 354, 'الجزائر', NULL, NULL, 0, 15, '2025-09-13 06:42:50', '2025-09-13 06:42:50'),
(981, 354, 'المغرب', NULL, NULL, 0, 16, '2025-09-13 06:42:50', '2025-09-13 06:42:50'),
(982, 354, 'موريتانيا', NULL, NULL, 0, 17, '2025-09-13 06:42:50', '2025-09-13 06:42:50'),
(983, 354, 'الصومال', NULL, NULL, 0, 18, '2025-09-13 06:42:50', '2025-09-13 06:42:50'),
(984, 354, 'جيبوتي', NULL, NULL, 0, 19, '2025-09-13 06:42:50', '2025-09-13 06:42:50'),
(985, 354, 'جزر القمر', NULL, NULL, 0, 20, '2025-09-13 06:42:50', '2025-09-13 06:42:50'),
(986, 355, '(حقل نصي)*', NULL, NULL, 0, 0, '2025-09-13 06:42:50', '2025-09-13 06:42:50'),
(987, 356, 'طالب ثانوي', NULL, NULL, 0, 0, '2025-09-13 06:42:50', '2025-09-13 06:42:50'),
(988, 356, 'طالب جامعي', NULL, NULL, 0, 1, '2025-09-13 06:42:50', '2025-09-13 06:42:50'),
(989, 356, 'خريج جامعي', NULL, NULL, 0, 2, '2025-09-13 06:42:50', '2025-09-13 06:42:50'),
(990, 356, 'ماجستير', NULL, NULL, 0, 3, '2025-09-13 06:42:50', '2025-09-13 06:42:50'),
(991, 356, 'دكتوراه', NULL, NULL, 0, 4, '2025-09-13 06:42:50', '2025-09-13 06:42:50'),
(992, 357, '(حقل نصي)*', NULL, NULL, 0, 0, '2025-09-13 06:42:50', '2025-09-13 06:42:50'),
(993, 358, 'طالب', NULL, NULL, 0, 0, '2025-09-13 06:42:50', '2025-09-13 06:42:50'),
(994, 358, 'خريج', NULL, NULL, 0, 1, '2025-09-13 06:42:50', '2025-09-13 06:42:50'),
(995, 358, 'موظف', NULL, NULL, 0, 2, '2025-09-13 06:42:50', '2025-09-13 06:42:50'),
(996, 358, 'أعمل لحسابي', NULL, NULL, 0, 3, '2025-09-13 06:42:50', '2025-09-13 06:42:50'),
(997, 358, 'أبحث عن عمل', NULL, NULL, 0, 4, '2025-09-13 06:42:50', '2025-09-13 06:42:50'),
(998, 359, 'مبتدئ', NULL, NULL, 0, 0, '2025-09-13 06:42:50', '2025-09-13 06:42:50'),
(999, 359, 'متوسط', NULL, NULL, 0, 1, '2025-09-13 06:42:50', '2025-09-13 06:42:50'),
(1000, 359, 'متقدم', NULL, NULL, 0, 2, '2025-09-13 06:42:50', '2025-09-13 06:42:50'),
(1001, 359, 'متمكن', NULL, NULL, 0, 3, '2025-09-13 06:42:50', '2025-09-13 06:42:50'),
(1002, 360, 'نعم', NULL, NULL, 0, 0, '2025-09-13 06:42:50', '2025-09-13 06:42:50'),
(1003, 360, 'لا', NULL, NULL, 0, 1, '2025-09-13 06:42:50', '2025-09-13 06:42:50'),
(1004, 363, 'أقل من 15 سنة', NULL, NULL, 0, 0, '2025-09-13 06:42:51', '2025-09-13 06:42:51'),
(1005, 363, 'من 15 إلى 25 سنة', NULL, NULL, 0, 1, '2025-09-13 06:42:51', '2025-09-13 06:42:51'),
(1006, 363, 'من 25 إلى 35 سنة', NULL, NULL, 0, 2, '2025-09-13 06:42:51', '2025-09-13 06:42:51'),
(1007, 363, 'أكبر من 35 سنة', NULL, NULL, 0, 3, '2025-09-13 06:42:51', '2025-09-13 06:42:51'),
(1008, 364, 'ذكر', NULL, NULL, 0, 0, '2025-09-13 06:42:51', '2025-09-13 06:42:51'),
(1009, 364, 'أنثى', NULL, NULL, 0, 1, '2025-09-13 06:42:51', '2025-09-13 06:42:51'),
(1010, 364, 'أفضل عدم الإجابة', NULL, NULL, 0, 2, '2025-09-13 06:42:51', '2025-09-13 06:42:51'),
(1011, 365, 'مصر', NULL, NULL, 0, 0, '2025-09-13 06:42:51', '2025-09-13 06:42:51'),
(1012, 365, 'السعودية', NULL, NULL, 0, 1, '2025-09-13 06:42:51', '2025-09-13 06:42:51'),
(1013, 365, 'الإمارات', NULL, NULL, 0, 2, '2025-09-13 06:42:51', '2025-09-13 06:42:51'),
(1014, 365, 'الكويت', NULL, NULL, 0, 3, '2025-09-13 06:42:51', '2025-09-13 06:42:51'),
(1015, 365, 'قطر', NULL, NULL, 0, 4, '2025-09-13 06:42:51', '2025-09-13 06:42:51'),
(1016, 365, 'البحرين', NULL, NULL, 0, 5, '2025-09-13 06:42:51', '2025-09-13 06:42:51'),
(1017, 365, 'عمان', NULL, NULL, 0, 6, '2025-09-13 06:42:51', '2025-09-13 06:42:51'),
(1018, 365, 'الأردن', NULL, NULL, 0, 7, '2025-09-13 06:42:51', '2025-09-13 06:42:51'),
(1019, 365, 'فلسطين', NULL, NULL, 0, 8, '2025-09-13 06:42:51', '2025-09-13 06:42:51'),
(1020, 365, 'لبنان', NULL, NULL, 0, 9, '2025-09-13 06:42:51', '2025-09-13 06:42:51'),
(1021, 365, 'سوريا', NULL, NULL, 0, 10, '2025-09-13 06:42:51', '2025-09-13 06:42:51'),
(1022, 365, 'العراق', NULL, NULL, 0, 11, '2025-09-13 06:42:51', '2025-09-13 06:42:51'),
(1023, 365, 'اليمن', NULL, NULL, 0, 12, '2025-09-13 06:42:51', '2025-09-13 06:42:51'),
(1024, 365, 'ليبيا', NULL, NULL, 0, 13, '2025-09-13 06:42:51', '2025-09-13 06:42:51'),
(1025, 365, 'تونس', NULL, NULL, 0, 14, '2025-09-13 06:42:51', '2025-09-13 06:42:51'),
(1026, 365, 'الجزائر', NULL, NULL, 0, 15, '2025-09-13 06:42:51', '2025-09-13 06:42:51'),
(1027, 365, 'المغرب', NULL, NULL, 0, 16, '2025-09-13 06:42:51', '2025-09-13 06:42:51'),
(1028, 365, 'موريتانيا', NULL, NULL, 0, 17, '2025-09-13 06:42:51', '2025-09-13 06:42:51'),
(1029, 365, 'الصومال', NULL, NULL, 0, 18, '2025-09-13 06:42:51', '2025-09-13 06:42:51'),
(1030, 365, 'جيبوتي', NULL, NULL, 0, 19, '2025-09-13 06:42:51', '2025-09-13 06:42:51'),
(1031, 365, 'جزر القمر', NULL, NULL, 0, 20, '2025-09-13 06:42:51', '2025-09-13 06:42:51'),
(1032, 366, '(حقل نصي)*', NULL, NULL, 0, 0, '2025-09-13 06:42:51', '2025-09-13 06:42:51'),
(1033, 367, 'طالب ثانوي', NULL, NULL, 0, 0, '2025-09-13 06:42:51', '2025-09-13 06:42:51'),
(1034, 367, 'طالب جامعي', NULL, NULL, 0, 1, '2025-09-13 06:42:51', '2025-09-13 06:42:51'),
(1035, 367, 'خريج جامعي', NULL, NULL, 0, 2, '2025-09-13 06:42:51', '2025-09-13 06:42:51'),
(1036, 367, 'ماجستير', NULL, NULL, 0, 3, '2025-09-13 06:42:51', '2025-09-13 06:42:51'),
(1037, 367, 'دكتوراه', NULL, NULL, 0, 4, '2025-09-13 06:42:51', '2025-09-13 06:42:51'),
(1038, 368, '(حقل نصي)*', NULL, NULL, 0, 0, '2025-09-13 06:42:51', '2025-09-13 06:42:51'),
(1039, 369, 'طالب', NULL, NULL, 0, 0, '2025-09-13 06:42:51', '2025-09-13 06:42:51'),
(1040, 369, 'خريج', NULL, NULL, 0, 1, '2025-09-13 06:42:51', '2025-09-13 06:42:51'),
(1041, 369, 'موظف', NULL, NULL, 0, 2, '2025-09-13 06:42:51', '2025-09-13 06:42:51'),
(1042, 369, 'أعمل لحسابي', NULL, NULL, 0, 3, '2025-09-13 06:42:51', '2025-09-13 06:42:51'),
(1043, 369, 'أبحث عن عمل', NULL, NULL, 0, 4, '2025-09-13 06:42:51', '2025-09-13 06:42:51'),
(1044, 370, 'مبتدئ', NULL, NULL, 0, 0, '2025-09-13 06:42:51', '2025-09-13 06:42:51'),
(1045, 370, 'متوسط', NULL, NULL, 0, 1, '2025-09-13 06:42:51', '2025-09-13 06:42:51'),
(1046, 370, 'متقدم', NULL, NULL, 0, 2, '2025-09-13 06:42:51', '2025-09-13 06:42:51'),
(1047, 370, 'متمكن', NULL, NULL, 0, 3, '2025-09-13 06:42:51', '2025-09-13 06:42:51'),
(1048, 371, 'نعم', NULL, NULL, 0, 0, '2025-09-13 06:42:51', '2025-09-13 06:42:51'),
(1049, 371, 'لا', NULL, NULL, 0, 1, '2025-09-13 06:42:51', '2025-09-13 06:42:51'),
(1050, 374, 'أقل من 15 سنة', NULL, NULL, 0, 0, '2025-09-13 06:42:51', '2025-09-13 06:42:51'),
(1051, 374, 'من 15 إلى 25 سنة', NULL, NULL, 0, 1, '2025-09-13 06:42:51', '2025-09-13 06:42:51'),
(1052, 374, 'من 25 إلى 35 سنة', NULL, NULL, 0, 2, '2025-09-13 06:42:51', '2025-09-13 06:42:51'),
(1053, 374, 'أكبر من 35 سنة', NULL, NULL, 0, 3, '2025-09-13 06:42:51', '2025-09-13 06:42:51'),
(1054, 375, 'ذكر', NULL, NULL, 0, 0, '2025-09-13 06:42:51', '2025-09-13 06:42:51'),
(1055, 375, 'أنثى', NULL, NULL, 0, 1, '2025-09-13 06:42:51', '2025-09-13 06:42:51'),
(1056, 375, 'أفضل عدم الإجابة', NULL, NULL, 0, 2, '2025-09-13 06:42:51', '2025-09-13 06:42:51'),
(1057, 376, 'مصر', NULL, NULL, 0, 0, '2025-09-13 06:42:51', '2025-09-13 06:42:51'),
(1058, 376, 'السعودية', NULL, NULL, 0, 1, '2025-09-13 06:42:51', '2025-09-13 06:42:51'),
(1059, 376, 'الإمارات', NULL, NULL, 0, 2, '2025-09-13 06:42:51', '2025-09-13 06:42:51'),
(1060, 376, 'الكويت', NULL, NULL, 0, 3, '2025-09-13 06:42:51', '2025-09-13 06:42:51'),
(1061, 376, 'قطر', NULL, NULL, 0, 4, '2025-09-13 06:42:51', '2025-09-13 06:42:51'),
(1062, 376, 'البحرين', NULL, NULL, 0, 5, '2025-09-13 06:42:51', '2025-09-13 06:42:51'),
(1063, 376, 'عمان', NULL, NULL, 0, 6, '2025-09-13 06:42:51', '2025-09-13 06:42:51'),
(1064, 376, 'الأردن', NULL, NULL, 0, 7, '2025-09-13 06:42:51', '2025-09-13 06:42:51'),
(1065, 376, 'فلسطين', NULL, NULL, 0, 8, '2025-09-13 06:42:51', '2025-09-13 06:42:51'),
(1066, 376, 'لبنان', NULL, NULL, 0, 9, '2025-09-13 06:42:51', '2025-09-13 06:42:51'),
(1067, 376, 'سوريا', NULL, NULL, 0, 10, '2025-09-13 06:42:51', '2025-09-13 06:42:51'),
(1068, 376, 'العراق', NULL, NULL, 0, 11, '2025-09-13 06:42:51', '2025-09-13 06:42:51'),
(1069, 376, 'اليمن', NULL, NULL, 0, 12, '2025-09-13 06:42:51', '2025-09-13 06:42:51'),
(1070, 376, 'ليبيا', NULL, NULL, 0, 13, '2025-09-13 06:42:51', '2025-09-13 06:42:51'),
(1071, 376, 'تونس', NULL, NULL, 0, 14, '2025-09-13 06:42:51', '2025-09-13 06:42:51'),
(1072, 376, 'الجزائر', NULL, NULL, 0, 15, '2025-09-13 06:42:51', '2025-09-13 06:42:51'),
(1073, 376, 'المغرب', NULL, NULL, 0, 16, '2025-09-13 06:42:51', '2025-09-13 06:42:51'),
(1074, 376, 'موريتانيا', NULL, NULL, 0, 17, '2025-09-13 06:42:51', '2025-09-13 06:42:51'),
(1075, 376, 'الصومال', NULL, NULL, 0, 18, '2025-09-13 06:42:51', '2025-09-13 06:42:51'),
(1076, 376, 'جيبوتي', NULL, NULL, 0, 19, '2025-09-13 06:42:51', '2025-09-13 06:42:51'),
(1077, 376, 'جزر القمر', NULL, NULL, 0, 20, '2025-09-13 06:42:51', '2025-09-13 06:42:51'),
(1078, 377, '(حقل نصي)*', NULL, NULL, 0, 0, '2025-09-13 06:42:51', '2025-09-13 06:42:51'),
(1079, 378, 'طالب ثانوي', NULL, NULL, 0, 0, '2025-09-13 06:42:51', '2025-09-13 06:42:51'),
(1080, 378, 'طالب جامعي', NULL, NULL, 0, 1, '2025-09-13 06:42:51', '2025-09-13 06:42:51'),
(1081, 378, 'خريج جامعي', NULL, NULL, 0, 2, '2025-09-13 06:42:51', '2025-09-13 06:42:51'),
(1082, 378, 'ماجستير', NULL, NULL, 0, 3, '2025-09-13 06:42:51', '2025-09-13 06:42:51'),
(1083, 378, 'دكتوراه', NULL, NULL, 0, 4, '2025-09-13 06:42:51', '2025-09-13 06:42:51'),
(1084, 379, '(حقل نصي)*', NULL, NULL, 0, 0, '2025-09-13 06:42:51', '2025-09-13 06:42:51'),
(1085, 380, 'طالب', NULL, NULL, 0, 0, '2025-09-13 06:42:51', '2025-09-13 06:42:51'),
(1086, 380, 'خريج', NULL, NULL, 0, 1, '2025-09-13 06:42:51', '2025-09-13 06:42:51'),
(1087, 380, 'موظف', NULL, NULL, 0, 2, '2025-09-13 06:42:51', '2025-09-13 06:42:51'),
(1088, 380, 'أعمل لحسابي', NULL, NULL, 0, 3, '2025-09-13 06:42:51', '2025-09-13 06:42:51'),
(1089, 380, 'أبحث عن عمل', NULL, NULL, 0, 4, '2025-09-13 06:42:51', '2025-09-13 06:42:51'),
(1090, 381, 'مبتدئ', NULL, NULL, 0, 0, '2025-09-13 06:42:51', '2025-09-13 06:42:51'),
(1091, 381, 'متوسط', NULL, NULL, 0, 1, '2025-09-13 06:42:51', '2025-09-13 06:42:51'),
(1092, 381, 'متقدم', NULL, NULL, 0, 2, '2025-09-13 06:42:51', '2025-09-13 06:42:51'),
(1093, 381, 'متمكن', NULL, NULL, 0, 3, '2025-09-13 06:42:51', '2025-09-13 06:42:51'),
(1094, 382, 'نعم', NULL, NULL, 0, 0, '2025-09-13 06:42:51', '2025-09-13 06:42:51'),
(1095, 382, 'لا', NULL, NULL, 0, 1, '2025-09-13 06:42:51', '2025-09-13 06:42:51'),
(1096, 385, 'أقل من 15 سنة', NULL, NULL, 0, 0, '2025-09-13 06:42:51', '2025-09-13 06:42:51'),
(1097, 385, 'من 15 إلى 25 سنة', NULL, NULL, 0, 1, '2025-09-13 06:42:51', '2025-09-13 06:42:51'),
(1098, 385, 'من 25 إلى 35 سنة', NULL, NULL, 0, 2, '2025-09-13 06:42:52', '2025-09-13 06:42:52'),
(1099, 385, 'أكبر من 35 سنة', NULL, NULL, 0, 3, '2025-09-13 06:42:52', '2025-09-13 06:42:52'),
(1100, 386, 'ذكر', NULL, NULL, 0, 0, '2025-09-13 06:42:52', '2025-09-13 06:42:52'),
(1101, 386, 'أنثى', NULL, NULL, 0, 1, '2025-09-13 06:42:52', '2025-09-13 06:42:52'),
(1102, 386, 'أفضل عدم الإجابة', NULL, NULL, 0, 2, '2025-09-13 06:42:52', '2025-09-13 06:42:52'),
(1103, 387, 'مصر', NULL, NULL, 0, 0, '2025-09-13 06:42:52', '2025-09-13 06:42:52'),
(1104, 387, 'السعودية', NULL, NULL, 0, 1, '2025-09-13 06:42:52', '2025-09-13 06:42:52'),
(1105, 387, 'الإمارات', NULL, NULL, 0, 2, '2025-09-13 06:42:52', '2025-09-13 06:42:52'),
(1106, 387, 'الكويت', NULL, NULL, 0, 3, '2025-09-13 06:42:52', '2025-09-13 06:42:52'),
(1107, 387, 'قطر', NULL, NULL, 0, 4, '2025-09-13 06:42:52', '2025-09-13 06:42:52'),
(1108, 387, 'البحرين', NULL, NULL, 0, 5, '2025-09-13 06:42:52', '2025-09-13 06:42:52'),
(1109, 387, 'عمان', NULL, NULL, 0, 6, '2025-09-13 06:42:52', '2025-09-13 06:42:52'),
(1110, 387, 'الأردن', NULL, NULL, 0, 7, '2025-09-13 06:42:52', '2025-09-13 06:42:52'),
(1111, 387, 'فلسطين', NULL, NULL, 0, 8, '2025-09-13 06:42:52', '2025-09-13 06:42:52'),
(1112, 387, 'لبنان', NULL, NULL, 0, 9, '2025-09-13 06:42:52', '2025-09-13 06:42:52'),
(1113, 387, 'سوريا', NULL, NULL, 0, 10, '2025-09-13 06:42:52', '2025-09-13 06:42:52'),
(1114, 387, 'العراق', NULL, NULL, 0, 11, '2025-09-13 06:42:52', '2025-09-13 06:42:52'),
(1115, 387, 'اليمن', NULL, NULL, 0, 12, '2025-09-13 06:42:52', '2025-09-13 06:42:52'),
(1116, 387, 'ليبيا', NULL, NULL, 0, 13, '2025-09-13 06:42:52', '2025-09-13 06:42:52'),
(1117, 387, 'تونس', NULL, NULL, 0, 14, '2025-09-13 06:42:52', '2025-09-13 06:42:52'),
(1118, 387, 'الجزائر', NULL, NULL, 0, 15, '2025-09-13 06:42:52', '2025-09-13 06:42:52'),
(1119, 387, 'المغرب', NULL, NULL, 0, 16, '2025-09-13 06:42:52', '2025-09-13 06:42:52'),
(1120, 387, 'موريتانيا', NULL, NULL, 0, 17, '2025-09-13 06:42:52', '2025-09-13 06:42:52'),
(1121, 387, 'الصومال', NULL, NULL, 0, 18, '2025-09-13 06:42:52', '2025-09-13 06:42:52'),
(1122, 387, 'جيبوتي', NULL, NULL, 0, 19, '2025-09-13 06:42:52', '2025-09-13 06:42:52'),
(1123, 387, 'جزر القمر', NULL, NULL, 0, 20, '2025-09-13 06:42:52', '2025-09-13 06:42:52'),
(1124, 388, '(حقل نصي)*', NULL, NULL, 0, 0, '2025-09-13 06:42:52', '2025-09-13 06:42:52'),
(1125, 389, 'طالب ثانوي', NULL, NULL, 0, 0, '2025-09-13 06:42:52', '2025-09-13 06:42:52'),
(1126, 389, 'طالب جامعي', NULL, NULL, 0, 1, '2025-09-13 06:42:52', '2025-09-13 06:42:52'),
(1127, 389, 'خريج جامعي', NULL, NULL, 0, 2, '2025-09-13 06:42:52', '2025-09-13 06:42:52'),
(1128, 389, 'ماجستير', NULL, NULL, 0, 3, '2025-09-13 06:42:52', '2025-09-13 06:42:52'),
(1129, 389, 'دكتوراه', NULL, NULL, 0, 4, '2025-09-13 06:42:52', '2025-09-13 06:42:52'),
(1130, 390, '(حقل نصي)*', NULL, NULL, 0, 0, '2025-09-13 06:42:52', '2025-09-13 06:42:52'),
(1131, 391, 'طالب', NULL, NULL, 0, 0, '2025-09-13 06:42:52', '2025-09-13 06:42:52'),
(1132, 391, 'خريج', NULL, NULL, 0, 1, '2025-09-13 06:42:52', '2025-09-13 06:42:52'),
(1133, 391, 'موظف', NULL, NULL, 0, 2, '2025-09-13 06:42:52', '2025-09-13 06:42:52'),
(1134, 391, 'أعمل لحسابي', NULL, NULL, 0, 3, '2025-09-13 06:42:52', '2025-09-13 06:42:52'),
(1135, 391, 'أبحث عن عمل', NULL, NULL, 0, 4, '2025-09-13 06:42:52', '2025-09-13 06:42:52'),
(1136, 392, 'مبتدئ', NULL, NULL, 0, 0, '2025-09-13 06:42:52', '2025-09-13 06:42:52'),
(1137, 392, 'متوسط', NULL, NULL, 0, 1, '2025-09-13 06:42:52', '2025-09-13 06:42:52'),
(1138, 392, 'متقدم', NULL, NULL, 0, 2, '2025-09-13 06:42:52', '2025-09-13 06:42:52'),
(1139, 392, 'متمكن', NULL, NULL, 0, 3, '2025-09-13 06:42:52', '2025-09-13 06:42:52'),
(1140, 393, 'نعم', NULL, NULL, 0, 0, '2025-09-13 06:42:52', '2025-09-13 06:42:52'),
(1141, 393, 'لا', NULL, NULL, 0, 1, '2025-09-13 06:42:52', '2025-09-13 06:42:52'),
(1142, 396, 'أقل من 15 سنة', NULL, NULL, 0, 0, '2025-09-13 06:42:52', '2025-09-13 06:42:52'),
(1143, 396, 'من 15 إلى 25 سنة', NULL, NULL, 0, 1, '2025-09-13 06:42:52', '2025-09-13 06:42:52'),
(1144, 396, 'من 25 إلى 35 سنة', NULL, NULL, 0, 2, '2025-09-13 06:42:52', '2025-09-13 06:42:52'),
(1145, 396, 'أكبر من 35 سنة', NULL, NULL, 0, 3, '2025-09-13 06:42:53', '2025-09-13 06:42:53'),
(1146, 397, 'ذكر', NULL, NULL, 0, 0, '2025-09-13 06:42:53', '2025-09-13 06:42:53'),
(1147, 397, 'أنثى', NULL, NULL, 0, 1, '2025-09-13 06:42:53', '2025-09-13 06:42:53'),
(1148, 397, 'أفضل عدم الإجابة', NULL, NULL, 0, 2, '2025-09-13 06:42:53', '2025-09-13 06:42:53'),
(1149, 398, 'مصر', NULL, NULL, 0, 0, '2025-09-13 06:42:53', '2025-09-13 06:42:53'),
(1150, 398, 'السعودية', NULL, NULL, 0, 1, '2025-09-13 06:42:53', '2025-09-13 06:42:53'),
(1151, 398, 'الإمارات', NULL, NULL, 0, 2, '2025-09-13 06:42:53', '2025-09-13 06:42:53'),
(1152, 398, 'الكويت', NULL, NULL, 0, 3, '2025-09-13 06:42:53', '2025-09-13 06:42:53'),
(1153, 398, 'قطر', NULL, NULL, 0, 4, '2025-09-13 06:42:53', '2025-09-13 06:42:53'),
(1154, 398, 'البحرين', NULL, NULL, 0, 5, '2025-09-13 06:42:53', '2025-09-13 06:42:53'),
(1155, 398, 'عمان', NULL, NULL, 0, 6, '2025-09-13 06:42:53', '2025-09-13 06:42:53'),
(1156, 398, 'الأردن', NULL, NULL, 0, 7, '2025-09-13 06:42:53', '2025-09-13 06:42:53'),
(1157, 398, 'فلسطين', NULL, NULL, 0, 8, '2025-09-13 06:42:53', '2025-09-13 06:42:53'),
(1158, 398, 'لبنان', NULL, NULL, 0, 9, '2025-09-13 06:42:53', '2025-09-13 06:42:53'),
(1159, 398, 'سوريا', NULL, NULL, 0, 10, '2025-09-13 06:42:53', '2025-09-13 06:42:53'),
(1160, 398, 'العراق', NULL, NULL, 0, 11, '2025-09-13 06:42:53', '2025-09-13 06:42:53'),
(1161, 398, 'اليمن', NULL, NULL, 0, 12, '2025-09-13 06:42:53', '2025-09-13 06:42:53'),
(1162, 398, 'ليبيا', NULL, NULL, 0, 13, '2025-09-13 06:42:53', '2025-09-13 06:42:53'),
(1163, 398, 'تونس', NULL, NULL, 0, 14, '2025-09-13 06:42:53', '2025-09-13 06:42:53'),
(1164, 398, 'الجزائر', NULL, NULL, 0, 15, '2025-09-13 06:42:53', '2025-09-13 06:42:53');
INSERT INTO `options` (`id`, `question_id`, `label`, `weight`, `points`, `is_correct`, `display_order`, `created_at`, `updated_at`) VALUES
(1165, 398, 'المغرب', NULL, NULL, 0, 16, '2025-09-13 06:42:53', '2025-09-13 06:42:53'),
(1166, 398, 'موريتانيا', NULL, NULL, 0, 17, '2025-09-13 06:42:53', '2025-09-13 06:42:53'),
(1167, 398, 'الصومال', NULL, NULL, 0, 18, '2025-09-13 06:42:53', '2025-09-13 06:42:53'),
(1168, 398, 'جيبوتي', NULL, NULL, 0, 19, '2025-09-13 06:42:53', '2025-09-13 06:42:53'),
(1169, 398, 'جزر القمر', NULL, NULL, 0, 20, '2025-09-13 06:42:53', '2025-09-13 06:42:53'),
(1170, 399, '(حقل نصي)*', NULL, NULL, 0, 0, '2025-09-13 06:42:53', '2025-09-13 06:42:53'),
(1171, 400, 'طالب ثانوي', NULL, NULL, 0, 0, '2025-09-13 06:42:53', '2025-09-13 06:42:53'),
(1172, 400, 'طالب جامعي', NULL, NULL, 0, 1, '2025-09-13 06:42:53', '2025-09-13 06:42:53'),
(1173, 400, 'خريج جامعي', NULL, NULL, 0, 2, '2025-09-13 06:42:53', '2025-09-13 06:42:53'),
(1174, 400, 'ماجستير', NULL, NULL, 0, 3, '2025-09-13 06:42:53', '2025-09-13 06:42:53'),
(1175, 400, 'دكتوراه', NULL, NULL, 0, 4, '2025-09-13 06:42:53', '2025-09-13 06:42:53'),
(1176, 401, '(حقل نصي)*', NULL, NULL, 0, 0, '2025-09-13 06:42:53', '2025-09-13 06:42:53'),
(1177, 402, 'طالب', NULL, NULL, 0, 0, '2025-09-13 06:42:53', '2025-09-13 06:42:53'),
(1178, 402, 'خريج', NULL, NULL, 0, 1, '2025-09-13 06:42:53', '2025-09-13 06:42:53'),
(1179, 402, 'موظف', NULL, NULL, 0, 2, '2025-09-13 06:42:53', '2025-09-13 06:42:53'),
(1180, 402, 'أعمل لحسابي', NULL, NULL, 0, 3, '2025-09-13 06:42:53', '2025-09-13 06:42:53'),
(1181, 402, 'أبحث عن عمل', NULL, NULL, 0, 4, '2025-09-13 06:42:53', '2025-09-13 06:42:53'),
(1182, 403, 'مبتدئ', NULL, NULL, 0, 0, '2025-09-13 06:42:53', '2025-09-13 06:42:53'),
(1183, 403, 'متوسط', NULL, NULL, 0, 1, '2025-09-13 06:42:53', '2025-09-13 06:42:53'),
(1184, 403, 'متقدم', NULL, NULL, 0, 2, '2025-09-13 06:42:53', '2025-09-13 06:42:53'),
(1185, 403, 'متمكن', NULL, NULL, 0, 3, '2025-09-13 06:42:53', '2025-09-13 06:42:53'),
(1186, 404, 'نعم', NULL, NULL, 0, 0, '2025-09-13 06:42:53', '2025-09-13 06:42:53'),
(1187, 404, 'لا', NULL, NULL, 0, 1, '2025-09-13 06:42:53', '2025-09-13 06:42:53'),
(1188, 407, 'أقل من 15 سنة', NULL, NULL, 0, 0, '2025-09-13 06:42:53', '2025-09-13 06:42:53'),
(1189, 407, 'من 15 إلى 25 سنة', NULL, NULL, 0, 1, '2025-09-13 06:42:53', '2025-09-13 06:42:53'),
(1190, 407, 'من 25 إلى 35 سنة', NULL, NULL, 0, 2, '2025-09-13 06:42:53', '2025-09-13 06:42:53'),
(1191, 407, 'أكبر من 35 سنة', NULL, NULL, 0, 3, '2025-09-13 06:42:53', '2025-09-13 06:42:53'),
(1192, 408, 'ذكر', NULL, NULL, 0, 0, '2025-09-13 06:42:53', '2025-09-13 06:42:53'),
(1193, 408, 'أنثى', NULL, NULL, 0, 1, '2025-09-13 06:42:53', '2025-09-13 06:42:53'),
(1194, 408, 'أفضل عدم الإجابة', NULL, NULL, 0, 2, '2025-09-13 06:42:53', '2025-09-13 06:42:53'),
(1195, 409, 'مصر', NULL, NULL, 0, 0, '2025-09-13 06:42:53', '2025-09-13 06:42:53'),
(1196, 409, 'السعودية', NULL, NULL, 0, 1, '2025-09-13 06:42:53', '2025-09-13 06:42:53'),
(1197, 409, 'الإمارات', NULL, NULL, 0, 2, '2025-09-13 06:42:53', '2025-09-13 06:42:53'),
(1198, 409, 'الكويت', NULL, NULL, 0, 3, '2025-09-13 06:42:53', '2025-09-13 06:42:53'),
(1199, 409, 'قطر', NULL, NULL, 0, 4, '2025-09-13 06:42:53', '2025-09-13 06:42:53'),
(1200, 409, 'البحرين', NULL, NULL, 0, 5, '2025-09-13 06:42:53', '2025-09-13 06:42:53'),
(1201, 409, 'عمان', NULL, NULL, 0, 6, '2025-09-13 06:42:53', '2025-09-13 06:42:53'),
(1202, 409, 'الأردن', NULL, NULL, 0, 7, '2025-09-13 06:42:53', '2025-09-13 06:42:53'),
(1203, 409, 'فلسطين', NULL, NULL, 0, 8, '2025-09-13 06:42:53', '2025-09-13 06:42:53'),
(1204, 409, 'لبنان', NULL, NULL, 0, 9, '2025-09-13 06:42:53', '2025-09-13 06:42:53'),
(1205, 409, 'سوريا', NULL, NULL, 0, 10, '2025-09-13 06:42:53', '2025-09-13 06:42:53'),
(1206, 409, 'العراق', NULL, NULL, 0, 11, '2025-09-13 06:42:53', '2025-09-13 06:42:53'),
(1207, 409, 'اليمن', NULL, NULL, 0, 12, '2025-09-13 06:42:53', '2025-09-13 06:42:53'),
(1208, 409, 'ليبيا', NULL, NULL, 0, 13, '2025-09-13 06:42:53', '2025-09-13 06:42:53'),
(1209, 409, 'تونس', NULL, NULL, 0, 14, '2025-09-13 06:42:53', '2025-09-13 06:42:53'),
(1210, 409, 'الجزائر', NULL, NULL, 0, 15, '2025-09-13 06:42:53', '2025-09-13 06:42:53'),
(1211, 409, 'المغرب', NULL, NULL, 0, 16, '2025-09-13 06:42:53', '2025-09-13 06:42:53'),
(1212, 409, 'موريتانيا', NULL, NULL, 0, 17, '2025-09-13 06:42:53', '2025-09-13 06:42:53'),
(1213, 409, 'الصومال', NULL, NULL, 0, 18, '2025-09-13 06:42:53', '2025-09-13 06:42:53'),
(1214, 409, 'جيبوتي', NULL, NULL, 0, 19, '2025-09-13 06:42:53', '2025-09-13 06:42:53'),
(1215, 409, 'جزر القمر', NULL, NULL, 0, 20, '2025-09-13 06:42:53', '2025-09-13 06:42:53'),
(1216, 410, '(حقل نصي)*', NULL, NULL, 0, 0, '2025-09-13 06:42:53', '2025-09-13 06:42:53'),
(1217, 411, 'طالب ثانوي', NULL, NULL, 0, 0, '2025-09-13 06:42:53', '2025-09-13 06:42:53'),
(1218, 411, 'طالب جامعي', NULL, NULL, 0, 1, '2025-09-13 06:42:53', '2025-09-13 06:42:53'),
(1219, 411, 'خريج جامعي', NULL, NULL, 0, 2, '2025-09-13 06:42:53', '2025-09-13 06:42:53'),
(1220, 411, 'ماجستير', NULL, NULL, 0, 3, '2025-09-13 06:42:53', '2025-09-13 06:42:53'),
(1221, 411, 'دكتوراه', NULL, NULL, 0, 4, '2025-09-13 06:42:53', '2025-09-13 06:42:53'),
(1222, 412, '(حقل نصي)*', NULL, NULL, 0, 0, '2025-09-13 06:42:53', '2025-09-13 06:42:53'),
(1223, 413, 'طالب', NULL, NULL, 0, 0, '2025-09-13 06:42:53', '2025-09-13 06:42:53'),
(1224, 413, 'خريج', NULL, NULL, 0, 1, '2025-09-13 06:42:53', '2025-09-13 06:42:53'),
(1225, 413, 'موظف', NULL, NULL, 0, 2, '2025-09-13 06:42:53', '2025-09-13 06:42:53'),
(1226, 413, 'أعمل لحسابي', NULL, NULL, 0, 3, '2025-09-13 06:42:53', '2025-09-13 06:42:53'),
(1227, 413, 'أبحث عن عمل', NULL, NULL, 0, 4, '2025-09-13 06:42:53', '2025-09-13 06:42:53'),
(1228, 414, 'مبتدئ', NULL, NULL, 0, 0, '2025-09-13 06:42:53', '2025-09-13 06:42:53'),
(1229, 414, 'متوسط', NULL, NULL, 0, 1, '2025-09-13 06:42:53', '2025-09-13 06:42:53'),
(1230, 414, 'متقدم', NULL, NULL, 0, 2, '2025-09-13 06:42:53', '2025-09-13 06:42:53'),
(1231, 414, 'متمكن', NULL, NULL, 0, 3, '2025-09-13 06:42:53', '2025-09-13 06:42:53'),
(1232, 415, 'نعم', NULL, NULL, 0, 0, '2025-09-13 06:42:53', '2025-09-13 06:42:53'),
(1233, 415, 'لا', NULL, NULL, 0, 1, '2025-09-13 06:42:53', '2025-09-13 06:42:53'),
(1234, 418, 'أقل من 15 سنة', NULL, NULL, 0, 0, '2025-09-13 06:42:53', '2025-09-13 06:42:53'),
(1235, 418, 'من 15 إلى 25 سنة', NULL, NULL, 0, 1, '2025-09-13 06:42:53', '2025-09-13 06:42:53'),
(1236, 418, 'من 25 إلى 35 سنة', NULL, NULL, 0, 2, '2025-09-13 06:42:53', '2025-09-13 06:42:53'),
(1237, 418, 'أكبر من 35 سنة', NULL, NULL, 0, 3, '2025-09-13 06:42:53', '2025-09-13 06:42:53'),
(1238, 419, 'ذكر', NULL, NULL, 0, 0, '2025-09-13 06:42:53', '2025-09-13 06:42:53'),
(1239, 419, 'أنثى', NULL, NULL, 0, 1, '2025-09-13 06:42:53', '2025-09-13 06:42:53'),
(1240, 419, 'أفضل عدم الإجابة', NULL, NULL, 0, 2, '2025-09-13 06:42:53', '2025-09-13 06:42:53'),
(1241, 420, 'مصر', NULL, NULL, 0, 0, '2025-09-13 06:42:53', '2025-09-13 06:42:53'),
(1242, 420, 'السعودية', NULL, NULL, 0, 1, '2025-09-13 06:42:53', '2025-09-13 06:42:53'),
(1243, 420, 'الإمارات', NULL, NULL, 0, 2, '2025-09-13 06:42:53', '2025-09-13 06:42:53'),
(1244, 420, 'الكويت', NULL, NULL, 0, 3, '2025-09-13 06:42:53', '2025-09-13 06:42:53'),
(1245, 420, 'قطر', NULL, NULL, 0, 4, '2025-09-13 06:42:53', '2025-09-13 06:42:53'),
(1246, 420, 'البحرين', NULL, NULL, 0, 5, '2025-09-13 06:42:53', '2025-09-13 06:42:53'),
(1247, 420, 'عمان', NULL, NULL, 0, 6, '2025-09-13 06:42:53', '2025-09-13 06:42:53'),
(1248, 420, 'الأردن', NULL, NULL, 0, 7, '2025-09-13 06:42:53', '2025-09-13 06:42:53'),
(1249, 420, 'فلسطين', NULL, NULL, 0, 8, '2025-09-13 06:42:53', '2025-09-13 06:42:53'),
(1250, 420, 'لبنان', NULL, NULL, 0, 9, '2025-09-13 06:42:53', '2025-09-13 06:42:53'),
(1251, 420, 'سوريا', NULL, NULL, 0, 10, '2025-09-13 06:42:53', '2025-09-13 06:42:53'),
(1252, 420, 'العراق', NULL, NULL, 0, 11, '2025-09-13 06:42:53', '2025-09-13 06:42:53'),
(1253, 420, 'اليمن', NULL, NULL, 0, 12, '2025-09-13 06:42:53', '2025-09-13 06:42:53'),
(1254, 420, 'ليبيا', NULL, NULL, 0, 13, '2025-09-13 06:42:53', '2025-09-13 06:42:53'),
(1255, 420, 'تونس', NULL, NULL, 0, 14, '2025-09-13 06:42:53', '2025-09-13 06:42:53'),
(1256, 420, 'الجزائر', NULL, NULL, 0, 15, '2025-09-13 06:42:53', '2025-09-13 06:42:53'),
(1257, 420, 'المغرب', NULL, NULL, 0, 16, '2025-09-13 06:42:53', '2025-09-13 06:42:53'),
(1258, 420, 'موريتانيا', NULL, NULL, 0, 17, '2025-09-13 06:42:53', '2025-09-13 06:42:53'),
(1259, 420, 'الصومال', NULL, NULL, 0, 18, '2025-09-13 06:42:53', '2025-09-13 06:42:53'),
(1260, 420, 'جيبوتي', NULL, NULL, 0, 19, '2025-09-13 06:42:53', '2025-09-13 06:42:53'),
(1261, 420, 'جزر القمر', NULL, NULL, 0, 20, '2025-09-13 06:42:53', '2025-09-13 06:42:53'),
(1262, 421, '(حقل نصي)*', NULL, NULL, 0, 0, '2025-09-13 06:42:53', '2025-09-13 06:42:53'),
(1263, 422, 'طالب ثانوي', NULL, NULL, 0, 0, '2025-09-13 06:42:53', '2025-09-13 06:42:53'),
(1264, 422, 'طالب جامعي', NULL, NULL, 0, 1, '2025-09-13 06:42:53', '2025-09-13 06:42:53'),
(1265, 422, 'خريج جامعي', NULL, NULL, 0, 2, '2025-09-13 06:42:53', '2025-09-13 06:42:53'),
(1266, 422, 'ماجستير', NULL, NULL, 0, 3, '2025-09-13 06:42:53', '2025-09-13 06:42:53'),
(1267, 422, 'دكتوراه', NULL, NULL, 0, 4, '2025-09-13 06:42:53', '2025-09-13 06:42:53'),
(1268, 423, '(حقل نصي)*', NULL, NULL, 0, 0, '2025-09-13 06:42:53', '2025-09-13 06:42:53'),
(1269, 424, 'طالب', NULL, NULL, 0, 0, '2025-09-13 06:42:53', '2025-09-13 06:42:53'),
(1270, 424, 'خريج', NULL, NULL, 0, 1, '2025-09-13 06:42:53', '2025-09-13 06:42:53'),
(1271, 424, 'موظف', NULL, NULL, 0, 2, '2025-09-13 06:42:53', '2025-09-13 06:42:53'),
(1272, 424, 'أعمل لحسابي', NULL, NULL, 0, 3, '2025-09-13 06:42:53', '2025-09-13 06:42:53'),
(1273, 424, 'أبحث عن عمل', NULL, NULL, 0, 4, '2025-09-13 06:42:53', '2025-09-13 06:42:53'),
(1274, 425, 'مبتدئ', NULL, NULL, 0, 0, '2025-09-13 06:42:53', '2025-09-13 06:42:53'),
(1275, 425, 'متوسط', NULL, NULL, 0, 1, '2025-09-13 06:42:53', '2025-09-13 06:42:53'),
(1276, 425, 'متقدم', NULL, NULL, 0, 2, '2025-09-13 06:42:53', '2025-09-13 06:42:53'),
(1277, 425, 'متمكن', NULL, NULL, 0, 3, '2025-09-13 06:42:53', '2025-09-13 06:42:53'),
(1278, 426, 'نعم', NULL, NULL, 0, 0, '2025-09-13 06:42:53', '2025-09-13 06:42:53'),
(1279, 426, 'لا', NULL, NULL, 0, 1, '2025-09-13 06:42:53', '2025-09-13 06:42:53'),
(1280, 429, 'أقل من 15 سنة', NULL, NULL, 0, 0, '2025-09-13 06:42:55', '2025-09-13 06:42:55'),
(1281, 429, 'من 15 إلى 25 سنة', NULL, NULL, 0, 1, '2025-09-13 06:42:55', '2025-09-13 06:42:55'),
(1282, 429, 'من 25 إلى 35 سنة', NULL, NULL, 0, 2, '2025-09-13 06:42:55', '2025-09-13 06:42:55'),
(1283, 429, 'أكبر من 35 سنة', NULL, NULL, 0, 3, '2025-09-13 06:42:55', '2025-09-13 06:42:55'),
(1284, 430, 'ذكر', NULL, NULL, 0, 0, '2025-09-13 06:42:55', '2025-09-13 06:42:55'),
(1285, 430, 'أنثى', NULL, NULL, 0, 1, '2025-09-13 06:42:55', '2025-09-13 06:42:55'),
(1286, 430, 'أفضل عدم الإجابة', NULL, NULL, 0, 2, '2025-09-13 06:42:55', '2025-09-13 06:42:55'),
(1287, 431, 'مصر', NULL, NULL, 0, 0, '2025-09-13 06:42:55', '2025-09-13 06:42:55'),
(1288, 431, 'السعودية', NULL, NULL, 0, 1, '2025-09-13 06:42:55', '2025-09-13 06:42:55'),
(1289, 431, 'الإمارات', NULL, NULL, 0, 2, '2025-09-13 06:42:55', '2025-09-13 06:42:55'),
(1290, 431, 'الكويت', NULL, NULL, 0, 3, '2025-09-13 06:42:55', '2025-09-13 06:42:55'),
(1291, 431, 'قطر', NULL, NULL, 0, 4, '2025-09-13 06:42:55', '2025-09-13 06:42:55'),
(1292, 431, 'البحرين', NULL, NULL, 0, 5, '2025-09-13 06:42:55', '2025-09-13 06:42:55'),
(1293, 431, 'عمان', NULL, NULL, 0, 6, '2025-09-13 06:42:55', '2025-09-13 06:42:55'),
(1294, 431, 'الأردن', NULL, NULL, 0, 7, '2025-09-13 06:42:55', '2025-09-13 06:42:55'),
(1295, 431, 'فلسطين', NULL, NULL, 0, 8, '2025-09-13 06:42:55', '2025-09-13 06:42:55'),
(1296, 431, 'لبنان', NULL, NULL, 0, 9, '2025-09-13 06:42:55', '2025-09-13 06:42:55'),
(1297, 431, 'سوريا', NULL, NULL, 0, 10, '2025-09-13 06:42:55', '2025-09-13 06:42:55'),
(1298, 431, 'العراق', NULL, NULL, 0, 11, '2025-09-13 06:42:55', '2025-09-13 06:42:55'),
(1299, 431, 'اليمن', NULL, NULL, 0, 12, '2025-09-13 06:42:55', '2025-09-13 06:42:55'),
(1300, 431, 'ليبيا', NULL, NULL, 0, 13, '2025-09-13 06:42:55', '2025-09-13 06:42:55'),
(1301, 431, 'تونس', NULL, NULL, 0, 14, '2025-09-13 06:42:55', '2025-09-13 06:42:55'),
(1302, 431, 'الجزائر', NULL, NULL, 0, 15, '2025-09-13 06:42:55', '2025-09-13 06:42:55'),
(1303, 431, 'المغرب', NULL, NULL, 0, 16, '2025-09-13 06:42:55', '2025-09-13 06:42:55'),
(1304, 431, 'موريتانيا', NULL, NULL, 0, 17, '2025-09-13 06:42:55', '2025-09-13 06:42:55'),
(1305, 431, 'الصومال', NULL, NULL, 0, 18, '2025-09-13 06:42:55', '2025-09-13 06:42:55'),
(1306, 431, 'جيبوتي', NULL, NULL, 0, 19, '2025-09-13 06:42:55', '2025-09-13 06:42:55'),
(1307, 431, 'جزر القمر', NULL, NULL, 0, 20, '2025-09-13 06:42:55', '2025-09-13 06:42:55'),
(1308, 432, '(حقل نصي)*', NULL, NULL, 0, 0, '2025-09-13 06:42:55', '2025-09-13 06:42:55'),
(1309, 433, 'طالب ثانوي', NULL, NULL, 0, 0, '2025-09-13 06:42:55', '2025-09-13 06:42:55'),
(1310, 433, 'طالب جامعي', NULL, NULL, 0, 1, '2025-09-13 06:42:55', '2025-09-13 06:42:55'),
(1311, 433, 'خريج جامعي', NULL, NULL, 0, 2, '2025-09-13 06:42:55', '2025-09-13 06:42:55'),
(1312, 433, 'ماجستير', NULL, NULL, 0, 3, '2025-09-13 06:42:55', '2025-09-13 06:42:55'),
(1313, 433, 'دكتوراه', NULL, NULL, 0, 4, '2025-09-13 06:42:55', '2025-09-13 06:42:55'),
(1314, 434, '(حقل نصي)*', NULL, NULL, 0, 0, '2025-09-13 06:42:55', '2025-09-13 06:42:55'),
(1315, 435, 'طالب', NULL, NULL, 0, 0, '2025-09-13 06:42:55', '2025-09-13 06:42:55'),
(1316, 435, 'خريج', NULL, NULL, 0, 1, '2025-09-13 06:42:55', '2025-09-13 06:42:55'),
(1317, 435, 'موظف', NULL, NULL, 0, 2, '2025-09-13 06:42:55', '2025-09-13 06:42:55'),
(1318, 435, 'أعمل لحسابي', NULL, NULL, 0, 3, '2025-09-13 06:42:55', '2025-09-13 06:42:55'),
(1319, 435, 'أبحث عن عمل', NULL, NULL, 0, 4, '2025-09-13 06:42:55', '2025-09-13 06:42:55'),
(1320, 436, 'مبتدئ', NULL, NULL, 0, 0, '2025-09-13 06:42:55', '2025-09-13 06:42:55'),
(1321, 436, 'متوسط', NULL, NULL, 0, 1, '2025-09-13 06:42:55', '2025-09-13 06:42:55'),
(1322, 436, 'متقدم', NULL, NULL, 0, 2, '2025-09-13 06:42:55', '2025-09-13 06:42:55'),
(1323, 436, 'متمكن', NULL, NULL, 0, 3, '2025-09-13 06:42:55', '2025-09-13 06:42:55'),
(1324, 437, 'نعم', NULL, NULL, 0, 0, '2025-09-13 06:42:55', '2025-09-13 06:42:55'),
(1325, 437, 'لا', NULL, NULL, 0, 1, '2025-09-13 06:42:55', '2025-09-13 06:42:55'),
(1326, 440, 'أقل من 15 سنة', NULL, NULL, 0, 0, '2025-09-13 06:42:55', '2025-09-13 06:42:55'),
(1327, 440, 'من 15 إلى 25 سنة', NULL, NULL, 0, 1, '2025-09-13 06:42:55', '2025-09-13 06:42:55'),
(1328, 440, 'من 25 إلى 35 سنة', NULL, NULL, 0, 2, '2025-09-13 06:42:55', '2025-09-13 06:42:55'),
(1329, 440, 'أكبر من 35 سنة', NULL, NULL, 0, 3, '2025-09-13 06:42:55', '2025-09-13 06:42:55'),
(1330, 441, 'ذكر', NULL, NULL, 0, 0, '2025-09-13 06:42:55', '2025-09-13 06:42:55'),
(1331, 441, 'أنثى', NULL, NULL, 0, 1, '2025-09-13 06:42:55', '2025-09-13 06:42:55'),
(1332, 441, 'أفضل عدم الإجابة', NULL, NULL, 0, 2, '2025-09-13 06:42:55', '2025-09-13 06:42:55'),
(1333, 442, 'مصر', NULL, NULL, 0, 0, '2025-09-13 06:42:55', '2025-09-13 06:42:55'),
(1334, 442, 'السعودية', NULL, NULL, 0, 1, '2025-09-13 06:42:55', '2025-09-13 06:42:55'),
(1335, 442, 'الإمارات', NULL, NULL, 0, 2, '2025-09-13 06:42:55', '2025-09-13 06:42:55'),
(1336, 442, 'الكويت', NULL, NULL, 0, 3, '2025-09-13 06:42:55', '2025-09-13 06:42:55'),
(1337, 442, 'قطر', NULL, NULL, 0, 4, '2025-09-13 06:42:55', '2025-09-13 06:42:55'),
(1338, 442, 'البحرين', NULL, NULL, 0, 5, '2025-09-13 06:42:55', '2025-09-13 06:42:55'),
(1339, 442, 'عمان', NULL, NULL, 0, 6, '2025-09-13 06:42:55', '2025-09-13 06:42:55'),
(1340, 442, 'الأردن', NULL, NULL, 0, 7, '2025-09-13 06:42:55', '2025-09-13 06:42:55'),
(1341, 442, 'فلسطين', NULL, NULL, 0, 8, '2025-09-13 06:42:55', '2025-09-13 06:42:55'),
(1342, 442, 'لبنان', NULL, NULL, 0, 9, '2025-09-13 06:42:55', '2025-09-13 06:42:55'),
(1343, 442, 'سوريا', NULL, NULL, 0, 10, '2025-09-13 06:42:55', '2025-09-13 06:42:55'),
(1344, 442, 'العراق', NULL, NULL, 0, 11, '2025-09-13 06:42:55', '2025-09-13 06:42:55'),
(1345, 442, 'اليمن', NULL, NULL, 0, 12, '2025-09-13 06:42:55', '2025-09-13 06:42:55'),
(1346, 442, 'ليبيا', NULL, NULL, 0, 13, '2025-09-13 06:42:55', '2025-09-13 06:42:55'),
(1347, 442, 'تونس', NULL, NULL, 0, 14, '2025-09-13 06:42:55', '2025-09-13 06:42:55'),
(1348, 442, 'الجزائر', NULL, NULL, 0, 15, '2025-09-13 06:42:55', '2025-09-13 06:42:55'),
(1349, 442, 'المغرب', NULL, NULL, 0, 16, '2025-09-13 06:42:55', '2025-09-13 06:42:55'),
(1350, 442, 'موريتانيا', NULL, NULL, 0, 17, '2025-09-13 06:42:55', '2025-09-13 06:42:55'),
(1351, 442, 'الصومال', NULL, NULL, 0, 18, '2025-09-13 06:42:55', '2025-09-13 06:42:55'),
(1352, 442, 'جيبوتي', NULL, NULL, 0, 19, '2025-09-13 06:42:55', '2025-09-13 06:42:55'),
(1353, 442, 'جزر القمر', NULL, NULL, 0, 20, '2025-09-13 06:42:55', '2025-09-13 06:42:55'),
(1354, 443, '(حقل نصي)*', NULL, NULL, 0, 0, '2025-09-13 06:42:55', '2025-09-13 06:42:55'),
(1355, 444, 'طالب ثانوي', NULL, NULL, 0, 0, '2025-09-13 06:42:55', '2025-09-13 06:42:55'),
(1356, 444, 'طالب جامعي', NULL, NULL, 0, 1, '2025-09-13 06:42:55', '2025-09-13 06:42:55'),
(1357, 444, 'خريج جامعي', NULL, NULL, 0, 2, '2025-09-13 06:42:55', '2025-09-13 06:42:55'),
(1358, 444, 'ماجستير', NULL, NULL, 0, 3, '2025-09-13 06:42:55', '2025-09-13 06:42:55'),
(1359, 444, 'دكتوراه', NULL, NULL, 0, 4, '2025-09-13 06:42:55', '2025-09-13 06:42:55'),
(1360, 445, '(حقل نصي)*', NULL, NULL, 0, 0, '2025-09-13 06:42:55', '2025-09-13 06:42:55'),
(1361, 446, 'طالب', NULL, NULL, 0, 0, '2025-09-13 06:42:55', '2025-09-13 06:42:55'),
(1362, 446, 'خريج', NULL, NULL, 0, 1, '2025-09-13 06:42:55', '2025-09-13 06:42:55'),
(1363, 446, 'موظف', NULL, NULL, 0, 2, '2025-09-13 06:42:55', '2025-09-13 06:42:55'),
(1364, 446, 'أعمل لحسابي', NULL, NULL, 0, 3, '2025-09-13 06:42:55', '2025-09-13 06:42:55'),
(1365, 446, 'أبحث عن عمل', NULL, NULL, 0, 4, '2025-09-13 06:42:55', '2025-09-13 06:42:55'),
(1366, 447, 'مبتدئ', NULL, NULL, 0, 0, '2025-09-13 06:42:56', '2025-09-13 06:42:56'),
(1367, 447, 'متوسط', NULL, NULL, 0, 1, '2025-09-13 06:42:56', '2025-09-13 06:42:56'),
(1368, 447, 'متقدم', NULL, NULL, 0, 2, '2025-09-13 06:42:56', '2025-09-13 06:42:56'),
(1369, 447, 'متمكن', NULL, NULL, 0, 3, '2025-09-13 06:42:56', '2025-09-13 06:42:56'),
(1370, 448, 'نعم', NULL, NULL, 0, 0, '2025-09-13 06:42:56', '2025-09-13 06:42:56'),
(1371, 448, 'لا', NULL, NULL, 0, 1, '2025-09-13 06:42:56', '2025-09-13 06:42:56'),
(1372, 451, 'أقل من 15 سنة', NULL, NULL, 0, 0, '2025-09-13 06:42:56', '2025-09-13 06:42:56'),
(1373, 451, 'من 15 إلى 25 سنة', NULL, NULL, 0, 1, '2025-09-13 06:42:56', '2025-09-13 06:42:56'),
(1374, 451, 'من 25 إلى 35 سنة', NULL, NULL, 0, 2, '2025-09-13 06:42:56', '2025-09-13 06:42:56'),
(1375, 451, 'أكبر من 35 سنة', NULL, NULL, 0, 3, '2025-09-13 06:42:56', '2025-09-13 06:42:56'),
(1376, 452, 'ذكر', NULL, NULL, 0, 0, '2025-09-13 06:42:56', '2025-09-13 06:42:56'),
(1377, 452, 'أنثى', NULL, NULL, 0, 1, '2025-09-13 06:42:56', '2025-09-13 06:42:56'),
(1378, 452, 'أفضل عدم الإجابة', NULL, NULL, 0, 2, '2025-09-13 06:42:56', '2025-09-13 06:42:56'),
(1379, 453, 'مصر', NULL, NULL, 0, 0, '2025-09-13 06:42:56', '2025-09-13 06:42:56'),
(1380, 453, 'السعودية', NULL, NULL, 0, 1, '2025-09-13 06:42:56', '2025-09-13 06:42:56'),
(1381, 453, 'الإمارات', NULL, NULL, 0, 2, '2025-09-13 06:42:56', '2025-09-13 06:42:56'),
(1382, 453, 'الكويت', NULL, NULL, 0, 3, '2025-09-13 06:42:56', '2025-09-13 06:42:56'),
(1383, 453, 'قطر', NULL, NULL, 0, 4, '2025-09-13 06:42:56', '2025-09-13 06:42:56'),
(1384, 453, 'البحرين', NULL, NULL, 0, 5, '2025-09-13 06:42:56', '2025-09-13 06:42:56'),
(1385, 453, 'عمان', NULL, NULL, 0, 6, '2025-09-13 06:42:56', '2025-09-13 06:42:56'),
(1386, 453, 'الأردن', NULL, NULL, 0, 7, '2025-09-13 06:42:56', '2025-09-13 06:42:56'),
(1387, 453, 'فلسطين', NULL, NULL, 0, 8, '2025-09-13 06:42:56', '2025-09-13 06:42:56'),
(1388, 453, 'لبنان', NULL, NULL, 0, 9, '2025-09-13 06:42:56', '2025-09-13 06:42:56'),
(1389, 453, 'سوريا', NULL, NULL, 0, 10, '2025-09-13 06:42:56', '2025-09-13 06:42:56'),
(1390, 453, 'العراق', NULL, NULL, 0, 11, '2025-09-13 06:42:56', '2025-09-13 06:42:56'),
(1391, 453, 'اليمن', NULL, NULL, 0, 12, '2025-09-13 06:42:56', '2025-09-13 06:42:56'),
(1392, 453, 'ليبيا', NULL, NULL, 0, 13, '2025-09-13 06:42:56', '2025-09-13 06:42:56'),
(1393, 453, 'تونس', NULL, NULL, 0, 14, '2025-09-13 06:42:56', '2025-09-13 06:42:56'),
(1394, 453, 'الجزائر', NULL, NULL, 0, 15, '2025-09-13 06:42:56', '2025-09-13 06:42:56'),
(1395, 453, 'المغرب', NULL, NULL, 0, 16, '2025-09-13 06:42:56', '2025-09-13 06:42:56'),
(1396, 453, 'موريتانيا', NULL, NULL, 0, 17, '2025-09-13 06:42:56', '2025-09-13 06:42:56'),
(1397, 453, 'الصومال', NULL, NULL, 0, 18, '2025-09-13 06:42:56', '2025-09-13 06:42:56'),
(1398, 453, 'جيبوتي', NULL, NULL, 0, 19, '2025-09-13 06:42:56', '2025-09-13 06:42:56'),
(1399, 453, 'جزر القمر', NULL, NULL, 0, 20, '2025-09-13 06:42:56', '2025-09-13 06:42:56'),
(1400, 454, '(حقل نصي)*', NULL, NULL, 0, 0, '2025-09-13 06:42:56', '2025-09-13 06:42:56'),
(1401, 455, 'طالب ثانوي', NULL, NULL, 0, 0, '2025-09-13 06:42:56', '2025-09-13 06:42:56'),
(1402, 455, 'طالب جامعي', NULL, NULL, 0, 1, '2025-09-13 06:42:56', '2025-09-13 06:42:56'),
(1403, 455, 'خريج جامعي', NULL, NULL, 0, 2, '2025-09-13 06:42:56', '2025-09-13 06:42:56'),
(1404, 455, 'ماجستير', NULL, NULL, 0, 3, '2025-09-13 06:42:56', '2025-09-13 06:42:56'),
(1405, 455, 'دكتوراه', NULL, NULL, 0, 4, '2025-09-13 06:42:56', '2025-09-13 06:42:56'),
(1406, 456, '(حقل نصي)*', NULL, NULL, 0, 0, '2025-09-13 06:42:56', '2025-09-13 06:42:56'),
(1407, 457, 'طالب', NULL, NULL, 0, 0, '2025-09-13 06:42:56', '2025-09-13 06:42:56'),
(1408, 457, 'خريج', NULL, NULL, 0, 1, '2025-09-13 06:42:56', '2025-09-13 06:42:56'),
(1409, 457, 'موظف', NULL, NULL, 0, 2, '2025-09-13 06:42:56', '2025-09-13 06:42:56'),
(1410, 457, 'أعمل لحسابي', NULL, NULL, 0, 3, '2025-09-13 06:42:56', '2025-09-13 06:42:56'),
(1411, 457, 'أبحث عن عمل', NULL, NULL, 0, 4, '2025-09-13 06:42:56', '2025-09-13 06:42:56'),
(1412, 458, 'مبتدئ', NULL, NULL, 0, 0, '2025-09-13 06:42:56', '2025-09-13 06:42:56'),
(1413, 458, 'متوسط', NULL, NULL, 0, 1, '2025-09-13 06:42:56', '2025-09-13 06:42:56'),
(1414, 458, 'متقدم', NULL, NULL, 0, 2, '2025-09-13 06:42:56', '2025-09-13 06:42:56'),
(1415, 458, 'متمكن', NULL, NULL, 0, 3, '2025-09-13 06:42:56', '2025-09-13 06:42:56'),
(1416, 459, 'نعم', NULL, NULL, 0, 0, '2025-09-13 06:42:56', '2025-09-13 06:42:56'),
(1417, 459, 'لا', NULL, NULL, 0, 1, '2025-09-13 06:42:56', '2025-09-13 06:42:56'),
(1418, 460, 'مصر', NULL, NULL, 0, 0, '2025-09-13 10:10:00', '2025-09-13 10:10:00'),
(1419, 460, 'السعودية', NULL, NULL, 0, 1, '2025-09-13 10:10:00', '2025-09-13 10:10:00'),
(1420, 460, 'الإمارات', NULL, NULL, 0, 2, '2025-09-13 10:10:00', '2025-09-13 10:10:00'),
(1421, 460, 'الكويت', NULL, NULL, 0, 3, '2025-09-13 10:10:00', '2025-09-13 10:10:00'),
(1422, 460, 'قطر', NULL, NULL, 0, 4, '2025-09-13 10:10:00', '2025-09-13 10:10:00'),
(1423, 460, 'البحرين', NULL, NULL, 0, 5, '2025-09-13 10:10:00', '2025-09-13 10:10:00'),
(1424, 460, 'عمان', NULL, NULL, 0, 6, '2025-09-13 10:10:00', '2025-09-13 10:10:00'),
(1425, 460, 'الأردن', NULL, NULL, 0, 7, '2025-09-13 10:10:00', '2025-09-13 10:10:00'),
(1426, 461, 'ذكر', NULL, NULL, 0, 0, '2025-09-13 10:10:00', '2025-09-13 10:10:00'),
(1427, 461, 'أنثى', NULL, NULL, 0, 1, '2025-09-13 10:10:00', '2025-09-13 10:10:00'),
(1428, 463, 'أقل من الثانوية', NULL, NULL, 0, 0, '2025-09-13 10:10:00', '2025-09-13 10:10:00'),
(1429, 463, 'ثانوية عامة', NULL, NULL, 0, 1, '2025-09-13 10:10:00', '2025-09-13 10:10:00'),
(1430, 463, 'دبلوم', NULL, NULL, 0, 2, '2025-09-13 10:10:00', '2025-09-13 10:10:00'),
(1431, 463, 'بكالوريوس', NULL, NULL, 0, 3, '2025-09-13 10:10:00', '2025-09-13 10:10:00'),
(1432, 463, 'ماجستير', NULL, NULL, 0, 4, '2025-09-13 10:10:00', '2025-09-13 10:10:00'),
(1433, 463, 'دكتوراه', NULL, NULL, 0, 5, '2025-09-13 10:10:00', '2025-09-13 10:10:00'),
(1434, 464, 'موظف حكومي', NULL, NULL, 0, 0, '2025-09-13 10:10:00', '2025-09-13 10:10:00'),
(1435, 464, 'موظف قطاع خاص', NULL, NULL, 0, 1, '2025-09-13 10:10:00', '2025-09-13 10:10:00'),
(1436, 464, 'أعمال حرة', NULL, NULL, 0, 2, '2025-09-13 10:10:00', '2025-09-13 10:10:00'),
(1437, 464, 'طالب', NULL, NULL, 0, 3, '2025-09-13 10:10:00', '2025-09-13 10:10:00'),
(1438, 464, 'متقاعد', NULL, NULL, 0, 4, '2025-09-13 10:10:00', '2025-09-13 10:10:00'),
(1439, 464, 'عاطل عن العمل', NULL, NULL, 0, 5, '2025-09-13 10:10:00', '2025-09-13 10:10:00'),
(1440, 465, 'نعم', NULL, NULL, 0, 0, '2025-09-13 10:10:00', '2025-09-13 10:10:00'),
(1441, 465, 'لا', NULL, NULL, 0, 1, '2025-09-13 10:10:00', '2025-09-13 10:10:00'),
(1442, 467, 'مصر', NULL, NULL, 0, 0, '2025-09-13 10:10:04', '2025-09-13 10:10:04'),
(1443, 467, 'السعودية', NULL, NULL, 0, 1, '2025-09-13 10:10:04', '2025-09-13 10:10:04'),
(1444, 467, 'الإمارات', NULL, NULL, 0, 2, '2025-09-13 10:10:04', '2025-09-13 10:10:04'),
(1445, 467, 'الكويت', NULL, NULL, 0, 3, '2025-09-13 10:10:04', '2025-09-13 10:10:04'),
(1446, 467, 'قطر', NULL, NULL, 0, 4, '2025-09-13 10:10:04', '2025-09-13 10:10:04'),
(1447, 467, 'البحرين', NULL, NULL, 0, 5, '2025-09-13 10:10:04', '2025-09-13 10:10:04'),
(1448, 467, 'عمان', NULL, NULL, 0, 6, '2025-09-13 10:10:04', '2025-09-13 10:10:04'),
(1449, 467, 'الأردن', NULL, NULL, 0, 7, '2025-09-13 10:10:04', '2025-09-13 10:10:04'),
(1450, 468, 'ذكر', NULL, NULL, 0, 0, '2025-09-13 10:10:04', '2025-09-13 10:10:04'),
(1451, 468, 'أنثى', NULL, NULL, 0, 1, '2025-09-13 10:10:04', '2025-09-13 10:10:04'),
(1452, 470, 'أقل من الثانوية', NULL, NULL, 0, 0, '2025-09-13 10:10:04', '2025-09-13 10:10:04'),
(1453, 470, 'ثانوية عامة', NULL, NULL, 0, 1, '2025-09-13 10:10:04', '2025-09-13 10:10:04'),
(1454, 470, 'دبلوم', NULL, NULL, 0, 2, '2025-09-13 10:10:04', '2025-09-13 10:10:04'),
(1455, 470, 'بكالوريوس', NULL, NULL, 0, 3, '2025-09-13 10:10:04', '2025-09-13 10:10:04'),
(1456, 470, 'ماجستير', NULL, NULL, 0, 4, '2025-09-13 10:10:04', '2025-09-13 10:10:04'),
(1457, 470, 'دكتوراه', NULL, NULL, 0, 5, '2025-09-13 10:10:04', '2025-09-13 10:10:04'),
(1458, 471, 'موظف حكومي', NULL, NULL, 0, 0, '2025-09-13 10:10:04', '2025-09-13 10:10:04'),
(1459, 471, 'موظف قطاع خاص', NULL, NULL, 0, 1, '2025-09-13 10:10:04', '2025-09-13 10:10:04'),
(1460, 471, 'أعمال حرة', NULL, NULL, 0, 2, '2025-09-13 10:10:04', '2025-09-13 10:10:04'),
(1461, 471, 'طالب', NULL, NULL, 0, 3, '2025-09-13 10:10:04', '2025-09-13 10:10:04'),
(1462, 471, 'متقاعد', NULL, NULL, 0, 4, '2025-09-13 10:10:04', '2025-09-13 10:10:04'),
(1463, 471, 'عاطل عن العمل', NULL, NULL, 0, 5, '2025-09-13 10:10:04', '2025-09-13 10:10:04'),
(1464, 472, 'نعم', NULL, NULL, 0, 0, '2025-09-13 10:10:04', '2025-09-13 10:10:04'),
(1465, 472, 'لا', NULL, NULL, 0, 1, '2025-09-13 10:10:04', '2025-09-13 10:10:04'),
(1466, 476, 'أقل من 15 سنة', NULL, NULL, 0, 0, '2025-09-13 10:35:32', '2025-09-13 10:35:32'),
(1467, 476, 'من 15 إلى 25 سنة', NULL, NULL, 0, 1, '2025-09-13 10:35:32', '2025-09-13 10:35:32'),
(1468, 476, 'من 25 إلى 35 سنة', NULL, NULL, 1, 2, '2025-09-13 10:35:32', '2025-09-13 10:35:32'),
(1469, 476, 'أكبر من 35 سنة', NULL, NULL, 0, 3, '2025-09-13 10:35:32', '2025-09-13 10:35:32'),
(1470, 477, 'ذكر', NULL, NULL, 1, 0, '2025-09-13 10:35:32', '2025-09-13 10:35:32'),
(1471, 477, 'أنثى', NULL, NULL, 0, 1, '2025-09-13 10:35:32', '2025-09-13 10:35:32'),
(1472, 477, 'أفضل عدم الإجابة', NULL, NULL, 0, 2, '2025-09-13 10:35:32', '2025-09-13 10:35:32'),
(1473, 478, 'مصر', NULL, NULL, 1, 0, '2025-09-13 10:35:32', '2025-09-13 10:35:32'),
(1474, 478, 'السعودية', NULL, NULL, 0, 1, '2025-09-13 10:35:32', '2025-09-13 10:35:32'),
(1475, 478, 'الإمارات', NULL, NULL, 0, 2, '2025-09-13 10:35:32', '2025-09-13 10:35:32'),
(1476, 478, 'الكويت', NULL, NULL, 0, 3, '2025-09-13 10:35:32', '2025-09-13 10:35:32'),
(1477, 478, 'قطر', NULL, NULL, 0, 4, '2025-09-13 10:35:32', '2025-09-13 10:35:32'),
(1478, 478, 'البحرين', NULL, NULL, 0, 5, '2025-09-13 10:35:32', '2025-09-13 10:35:32'),
(1479, 478, 'عمان', NULL, NULL, 0, 6, '2025-09-13 10:35:32', '2025-09-13 10:35:32'),
(1480, 478, 'الأردن', NULL, NULL, 0, 7, '2025-09-13 10:35:32', '2025-09-13 10:35:32'),
(1481, 478, 'فلسطين', NULL, NULL, 0, 8, '2025-09-13 10:35:32', '2025-09-13 10:35:32'),
(1482, 478, 'لبنان', NULL, NULL, 0, 9, '2025-09-13 10:35:32', '2025-09-13 10:35:32'),
(1483, 478, 'سوريا', NULL, NULL, 0, 10, '2025-09-13 10:35:32', '2025-09-13 10:35:32'),
(1484, 478, 'العراق', NULL, NULL, 0, 11, '2025-09-13 10:35:32', '2025-09-13 10:35:32'),
(1485, 478, 'اليمن', NULL, NULL, 0, 12, '2025-09-13 10:35:32', '2025-09-13 10:35:32'),
(1486, 478, 'ليبيا', NULL, NULL, 0, 13, '2025-09-13 10:35:32', '2025-09-13 10:35:32'),
(1487, 478, 'تونس', NULL, NULL, 0, 14, '2025-09-13 10:35:32', '2025-09-13 10:35:32'),
(1488, 478, 'الجزائر', NULL, NULL, 0, 15, '2025-09-13 10:35:32', '2025-09-13 10:35:32'),
(1489, 478, 'المغرب', NULL, NULL, 0, 16, '2025-09-13 10:35:32', '2025-09-13 10:35:32'),
(1490, 478, 'موريتانيا', NULL, NULL, 0, 17, '2025-09-13 10:35:32', '2025-09-13 10:35:32'),
(1491, 478, 'الصومال', NULL, NULL, 0, 18, '2025-09-13 10:35:32', '2025-09-13 10:35:32'),
(1492, 478, 'جيبوتي', NULL, NULL, 0, 19, '2025-09-13 10:35:32', '2025-09-13 10:35:32'),
(1493, 478, 'جزر القمر', NULL, NULL, 0, 20, '2025-09-13 10:35:32', '2025-09-13 10:35:32'),
(1494, 479, '(حقل نصي)*', NULL, NULL, 1, 0, '2025-09-13 10:35:32', '2025-09-13 10:35:32'),
(1495, 480, 'طالب ثانوي', NULL, NULL, 0, 0, '2025-09-13 10:35:32', '2025-09-13 10:35:32'),
(1496, 480, 'طالب جامعي', NULL, NULL, 0, 1, '2025-09-13 10:35:32', '2025-09-13 10:35:32'),
(1497, 480, 'خريج جامعي', NULL, NULL, 0, 2, '2025-09-13 10:35:32', '2025-09-13 10:35:32'),
(1498, 480, 'ماجستير', NULL, NULL, 1, 3, '2025-09-13 10:35:32', '2025-09-13 10:35:32'),
(1499, 480, 'دكتوراه', NULL, NULL, 0, 4, '2025-09-13 10:35:32', '2025-09-13 10:35:32'),
(1500, 481, '(حقل نصي)*', NULL, NULL, 1, 0, '2025-09-13 10:35:32', '2025-09-13 10:35:32'),
(1501, 482, 'طالب', NULL, NULL, 0, 0, '2025-09-13 10:35:32', '2025-09-13 10:35:32'),
(1502, 482, 'خريج', NULL, NULL, 0, 1, '2025-09-13 10:35:32', '2025-09-13 10:35:32'),
(1503, 482, 'موظف', NULL, NULL, 1, 2, '2025-09-13 10:35:32', '2025-09-13 10:35:32'),
(1504, 482, 'أعمل لحسابي', NULL, NULL, 0, 3, '2025-09-13 10:35:32', '2025-09-13 10:35:32'),
(1505, 482, 'أبحث عن عمل', NULL, NULL, 0, 4, '2025-09-13 10:35:32', '2025-09-13 10:35:32'),
(1506, 483, 'مبتدئ', NULL, NULL, 0, 0, '2025-09-13 10:35:32', '2025-09-13 10:35:32'),
(1507, 483, 'متوسط', NULL, NULL, 0, 1, '2025-09-13 10:35:32', '2025-09-13 10:35:32'),
(1508, 483, 'متقدم', NULL, NULL, 0, 2, '2025-09-13 10:35:32', '2025-09-13 10:35:32'),
(1509, 483, 'متمكن', NULL, NULL, 1, 3, '2025-09-13 10:35:32', '2025-09-13 10:35:32'),
(1510, 484, 'نعم', NULL, NULL, 1, 0, '2025-09-13 10:35:32', '2025-09-13 10:35:32'),
(1511, 484, 'لا', NULL, NULL, 0, 1, '2025-09-13 10:35:32', '2025-09-13 10:35:32'),
(1512, 487, 'أقل من 15 سنة', NULL, NULL, 0, 0, '2025-09-13 10:35:36', '2025-09-13 10:35:36'),
(1513, 487, 'من 15 إلى 25 سنة', NULL, NULL, 0, 1, '2025-09-13 10:35:36', '2025-09-13 10:35:36'),
(1514, 487, 'من 25 إلى 35 سنة', NULL, NULL, 1, 2, '2025-09-13 10:35:36', '2025-09-13 10:35:36'),
(1515, 487, 'أكبر من 35 سنة', NULL, NULL, 0, 3, '2025-09-13 10:35:36', '2025-09-13 10:35:36'),
(1516, 488, 'ذكر', NULL, NULL, 1, 0, '2025-09-13 10:35:36', '2025-09-13 10:35:36'),
(1517, 488, 'أنثى', NULL, NULL, 0, 1, '2025-09-13 10:35:36', '2025-09-13 10:35:36'),
(1518, 488, 'أفضل عدم الإجابة', NULL, NULL, 0, 2, '2025-09-13 10:35:36', '2025-09-13 10:35:36'),
(1519, 489, 'مصر', NULL, NULL, 1, 0, '2025-09-13 10:35:36', '2025-09-13 10:35:36'),
(1520, 489, 'السعودية', NULL, NULL, 0, 1, '2025-09-13 10:35:36', '2025-09-13 10:35:36'),
(1521, 489, 'الإمارات', NULL, NULL, 0, 2, '2025-09-13 10:35:36', '2025-09-13 10:35:36'),
(1522, 489, 'الكويت', NULL, NULL, 0, 3, '2025-09-13 10:35:36', '2025-09-13 10:35:36'),
(1523, 489, 'قطر', NULL, NULL, 0, 4, '2025-09-13 10:35:36', '2025-09-13 10:35:36'),
(1524, 489, 'البحرين', NULL, NULL, 0, 5, '2025-09-13 10:35:36', '2025-09-13 10:35:36'),
(1525, 489, 'عمان', NULL, NULL, 0, 6, '2025-09-13 10:35:36', '2025-09-13 10:35:36'),
(1526, 489, 'الأردن', NULL, NULL, 0, 7, '2025-09-13 10:35:36', '2025-09-13 10:35:36'),
(1527, 489, 'فلسطين', NULL, NULL, 0, 8, '2025-09-13 10:35:36', '2025-09-13 10:35:36'),
(1528, 489, 'لبنان', NULL, NULL, 0, 9, '2025-09-13 10:35:36', '2025-09-13 10:35:36'),
(1529, 489, 'سوريا', NULL, NULL, 0, 10, '2025-09-13 10:35:36', '2025-09-13 10:35:36'),
(1530, 489, 'العراق', NULL, NULL, 0, 11, '2025-09-13 10:35:36', '2025-09-13 10:35:36'),
(1531, 489, 'اليمن', NULL, NULL, 0, 12, '2025-09-13 10:35:36', '2025-09-13 10:35:36'),
(1532, 489, 'ليبيا', NULL, NULL, 0, 13, '2025-09-13 10:35:36', '2025-09-13 10:35:36'),
(1533, 489, 'تونس', NULL, NULL, 0, 14, '2025-09-13 10:35:36', '2025-09-13 10:35:36'),
(1534, 489, 'الجزائر', NULL, NULL, 0, 15, '2025-09-13 10:35:36', '2025-09-13 10:35:36'),
(1535, 489, 'المغرب', NULL, NULL, 0, 16, '2025-09-13 10:35:36', '2025-09-13 10:35:36'),
(1536, 489, 'موريتانيا', NULL, NULL, 0, 17, '2025-09-13 10:35:36', '2025-09-13 10:35:36'),
(1537, 489, 'الصومال', NULL, NULL, 0, 18, '2025-09-13 10:35:36', '2025-09-13 10:35:36'),
(1538, 489, 'جيبوتي', NULL, NULL, 0, 19, '2025-09-13 10:35:36', '2025-09-13 10:35:36'),
(1539, 489, 'جزر القمر', NULL, NULL, 0, 20, '2025-09-13 10:35:36', '2025-09-13 10:35:36'),
(1540, 490, '(حقل نصي)*', NULL, NULL, 1, 0, '2025-09-13 10:35:36', '2025-09-13 10:35:36'),
(1541, 491, 'طالب ثانوي', NULL, NULL, 0, 0, '2025-09-13 10:35:36', '2025-09-13 10:35:36'),
(1542, 491, 'طالب جامعي', NULL, NULL, 0, 1, '2025-09-13 10:35:36', '2025-09-13 10:35:36'),
(1543, 491, 'خريج جامعي', NULL, NULL, 0, 2, '2025-09-13 10:35:36', '2025-09-13 10:35:36'),
(1544, 491, 'ماجستير', NULL, NULL, 1, 3, '2025-09-13 10:35:36', '2025-09-13 10:35:36'),
(1545, 491, 'دكتوراه', NULL, NULL, 0, 4, '2025-09-13 10:35:36', '2025-09-13 10:35:36'),
(1546, 492, '(حقل نصي)*', NULL, NULL, 1, 0, '2025-09-13 10:35:36', '2025-09-13 10:35:36'),
(1547, 493, 'طالب', NULL, NULL, 0, 0, '2025-09-13 10:35:36', '2025-09-13 10:35:36'),
(1548, 493, 'خريج', NULL, NULL, 0, 1, '2025-09-13 10:35:36', '2025-09-13 10:35:36'),
(1549, 493, 'موظف', NULL, NULL, 1, 2, '2025-09-13 10:35:36', '2025-09-13 10:35:36'),
(1550, 493, 'أعمل لحسابي', NULL, NULL, 0, 3, '2025-09-13 10:35:36', '2025-09-13 10:35:36'),
(1551, 493, 'أبحث عن عمل', NULL, NULL, 0, 4, '2025-09-13 10:35:36', '2025-09-13 10:35:36'),
(1552, 494, 'مبتدئ', NULL, NULL, 0, 0, '2025-09-13 10:35:36', '2025-09-13 10:35:36'),
(1553, 494, 'متوسط', NULL, NULL, 0, 1, '2025-09-13 10:35:36', '2025-09-13 10:35:36'),
(1554, 494, 'متقدم', NULL, NULL, 0, 2, '2025-09-13 10:35:36', '2025-09-13 10:35:36'),
(1555, 494, 'متمكن', NULL, NULL, 1, 3, '2025-09-13 10:35:36', '2025-09-13 10:35:36'),
(1556, 495, 'نعم', NULL, NULL, 1, 0, '2025-09-13 10:35:36', '2025-09-13 10:35:36'),
(1557, 495, 'لا', NULL, NULL, 0, 1, '2025-09-13 10:35:36', '2025-09-13 10:35:36'),
(1558, 498, 'أقل من 15 سنة', NULL, NULL, 0, 0, '2025-09-13 11:06:46', '2025-09-13 11:06:46'),
(1559, 498, 'من 15 إلى 25 سنة', NULL, NULL, 0, 1, '2025-09-13 11:06:46', '2025-09-13 11:06:46'),
(1560, 498, 'من 25 إلى 35 سنة', NULL, NULL, 0, 2, '2025-09-13 11:06:46', '2025-09-13 11:06:46'),
(1561, 498, 'أكبر من 35 سنة', NULL, NULL, 0, 3, '2025-09-13 11:06:46', '2025-09-13 11:06:46'),
(1562, 499, 'ذكر', NULL, NULL, 0, 0, '2025-09-13 11:06:46', '2025-09-13 11:06:46'),
(1563, 499, 'أنثى', NULL, NULL, 0, 1, '2025-09-13 11:06:46', '2025-09-13 11:06:46'),
(1564, 499, 'أفضل عدم الإجابة', NULL, NULL, 0, 2, '2025-09-13 11:06:46', '2025-09-13 11:06:46'),
(1565, 500, 'مصر', NULL, NULL, 0, 0, '2025-09-13 11:06:46', '2025-09-13 11:06:46'),
(1566, 500, 'السعودية', NULL, NULL, 0, 1, '2025-09-13 11:06:46', '2025-09-13 11:06:46'),
(1567, 500, 'الإمارات', NULL, NULL, 0, 2, '2025-09-13 11:06:46', '2025-09-13 11:06:46'),
(1568, 500, 'الكويت', NULL, NULL, 0, 3, '2025-09-13 11:06:46', '2025-09-13 11:06:46'),
(1569, 500, 'قطر', NULL, NULL, 0, 4, '2025-09-13 11:06:46', '2025-09-13 11:06:46'),
(1570, 500, 'البحرين', NULL, NULL, 0, 5, '2025-09-13 11:06:46', '2025-09-13 11:06:46'),
(1571, 500, 'عمان', NULL, NULL, 0, 6, '2025-09-13 11:06:46', '2025-09-13 11:06:46'),
(1572, 500, 'الأردن', NULL, NULL, 0, 7, '2025-09-13 11:06:46', '2025-09-13 11:06:46'),
(1573, 500, 'فلسطين', NULL, NULL, 0, 8, '2025-09-13 11:06:46', '2025-09-13 11:06:46'),
(1574, 500, 'لبنان', NULL, NULL, 0, 9, '2025-09-13 11:06:46', '2025-09-13 11:06:46'),
(1575, 500, 'سوريا', NULL, NULL, 0, 10, '2025-09-13 11:06:46', '2025-09-13 11:06:46'),
(1576, 500, 'العراق', NULL, NULL, 0, 11, '2025-09-13 11:06:46', '2025-09-13 11:06:46'),
(1577, 500, 'اليمن', NULL, NULL, 0, 12, '2025-09-13 11:06:46', '2025-09-13 11:06:46'),
(1578, 500, 'ليبيا', NULL, NULL, 0, 13, '2025-09-13 11:06:46', '2025-09-13 11:06:46'),
(1579, 500, 'تونس', NULL, NULL, 0, 14, '2025-09-13 11:06:46', '2025-09-13 11:06:46'),
(1580, 500, 'الجزائر', NULL, NULL, 0, 15, '2025-09-13 11:06:46', '2025-09-13 11:06:46'),
(1581, 500, 'المغرب', NULL, NULL, 0, 16, '2025-09-13 11:06:46', '2025-09-13 11:06:46'),
(1582, 500, 'موريتانيا', NULL, NULL, 0, 17, '2025-09-13 11:06:46', '2025-09-13 11:06:46'),
(1583, 500, 'الصومال', NULL, NULL, 0, 18, '2025-09-13 11:06:46', '2025-09-13 11:06:46'),
(1584, 500, 'جيبوتي', NULL, NULL, 0, 19, '2025-09-13 11:06:46', '2025-09-13 11:06:46'),
(1585, 500, 'جزر القمر', NULL, NULL, 0, 20, '2025-09-13 11:06:46', '2025-09-13 11:06:46'),
(1586, 501, '(حقل نصي)*', NULL, NULL, 0, 0, '2025-09-13 11:06:46', '2025-09-13 11:06:46'),
(1587, 502, 'طالب ثانوي', NULL, NULL, 0, 0, '2025-09-13 11:06:46', '2025-09-13 11:06:46'),
(1588, 502, 'طالب جامعي', NULL, NULL, 0, 1, '2025-09-13 11:06:46', '2025-09-13 11:06:46'),
(1589, 502, 'خريج جامعي', NULL, NULL, 0, 2, '2025-09-13 11:06:46', '2025-09-13 11:06:46'),
(1590, 502, 'ماجستير', NULL, NULL, 0, 3, '2025-09-13 11:06:46', '2025-09-13 11:06:46'),
(1591, 502, 'دكتوراه', NULL, NULL, 0, 4, '2025-09-13 11:06:46', '2025-09-13 11:06:46'),
(1592, 503, '(حقل نصي)*', NULL, NULL, 0, 0, '2025-09-13 11:06:46', '2025-09-13 11:06:46'),
(1593, 504, 'طالب', NULL, NULL, 0, 0, '2025-09-13 11:06:46', '2025-09-13 11:06:46'),
(1594, 504, 'خريج', NULL, NULL, 0, 1, '2025-09-13 11:06:46', '2025-09-13 11:06:46'),
(1595, 504, 'موظف', NULL, NULL, 0, 2, '2025-09-13 11:06:46', '2025-09-13 11:06:46'),
(1596, 504, 'أعمل لحسابي', NULL, NULL, 0, 3, '2025-09-13 11:06:46', '2025-09-13 11:06:46'),
(1597, 504, 'أبحث عن عمل', NULL, NULL, 0, 4, '2025-09-13 11:06:46', '2025-09-13 11:06:46'),
(1598, 505, 'مبتدئ', NULL, NULL, 0, 0, '2025-09-13 11:06:46', '2025-09-13 11:06:46'),
(1599, 505, 'متوسط', NULL, NULL, 0, 1, '2025-09-13 11:06:46', '2025-09-13 11:06:46'),
(1600, 505, 'متقدم', NULL, NULL, 0, 2, '2025-09-13 11:06:46', '2025-09-13 11:06:46'),
(1601, 505, 'متمكن', NULL, NULL, 0, 3, '2025-09-13 11:06:46', '2025-09-13 11:06:46'),
(1602, 506, 'نعم', NULL, NULL, 0, 0, '2025-09-13 11:06:46', '2025-09-13 11:06:46'),
(1603, 506, 'لا', NULL, NULL, 0, 1, '2025-09-13 11:06:46', '2025-09-13 11:06:46'),
(1604, 509, 'أقل من 15 سنة', NULL, NULL, 0, 0, '2025-09-13 11:06:50', '2025-09-13 11:06:50'),
(1605, 509, 'من 15 إلى 25 سنة', NULL, NULL, 0, 1, '2025-09-13 11:06:50', '2025-09-13 11:06:50'),
(1606, 509, 'من 25 إلى 35 سنة', NULL, NULL, 0, 2, '2025-09-13 11:06:50', '2025-09-13 11:06:50'),
(1607, 509, 'أكبر من 35 سنة', NULL, NULL, 0, 3, '2025-09-13 11:06:50', '2025-09-13 11:06:50'),
(1608, 510, 'ذكر', NULL, NULL, 0, 0, '2025-09-13 11:06:50', '2025-09-13 11:06:50'),
(1609, 510, 'أنثى', NULL, NULL, 0, 1, '2025-09-13 11:06:50', '2025-09-13 11:06:50'),
(1610, 510, 'أفضل عدم الإجابة', NULL, NULL, 0, 2, '2025-09-13 11:06:50', '2025-09-13 11:06:50'),
(1611, 511, 'مصر', NULL, NULL, 0, 0, '2025-09-13 11:06:50', '2025-09-13 11:06:50'),
(1612, 511, 'السعودية', NULL, NULL, 0, 1, '2025-09-13 11:06:50', '2025-09-13 11:06:50'),
(1613, 511, 'الإمارات', NULL, NULL, 0, 2, '2025-09-13 11:06:50', '2025-09-13 11:06:50'),
(1614, 511, 'الكويت', NULL, NULL, 0, 3, '2025-09-13 11:06:50', '2025-09-13 11:06:50'),
(1615, 511, 'قطر', NULL, NULL, 0, 4, '2025-09-13 11:06:50', '2025-09-13 11:06:50'),
(1616, 511, 'البحرين', NULL, NULL, 0, 5, '2025-09-13 11:06:50', '2025-09-13 11:06:50'),
(1617, 511, 'عمان', NULL, NULL, 0, 6, '2025-09-13 11:06:50', '2025-09-13 11:06:50'),
(1618, 511, 'الأردن', NULL, NULL, 0, 7, '2025-09-13 11:06:50', '2025-09-13 11:06:50'),
(1619, 511, 'فلسطين', NULL, NULL, 0, 8, '2025-09-13 11:06:50', '2025-09-13 11:06:50'),
(1620, 511, 'لبنان', NULL, NULL, 0, 9, '2025-09-13 11:06:50', '2025-09-13 11:06:50'),
(1621, 511, 'سوريا', NULL, NULL, 0, 10, '2025-09-13 11:06:50', '2025-09-13 11:06:50'),
(1622, 511, 'العراق', NULL, NULL, 0, 11, '2025-09-13 11:06:50', '2025-09-13 11:06:50'),
(1623, 511, 'اليمن', NULL, NULL, 0, 12, '2025-09-13 11:06:50', '2025-09-13 11:06:50'),
(1624, 511, 'ليبيا', NULL, NULL, 0, 13, '2025-09-13 11:06:50', '2025-09-13 11:06:50'),
(1625, 511, 'تونس', NULL, NULL, 0, 14, '2025-09-13 11:06:50', '2025-09-13 11:06:50'),
(1626, 511, 'الجزائر', NULL, NULL, 0, 15, '2025-09-13 11:06:50', '2025-09-13 11:06:50'),
(1627, 511, 'المغرب', NULL, NULL, 0, 16, '2025-09-13 11:06:50', '2025-09-13 11:06:50'),
(1628, 511, 'موريتانيا', NULL, NULL, 0, 17, '2025-09-13 11:06:50', '2025-09-13 11:06:50'),
(1629, 511, 'الصومال', NULL, NULL, 0, 18, '2025-09-13 11:06:50', '2025-09-13 11:06:50'),
(1630, 511, 'جيبوتي', NULL, NULL, 0, 19, '2025-09-13 11:06:50', '2025-09-13 11:06:50'),
(1631, 511, 'جزر القمر', NULL, NULL, 0, 20, '2025-09-13 11:06:50', '2025-09-13 11:06:50'),
(1632, 512, '(حقل نصي)*', NULL, NULL, 0, 0, '2025-09-13 11:06:50', '2025-09-13 11:06:50'),
(1633, 513, 'طالب ثانوي', NULL, NULL, 0, 0, '2025-09-13 11:06:50', '2025-09-13 11:06:50'),
(1634, 513, 'طالب جامعي', NULL, NULL, 0, 1, '2025-09-13 11:06:50', '2025-09-13 11:06:50'),
(1635, 513, 'خريج جامعي', NULL, NULL, 0, 2, '2025-09-13 11:06:50', '2025-09-13 11:06:50'),
(1636, 513, 'ماجستير', NULL, NULL, 0, 3, '2025-09-13 11:06:50', '2025-09-13 11:06:50'),
(1637, 513, 'دكتوراه', NULL, NULL, 0, 4, '2025-09-13 11:06:50', '2025-09-13 11:06:50'),
(1638, 514, '(حقل نصي)*', NULL, NULL, 0, 0, '2025-09-13 11:06:50', '2025-09-13 11:06:50'),
(1639, 515, 'طالب', NULL, NULL, 0, 0, '2025-09-13 11:06:50', '2025-09-13 11:06:50'),
(1640, 515, 'خريج', NULL, NULL, 0, 1, '2025-09-13 11:06:50', '2025-09-13 11:06:50'),
(1641, 515, 'موظف', NULL, NULL, 0, 2, '2025-09-13 11:06:50', '2025-09-13 11:06:50'),
(1642, 515, 'أعمل لحسابي', NULL, NULL, 0, 3, '2025-09-13 11:06:50', '2025-09-13 11:06:50'),
(1643, 515, 'أبحث عن عمل', NULL, NULL, 0, 4, '2025-09-13 11:06:50', '2025-09-13 11:06:50'),
(1644, 516, 'مبتدئ', NULL, NULL, 0, 0, '2025-09-13 11:06:50', '2025-09-13 11:06:50'),
(1645, 516, 'متوسط', NULL, NULL, 0, 1, '2025-09-13 11:06:50', '2025-09-13 11:06:50'),
(1646, 516, 'متقدم', NULL, NULL, 0, 2, '2025-09-13 11:06:50', '2025-09-13 11:06:50'),
(1647, 516, 'متمكن', NULL, NULL, 0, 3, '2025-09-13 11:06:50', '2025-09-13 11:06:50'),
(1648, 517, 'نعم', NULL, NULL, 0, 0, '2025-09-13 11:06:50', '2025-09-13 11:06:50'),
(1649, 517, 'لا', NULL, NULL, 0, 1, '2025-09-13 11:06:50', '2025-09-13 11:06:50'),
(1650, 518, 'مصر', 50.00, NULL, 0, 0, '2025-09-13 11:09:45', '2025-09-13 11:09:45'),
(1651, 518, 'السعودية', 50.00, NULL, 0, 1, '2025-09-13 11:09:45', '2025-09-13 11:09:45'),
(1652, 518, 'الإمارات', 50.00, NULL, 0, 2, '2025-09-13 11:09:45', '2025-09-13 11:09:45'),
(1653, 518, 'الكويت', 50.00, NULL, 0, 3, '2025-09-13 11:09:45', '2025-09-13 11:09:45'),
(1654, 518, 'قطر', 50.00, NULL, 0, 4, '2025-09-13 11:09:45', '2025-09-13 11:09:45'),
(1655, 518, 'البحرين', 50.00, NULL, 0, 5, '2025-09-13 11:09:45', '2025-09-13 11:09:45'),
(1656, 518, 'عمان', 50.00, NULL, 0, 6, '2025-09-13 11:09:45', '2025-09-13 11:09:45'),
(1657, 518, 'الأردن', 50.00, NULL, 0, 7, '2025-09-13 11:09:45', '2025-09-13 11:09:45'),
(1658, 519, 'ذكر', 10.00, NULL, 0, 0, '2025-09-13 11:09:45', '2025-09-13 11:09:45'),
(1659, 519, 'أنثى', 10.00, NULL, 0, 1, '2025-09-13 11:09:45', '2025-09-13 11:09:45'),
(1660, 521, 'أقل من الثانوية', 30.00, NULL, 0, 0, '2025-09-13 11:09:45', '2025-09-13 11:09:45'),
(1661, 521, 'ثانوية عامة', 30.00, NULL, 0, 1, '2025-09-13 11:09:45', '2025-09-13 11:09:45'),
(1662, 521, 'دبلوم', 30.00, NULL, 0, 2, '2025-09-13 11:09:45', '2025-09-13 11:09:45'),
(1663, 521, 'بكالوريوس', 30.00, NULL, 0, 3, '2025-09-13 11:09:45', '2025-09-13 11:09:45'),
(1664, 521, 'ماجستير', 30.00, NULL, 0, 4, '2025-09-13 11:09:45', '2025-09-13 11:09:45'),
(1665, 521, 'دكتوراه', 30.00, NULL, 0, 5, '2025-09-13 11:09:45', '2025-09-13 11:09:45'),
(1666, 522, 'موظف حكومي', 10.00, NULL, 0, 0, '2025-09-13 11:09:45', '2025-09-13 11:09:45'),
(1667, 522, 'موظف قطاع خاص', 10.00, NULL, 0, 1, '2025-09-13 11:09:45', '2025-09-13 11:09:45'),
(1668, 522, 'أعمال حرة', 10.00, NULL, 0, 2, '2025-09-13 11:09:45', '2025-09-13 11:09:45'),
(1669, 522, 'طالب', 10.00, NULL, 0, 3, '2025-09-13 11:09:45', '2025-09-13 11:09:45'),
(1670, 522, 'متقاعد', 10.00, NULL, 0, 4, '2025-09-13 11:09:45', '2025-09-13 11:09:45'),
(1671, 522, 'عاطل عن العمل', 10.00, NULL, 0, 5, '2025-09-13 11:09:45', '2025-09-13 11:09:45'),
(1672, 523, 'نعم', 20.00, NULL, 0, 0, '2025-09-13 11:09:45', '2025-09-13 11:09:45'),
(1673, 523, 'لا', 20.00, NULL, 0, 1, '2025-09-13 11:09:45', '2025-09-13 11:09:45'),
(1674, 525, 'مصر', 50.00, NULL, 0, 0, '2025-09-13 11:09:49', '2025-09-13 11:09:49'),
(1675, 525, 'السعودية', 50.00, NULL, 0, 1, '2025-09-13 11:09:49', '2025-09-13 11:09:49'),
(1676, 525, 'الإمارات', 50.00, NULL, 0, 2, '2025-09-13 11:09:49', '2025-09-13 11:09:49'),
(1677, 525, 'الكويت', 50.00, NULL, 0, 3, '2025-09-13 11:09:49', '2025-09-13 11:09:49'),
(1678, 525, 'قطر', 50.00, NULL, 0, 4, '2025-09-13 11:09:49', '2025-09-13 11:09:49'),
(1679, 525, 'البحرين', 50.00, NULL, 0, 5, '2025-09-13 11:09:49', '2025-09-13 11:09:49'),
(1680, 525, 'عمان', 50.00, NULL, 0, 6, '2025-09-13 11:09:49', '2025-09-13 11:09:49'),
(1681, 525, 'الأردن', 50.00, NULL, 0, 7, '2025-09-13 11:09:49', '2025-09-13 11:09:49'),
(1682, 526, 'ذكر', 10.00, NULL, 0, 0, '2025-09-13 11:09:49', '2025-09-13 11:09:49'),
(1683, 526, 'أنثى', 10.00, NULL, 0, 1, '2025-09-13 11:09:49', '2025-09-13 11:09:49'),
(1684, 528, 'أقل من الثانوية', 30.00, NULL, 0, 0, '2025-09-13 11:09:49', '2025-09-13 11:09:49'),
(1685, 528, 'ثانوية عامة', 30.00, NULL, 0, 1, '2025-09-13 11:09:49', '2025-09-13 11:09:49'),
(1686, 528, 'دبلوم', 30.00, NULL, 0, 2, '2025-09-13 11:09:49', '2025-09-13 11:09:49'),
(1687, 528, 'بكالوريوس', 30.00, NULL, 0, 3, '2025-09-13 11:09:49', '2025-09-13 11:09:49'),
(1688, 528, 'ماجستير', 30.00, NULL, 0, 4, '2025-09-13 11:09:49', '2025-09-13 11:09:49'),
(1689, 528, 'دكتوراه', 30.00, NULL, 0, 5, '2025-09-13 11:09:49', '2025-09-13 11:09:49'),
(1690, 529, 'موظف حكومي', 10.00, NULL, 0, 0, '2025-09-13 11:09:49', '2025-09-13 11:09:49'),
(1691, 529, 'موظف قطاع خاص', 10.00, NULL, 0, 1, '2025-09-13 11:09:49', '2025-09-13 11:09:49'),
(1692, 529, 'أعمال حرة', 10.00, NULL, 0, 2, '2025-09-13 11:09:49', '2025-09-13 11:09:49'),
(1693, 529, 'طالب', 10.00, NULL, 0, 3, '2025-09-13 11:09:49', '2025-09-13 11:09:49'),
(1694, 529, 'متقاعد', 10.00, NULL, 0, 4, '2025-09-13 11:09:49', '2025-09-13 11:09:49'),
(1695, 529, 'عاطل عن العمل', 10.00, NULL, 0, 5, '2025-09-13 11:09:49', '2025-09-13 11:09:49'),
(1696, 530, 'نعم', 20.00, NULL, 0, 0, '2025-09-13 11:09:49', '2025-09-13 11:09:49'),
(1697, 530, 'لا', 20.00, NULL, 0, 1, '2025-09-13 11:09:49', '2025-09-13 11:09:49'),
(1698, 532, 'مصر', 50.00, NULL, 0, 0, '2025-09-13 11:32:38', '2025-09-13 11:32:38'),
(1699, 532, 'السعودية', 30.00, NULL, 0, 1, '2025-09-13 11:32:38', '2025-09-13 11:32:38'),
(1700, 532, 'الإمارات', 30.00, NULL, 0, 2, '2025-09-13 11:32:38', '2025-09-13 11:32:38'),
(1701, 532, 'الكويت', 30.00, NULL, 0, 3, '2025-09-13 11:32:38', '2025-09-13 11:32:38'),
(1702, 532, 'قطر', 30.00, NULL, 0, 4, '2025-09-13 11:32:38', '2025-09-13 11:32:38'),
(1703, 532, 'البحرين', 30.00, NULL, 0, 5, '2025-09-13 11:32:38', '2025-09-13 11:32:38'),
(1704, 532, 'عمان', 30.00, NULL, 0, 6, '2025-09-13 11:32:38', '2025-09-13 11:32:38'),
(1705, 532, 'الأردن', 30.00, NULL, 0, 7, '2025-09-13 11:32:38', '2025-09-13 11:32:38'),
(1706, 533, 'ذكر', 30.00, NULL, 0, 0, '2025-09-13 11:32:38', '2025-09-13 11:32:38'),
(1707, 533, 'أنثى', 30.00, NULL, 0, 1, '2025-09-13 11:32:38', '2025-09-13 11:32:38'),
(1708, 535, 'أقل من الثانوية', 20.00, NULL, 0, 0, '2025-09-13 11:32:38', '2025-09-13 11:32:38'),
(1709, 535, 'ثانوية عامة', 20.00, NULL, 0, 1, '2025-09-13 11:32:38', '2025-09-13 11:32:38'),
(1710, 535, 'دبلوم', 20.00, NULL, 0, 2, '2025-09-13 11:32:38', '2025-09-13 11:32:38'),
(1711, 535, 'بكالوريوس', 30.00, NULL, 0, 3, '2025-09-13 11:32:38', '2025-09-13 11:32:38'),
(1712, 535, 'ماجستير', 30.00, NULL, 0, 4, '2025-09-13 11:32:38', '2025-09-13 11:32:38'),
(1713, 535, 'دكتوراه', 30.00, NULL, 0, 5, '2025-09-13 11:32:38', '2025-09-13 11:32:38'),
(1714, 536, 'موظف حكومي', 30.00, NULL, 0, 0, '2025-09-13 11:32:39', '2025-09-13 11:32:39'),
(1715, 536, 'موظف قطاع خاص', 40.00, NULL, 0, 1, '2025-09-13 11:32:39', '2025-09-13 11:32:39'),
(1716, 536, 'أعمال حرة', 40.00, NULL, 0, 2, '2025-09-13 11:32:39', '2025-09-13 11:32:39'),
(1717, 536, 'طالب', 40.00, NULL, 0, 3, '2025-09-13 11:32:39', '2025-09-13 11:32:39'),
(1718, 536, 'متقاعد', 40.00, NULL, 0, 4, '2025-09-13 11:32:39', '2025-09-13 11:32:39'),
(1719, 536, 'عاطل عن العمل', 40.00, NULL, 0, 5, '2025-09-13 11:32:39', '2025-09-13 11:32:39'),
(1720, 537, 'نعم', 40.00, NULL, 0, 0, '2025-09-13 11:32:39', '2025-09-13 11:32:39'),
(1721, 537, 'لا', 40.00, NULL, 0, 1, '2025-09-13 11:32:39', '2025-09-13 11:32:39'),
(1722, 539, 'مصر', 50.00, NULL, 0, 0, '2025-09-13 11:32:43', '2025-09-13 11:32:43'),
(1723, 539, 'السعودية', 30.00, NULL, 0, 1, '2025-09-13 11:32:43', '2025-09-13 11:32:43'),
(1724, 539, 'الإمارات', 30.00, NULL, 0, 2, '2025-09-13 11:32:43', '2025-09-13 11:32:43'),
(1725, 539, 'الكويت', 30.00, NULL, 0, 3, '2025-09-13 11:32:43', '2025-09-13 11:32:43'),
(1726, 539, 'قطر', 30.00, NULL, 0, 4, '2025-09-13 11:32:43', '2025-09-13 11:32:43'),
(1727, 539, 'البحرين', 30.00, NULL, 0, 5, '2025-09-13 11:32:43', '2025-09-13 11:32:43'),
(1728, 539, 'عمان', 30.00, NULL, 0, 6, '2025-09-13 11:32:43', '2025-09-13 11:32:43'),
(1729, 539, 'الأردن', 30.00, NULL, 0, 7, '2025-09-13 11:32:43', '2025-09-13 11:32:43'),
(1730, 540, 'ذكر', 30.00, NULL, 0, 0, '2025-09-13 11:32:43', '2025-09-13 11:32:43'),
(1731, 540, 'أنثى', 30.00, NULL, 0, 1, '2025-09-13 11:32:43', '2025-09-13 11:32:43'),
(1732, 542, 'أقل من الثانوية', 20.00, NULL, 0, 0, '2025-09-13 11:32:43', '2025-09-13 11:32:43'),
(1733, 542, 'ثانوية عامة', 20.00, NULL, 0, 1, '2025-09-13 11:32:43', '2025-09-13 11:32:43'),
(1734, 542, 'دبلوم', 20.00, NULL, 0, 2, '2025-09-13 11:32:43', '2025-09-13 11:32:43'),
(1735, 542, 'بكالوريوس', 30.00, NULL, 0, 3, '2025-09-13 11:32:43', '2025-09-13 11:32:43'),
(1736, 542, 'ماجستير', 30.00, NULL, 0, 4, '2025-09-13 11:32:43', '2025-09-13 11:32:43'),
(1737, 542, 'دكتوراه', 30.00, NULL, 0, 5, '2025-09-13 11:32:43', '2025-09-13 11:32:43'),
(1738, 543, 'موظف حكومي', 30.00, NULL, 0, 0, '2025-09-13 11:32:43', '2025-09-13 11:32:43'),
(1739, 543, 'موظف قطاع خاص', 40.00, NULL, 0, 1, '2025-09-13 11:32:43', '2025-09-13 11:32:43'),
(1740, 543, 'أعمال حرة', 40.00, NULL, 0, 2, '2025-09-13 11:32:43', '2025-09-13 11:32:43');
INSERT INTO `options` (`id`, `question_id`, `label`, `weight`, `points`, `is_correct`, `display_order`, `created_at`, `updated_at`) VALUES
(1741, 543, 'طالب', 40.00, NULL, 0, 3, '2025-09-13 11:32:43', '2025-09-13 11:32:43'),
(1742, 543, 'متقاعد', 40.00, NULL, 0, 4, '2025-09-13 11:32:43', '2025-09-13 11:32:43'),
(1743, 543, 'عاطل عن العمل', 40.00, NULL, 0, 5, '2025-09-13 11:32:43', '2025-09-13 11:32:43'),
(1744, 544, 'نعم', 40.00, NULL, 0, 0, '2025-09-13 11:32:43', '2025-09-13 11:32:43'),
(1745, 544, 'لا', 40.00, NULL, 0, 1, '2025-09-13 11:32:43', '2025-09-13 11:32:43'),
(1746, 546, 'مصر', 7.00, NULL, 0, 0, '2025-09-13 16:51:21', '2025-09-13 16:51:21'),
(1747, 546, 'السعودية', NULL, NULL, 0, 1, '2025-09-13 16:51:21', '2025-09-13 16:51:21'),
(1748, 546, 'الإمارات', NULL, NULL, 0, 2, '2025-09-13 16:51:21', '2025-09-13 16:51:21'),
(1749, 546, 'الكويت', NULL, NULL, 0, 3, '2025-09-13 16:51:21', '2025-09-13 16:51:21'),
(1750, 546, 'قطر', NULL, NULL, 0, 4, '2025-09-13 16:51:21', '2025-09-13 16:51:21'),
(1751, 546, 'البحرين', NULL, NULL, 0, 5, '2025-09-13 16:51:21', '2025-09-13 16:51:21'),
(1752, 546, 'عمان', NULL, NULL, 0, 6, '2025-09-13 16:51:21', '2025-09-13 16:51:21'),
(1753, 546, 'الأردن', NULL, NULL, 0, 7, '2025-09-13 16:51:21', '2025-09-13 16:51:21'),
(1754, 547, 'ذكر', NULL, NULL, 0, 0, '2025-09-13 16:51:21', '2025-09-13 16:51:21'),
(1755, 547, 'أنثى', NULL, NULL, 0, 1, '2025-09-13 16:51:21', '2025-09-13 16:51:21'),
(1756, 549, 'أقل من الثانوية', NULL, NULL, 0, 0, '2025-09-13 16:51:21', '2025-09-13 16:51:21'),
(1757, 549, 'ثانوية عامة', NULL, NULL, 0, 1, '2025-09-13 16:51:21', '2025-09-13 16:51:21'),
(1758, 549, 'دبلوم', NULL, NULL, 0, 2, '2025-09-13 16:51:21', '2025-09-13 16:51:21'),
(1759, 549, 'بكالوريوس', NULL, NULL, 0, 3, '2025-09-13 16:51:21', '2025-09-13 16:51:21'),
(1760, 549, 'ماجستير', NULL, NULL, 0, 4, '2025-09-13 16:51:21', '2025-09-13 16:51:21'),
(1761, 549, 'دكتوراه', NULL, NULL, 0, 5, '2025-09-13 16:51:21', '2025-09-13 16:51:21'),
(1762, 550, 'موظف حكومي', NULL, NULL, 0, 0, '2025-09-13 16:51:21', '2025-09-13 16:51:21'),
(1763, 550, 'موظف قطاع خاص', NULL, NULL, 0, 1, '2025-09-13 16:51:21', '2025-09-13 16:51:21'),
(1764, 550, 'أعمال حرة', NULL, NULL, 0, 2, '2025-09-13 16:51:21', '2025-09-13 16:51:21'),
(1765, 550, 'طالب', NULL, NULL, 0, 3, '2025-09-13 16:51:21', '2025-09-13 16:51:21'),
(1766, 550, 'متقاعد', NULL, NULL, 0, 4, '2025-09-13 16:51:21', '2025-09-13 16:51:21'),
(1767, 550, 'عاطل عن العمل', NULL, NULL, 0, 5, '2025-09-13 16:51:21', '2025-09-13 16:51:21'),
(1768, 551, 'نعم', NULL, NULL, 0, 0, '2025-09-13 16:51:21', '2025-09-13 16:51:21'),
(1769, 551, 'لا', NULL, NULL, 0, 1, '2025-09-13 16:51:21', '2025-09-13 16:51:21'),
(1770, 553, 'مصر', 7.00, NULL, 0, 0, '2025-09-13 16:51:25', '2025-09-13 16:51:25'),
(1771, 553, 'السعودية', NULL, NULL, 0, 1, '2025-09-13 16:51:25', '2025-09-13 16:51:25'),
(1772, 553, 'الإمارات', NULL, NULL, 0, 2, '2025-09-13 16:51:25', '2025-09-13 16:51:25'),
(1773, 553, 'الكويت', NULL, NULL, 0, 3, '2025-09-13 16:51:25', '2025-09-13 16:51:25'),
(1774, 553, 'قطر', NULL, NULL, 0, 4, '2025-09-13 16:51:25', '2025-09-13 16:51:25'),
(1775, 553, 'البحرين', NULL, NULL, 0, 5, '2025-09-13 16:51:25', '2025-09-13 16:51:25'),
(1776, 553, 'عمان', NULL, NULL, 0, 6, '2025-09-13 16:51:25', '2025-09-13 16:51:25'),
(1777, 553, 'الأردن', NULL, NULL, 0, 7, '2025-09-13 16:51:25', '2025-09-13 16:51:25'),
(1778, 554, 'ذكر', NULL, NULL, 0, 0, '2025-09-13 16:51:25', '2025-09-13 16:51:25'),
(1779, 554, 'أنثى', NULL, NULL, 0, 1, '2025-09-13 16:51:25', '2025-09-13 16:51:25'),
(1780, 556, 'أقل من الثانوية', NULL, NULL, 0, 0, '2025-09-13 16:51:25', '2025-09-13 16:51:25'),
(1781, 556, 'ثانوية عامة', NULL, NULL, 0, 1, '2025-09-13 16:51:25', '2025-09-13 16:51:25'),
(1782, 556, 'دبلوم', NULL, NULL, 0, 2, '2025-09-13 16:51:25', '2025-09-13 16:51:25'),
(1783, 556, 'بكالوريوس', NULL, NULL, 0, 3, '2025-09-13 16:51:25', '2025-09-13 16:51:25'),
(1784, 556, 'ماجستير', NULL, NULL, 0, 4, '2025-09-13 16:51:25', '2025-09-13 16:51:25'),
(1785, 556, 'دكتوراه', NULL, NULL, 0, 5, '2025-09-13 16:51:25', '2025-09-13 16:51:25'),
(1786, 557, 'موظف حكومي', NULL, NULL, 0, 0, '2025-09-13 16:51:25', '2025-09-13 16:51:25'),
(1787, 557, 'موظف قطاع خاص', NULL, NULL, 0, 1, '2025-09-13 16:51:25', '2025-09-13 16:51:25'),
(1788, 557, 'أعمال حرة', NULL, NULL, 0, 2, '2025-09-13 16:51:25', '2025-09-13 16:51:25'),
(1789, 557, 'طالب', NULL, NULL, 0, 3, '2025-09-13 16:51:25', '2025-09-13 16:51:25'),
(1790, 557, 'متقاعد', NULL, NULL, 0, 4, '2025-09-13 16:51:25', '2025-09-13 16:51:25'),
(1791, 557, 'عاطل عن العمل', NULL, NULL, 0, 5, '2025-09-13 16:51:25', '2025-09-13 16:51:25'),
(1792, 558, 'نعم', NULL, NULL, 0, 0, '2025-09-13 16:51:25', '2025-09-13 16:51:25'),
(1793, 558, 'لا', NULL, NULL, 0, 1, '2025-09-13 16:51:25', '2025-09-13 16:51:25'),
(1794, 560, 'مصر', 5.00, NULL, 0, 0, '2025-09-13 17:00:03', '2025-09-13 17:00:03'),
(1795, 560, 'السعودية', 2.00, NULL, 0, 1, '2025-09-13 17:00:03', '2025-09-13 17:00:03'),
(1796, 560, 'الإمارات', 2.00, NULL, 0, 2, '2025-09-13 17:00:03', '2025-09-13 17:00:03'),
(1797, 560, 'الكويت', 2.00, NULL, 0, 3, '2025-09-13 17:00:03', '2025-09-13 17:00:03'),
(1798, 560, 'قطر', 2.00, NULL, 0, 4, '2025-09-13 17:00:03', '2025-09-13 17:00:03'),
(1799, 560, 'البحرين', 2.00, NULL, 0, 5, '2025-09-13 17:00:03', '2025-09-13 17:00:03'),
(1800, 560, 'عمان', 2.00, NULL, 0, 6, '2025-09-13 17:00:03', '2025-09-13 17:00:03'),
(1801, 560, 'الأردن', 2.00, NULL, 0, 7, '2025-09-13 17:00:03', '2025-09-13 17:00:03'),
(1802, 561, 'ذكر', 20.00, NULL, 0, 0, '2025-09-13 17:00:03', '2025-09-13 17:00:03'),
(1803, 561, 'أنثى', 20.00, NULL, 0, 1, '2025-09-13 17:00:03', '2025-09-13 17:00:03'),
(1804, 563, 'أقل من الثانوية', 5.00, NULL, 0, 0, '2025-09-13 17:00:04', '2025-09-13 17:00:04'),
(1805, 563, 'ثانوية عامة', 5.00, NULL, 0, 1, '2025-09-13 17:00:04', '2025-09-13 17:00:04'),
(1806, 563, 'دبلوم', 5.00, NULL, 0, 2, '2025-09-13 17:00:04', '2025-09-13 17:00:04'),
(1807, 563, 'بكالوريوس', 10.00, NULL, 0, 3, '2025-09-13 17:00:04', '2025-09-13 17:00:04'),
(1808, 563, 'ماجستير', 20.00, NULL, 0, 4, '2025-09-13 17:00:04', '2025-09-13 17:00:04'),
(1809, 563, 'دكتوراه', 20.00, NULL, 0, 5, '2025-09-13 17:00:04', '2025-09-13 17:00:04'),
(1810, 564, 'موظف حكومي', 10.00, NULL, 0, 0, '2025-09-13 17:00:04', '2025-09-13 17:00:04'),
(1811, 564, 'موظف قطاع خاص', 10.00, NULL, 0, 1, '2025-09-13 17:00:04', '2025-09-13 17:00:04'),
(1812, 564, 'أعمال حرة', 10.00, NULL, 0, 2, '2025-09-13 17:00:04', '2025-09-13 17:00:04'),
(1813, 564, 'طالب', 30.00, NULL, 0, 3, '2025-09-13 17:00:04', '2025-09-13 17:00:04'),
(1814, 564, 'متقاعد', 10.00, NULL, 0, 4, '2025-09-13 17:00:04', '2025-09-13 17:00:04'),
(1815, 564, 'عاطل عن العمل', 10.00, NULL, 0, 5, '2025-09-13 17:00:04', '2025-09-13 17:00:04'),
(1816, 565, 'نعم', 20.00, NULL, 0, 0, '2025-09-13 17:00:04', '2025-09-13 17:00:04'),
(1817, 565, 'لا', 10.00, NULL, 0, 1, '2025-09-13 17:00:04', '2025-09-13 17:00:04'),
(1818, 568, 'مصر', 5.00, NULL, 0, 0, '2025-09-13 17:00:07', '2025-09-13 17:00:07'),
(1819, 568, 'السعودية', 2.00, NULL, 0, 1, '2025-09-13 17:00:07', '2025-09-13 17:00:07'),
(1820, 568, 'الإمارات', 2.00, NULL, 0, 2, '2025-09-13 17:00:07', '2025-09-13 17:00:07'),
(1821, 568, 'الكويت', 2.00, NULL, 0, 3, '2025-09-13 17:00:07', '2025-09-13 17:00:07'),
(1822, 568, 'قطر', 2.00, NULL, 0, 4, '2025-09-13 17:00:07', '2025-09-13 17:00:07'),
(1823, 568, 'البحرين', 2.00, NULL, 0, 5, '2025-09-13 17:00:07', '2025-09-13 17:00:07'),
(1824, 568, 'عمان', 2.00, NULL, 0, 6, '2025-09-13 17:00:07', '2025-09-13 17:00:07'),
(1825, 568, 'الأردن', 2.00, NULL, 0, 7, '2025-09-13 17:00:07', '2025-09-13 17:00:07'),
(1826, 569, 'ذكر', 20.00, NULL, 0, 0, '2025-09-13 17:00:07', '2025-09-13 17:00:07'),
(1827, 569, 'أنثى', 20.00, NULL, 0, 1, '2025-09-13 17:00:07', '2025-09-13 17:00:07'),
(1828, 571, 'أقل من الثانوية', 5.00, NULL, 0, 0, '2025-09-13 17:00:07', '2025-09-13 17:00:07'),
(1829, 571, 'ثانوية عامة', 5.00, NULL, 0, 1, '2025-09-13 17:00:07', '2025-09-13 17:00:07'),
(1830, 571, 'دبلوم', 5.00, NULL, 0, 2, '2025-09-13 17:00:07', '2025-09-13 17:00:07'),
(1831, 571, 'بكالوريوس', 10.00, NULL, 0, 3, '2025-09-13 17:00:07', '2025-09-13 17:00:07'),
(1832, 571, 'ماجستير', 20.00, NULL, 0, 4, '2025-09-13 17:00:07', '2025-09-13 17:00:07'),
(1833, 571, 'دكتوراه', 20.00, NULL, 0, 5, '2025-09-13 17:00:07', '2025-09-13 17:00:07'),
(1834, 572, 'موظف حكومي', 10.00, NULL, 0, 0, '2025-09-13 17:00:07', '2025-09-13 17:00:07'),
(1835, 572, 'موظف قطاع خاص', 10.00, NULL, 0, 1, '2025-09-13 17:00:07', '2025-09-13 17:00:07'),
(1836, 572, 'أعمال حرة', 10.00, NULL, 0, 2, '2025-09-13 17:00:07', '2025-09-13 17:00:07'),
(1837, 572, 'طالب', 30.00, NULL, 0, 3, '2025-09-13 17:00:07', '2025-09-13 17:00:07'),
(1838, 572, 'متقاعد', 10.00, NULL, 0, 4, '2025-09-13 17:00:07', '2025-09-13 17:00:07'),
(1839, 572, 'عاطل عن العمل', 10.00, NULL, 0, 5, '2025-09-13 17:00:07', '2025-09-13 17:00:07'),
(1840, 573, 'نعم', 20.00, NULL, 0, 0, '2025-09-13 17:00:07', '2025-09-13 17:00:07'),
(1841, 573, 'لا', 10.00, NULL, 0, 1, '2025-09-13 17:00:07', '2025-09-13 17:00:07'),
(1842, 579, 'مصر', NULL, NULL, 0, 0, '2025-09-13 18:55:56', '2025-09-13 18:55:56'),
(1843, 579, 'السعودية', NULL, NULL, 0, 1, '2025-09-13 18:55:56', '2025-09-13 18:55:56'),
(1844, 579, 'الإمارات', NULL, NULL, 0, 2, '2025-09-13 18:55:56', '2025-09-13 18:55:56'),
(1845, 579, 'الكويت', NULL, NULL, 0, 3, '2025-09-13 18:55:56', '2025-09-13 18:55:56'),
(1846, 579, 'قطر', NULL, NULL, 0, 4, '2025-09-13 18:55:56', '2025-09-13 18:55:56'),
(1847, 579, 'البحرين', NULL, NULL, 0, 5, '2025-09-13 18:55:56', '2025-09-13 18:55:56'),
(1848, 579, 'عمان', NULL, NULL, 0, 6, '2025-09-13 18:55:56', '2025-09-13 18:55:56'),
(1849, 579, 'الأردن', NULL, NULL, 0, 7, '2025-09-13 18:55:56', '2025-09-13 18:55:56'),
(1850, 580, 'ذكر', NULL, NULL, 0, 0, '2025-09-13 18:55:56', '2025-09-13 18:55:56'),
(1851, 580, 'أنثى', NULL, NULL, 0, 1, '2025-09-13 18:55:56', '2025-09-13 18:55:56'),
(1852, 582, 'أقل من الثانوية', NULL, NULL, 0, 0, '2025-09-13 18:55:56', '2025-09-13 18:55:56'),
(1853, 582, 'ثانوية عامة', NULL, NULL, 0, 1, '2025-09-13 18:55:56', '2025-09-13 18:55:56'),
(1854, 582, 'دبلوم', NULL, NULL, 0, 2, '2025-09-13 18:55:56', '2025-09-13 18:55:56'),
(1855, 582, 'بكالوريوس', NULL, NULL, 0, 3, '2025-09-13 18:55:56', '2025-09-13 18:55:56'),
(1856, 582, 'ماجستير', NULL, NULL, 0, 4, '2025-09-13 18:55:56', '2025-09-13 18:55:56'),
(1857, 582, 'دكتوراه', NULL, NULL, 0, 5, '2025-09-13 18:55:56', '2025-09-13 18:55:56'),
(1858, 583, 'موظف حكومي', NULL, NULL, 0, 0, '2025-09-13 18:55:56', '2025-09-13 18:55:56'),
(1859, 583, 'موظف قطاع خاص', NULL, NULL, 0, 1, '2025-09-13 18:55:56', '2025-09-13 18:55:56'),
(1860, 583, 'أعمال حرة', NULL, NULL, 0, 2, '2025-09-13 18:55:56', '2025-09-13 18:55:56'),
(1861, 583, 'طالب', NULL, NULL, 0, 3, '2025-09-13 18:55:56', '2025-09-13 18:55:56'),
(1862, 583, 'متقاعد', NULL, NULL, 0, 4, '2025-09-13 18:55:56', '2025-09-13 18:55:56'),
(1863, 583, 'عاطل عن العمل', NULL, NULL, 0, 5, '2025-09-13 18:55:56', '2025-09-13 18:55:56'),
(1864, 584, 'نعم', NULL, NULL, 0, 0, '2025-09-13 18:55:56', '2025-09-13 18:55:56'),
(1865, 584, 'لا', NULL, NULL, 0, 1, '2025-09-13 18:55:56', '2025-09-13 18:55:56'),
(1866, 586, 'مصر', NULL, NULL, 0, 0, '2025-09-13 18:56:00', '2025-09-13 18:56:00'),
(1867, 586, 'السعودية', NULL, NULL, 0, 1, '2025-09-13 18:56:00', '2025-09-13 18:56:00'),
(1868, 586, 'الإمارات', NULL, NULL, 0, 2, '2025-09-13 18:56:00', '2025-09-13 18:56:00'),
(1869, 586, 'الكويت', NULL, NULL, 0, 3, '2025-09-13 18:56:00', '2025-09-13 18:56:00'),
(1870, 586, 'قطر', NULL, NULL, 0, 4, '2025-09-13 18:56:00', '2025-09-13 18:56:00'),
(1871, 586, 'البحرين', NULL, NULL, 0, 5, '2025-09-13 18:56:00', '2025-09-13 18:56:00'),
(1872, 586, 'عمان', NULL, NULL, 0, 6, '2025-09-13 18:56:00', '2025-09-13 18:56:00'),
(1873, 586, 'الأردن', NULL, NULL, 0, 7, '2025-09-13 18:56:00', '2025-09-13 18:56:00'),
(1874, 587, 'ذكر', NULL, NULL, 0, 0, '2025-09-13 18:56:00', '2025-09-13 18:56:00'),
(1875, 587, 'أنثى', NULL, NULL, 0, 1, '2025-09-13 18:56:00', '2025-09-13 18:56:00'),
(1876, 589, 'أقل من الثانوية', NULL, NULL, 0, 0, '2025-09-13 18:56:00', '2025-09-13 18:56:00'),
(1877, 589, 'ثانوية عامة', NULL, NULL, 0, 1, '2025-09-13 18:56:00', '2025-09-13 18:56:00'),
(1878, 589, 'دبلوم', NULL, NULL, 0, 2, '2025-09-13 18:56:00', '2025-09-13 18:56:00'),
(1879, 589, 'بكالوريوس', NULL, NULL, 0, 3, '2025-09-13 18:56:00', '2025-09-13 18:56:00'),
(1880, 589, 'ماجستير', NULL, NULL, 0, 4, '2025-09-13 18:56:00', '2025-09-13 18:56:00'),
(1881, 589, 'دكتوراه', NULL, NULL, 0, 5, '2025-09-13 18:56:00', '2025-09-13 18:56:00'),
(1882, 590, 'موظف حكومي', NULL, NULL, 0, 0, '2025-09-13 18:56:00', '2025-09-13 18:56:00'),
(1883, 590, 'موظف قطاع خاص', NULL, NULL, 0, 1, '2025-09-13 18:56:00', '2025-09-13 18:56:00'),
(1884, 590, 'أعمال حرة', NULL, NULL, 0, 2, '2025-09-13 18:56:00', '2025-09-13 18:56:00'),
(1885, 590, 'طالب', NULL, NULL, 0, 3, '2025-09-13 18:56:00', '2025-09-13 18:56:00'),
(1886, 590, 'متقاعد', NULL, NULL, 0, 4, '2025-09-13 18:56:00', '2025-09-13 18:56:00'),
(1887, 590, 'عاطل عن العمل', NULL, NULL, 0, 5, '2025-09-13 18:56:00', '2025-09-13 18:56:00'),
(1888, 591, 'نعم', NULL, NULL, 0, 0, '2025-09-13 18:56:00', '2025-09-13 18:56:00'),
(1889, 591, 'لا', NULL, NULL, 0, 1, '2025-09-13 18:56:00', '2025-09-13 18:56:00');

-- --------------------------------------------------------

--
-- Table structure for table `password_resets`
--

DROP TABLE IF EXISTS `password_resets`;
CREATE TABLE IF NOT EXISTS `password_resets` (
  `email` varchar(191) COLLATE utf8mb4_unicode_ci NOT NULL,
  `token` varchar(191) COLLATE utf8mb4_unicode_ci NOT NULL,
  `created_at` timestamp NULL DEFAULT NULL,
  KEY `password_resets_email_index` (`email`)
) ENGINE=MyISAM DEFAULT CHARSET=utf8mb4 COLLATE=utf8mb4_unicode_ci;

-- --------------------------------------------------------

--
-- Table structure for table `personal_access_tokens`
--

DROP TABLE IF EXISTS `personal_access_tokens`;
CREATE TABLE IF NOT EXISTS `personal_access_tokens` (
  `id` bigint UNSIGNED NOT NULL AUTO_INCREMENT,
  `tokenable_type` varchar(191) COLLATE utf8mb4_unicode_ci NOT NULL,
  `tokenable_id` bigint UNSIGNED NOT NULL,
  `name` varchar(191) COLLATE utf8mb4_unicode_ci NOT NULL,
  `token` varchar(64) COLLATE utf8mb4_unicode_ci NOT NULL,
  `abilities` text COLLATE utf8mb4_unicode_ci,
  `last_used_at` timestamp NULL DEFAULT NULL,
  `created_at` timestamp NULL DEFAULT NULL,
  `updated_at` timestamp NULL DEFAULT NULL,
  PRIMARY KEY (`id`),
  UNIQUE KEY `personal_access_tokens_token_unique` (`token`),
  KEY `personal_access_tokens_tokenable_type_tokenable_id_index` (`tokenable_type`,`tokenable_id`)
) ENGINE=MyISAM DEFAULT CHARSET=utf8mb4 COLLATE=utf8mb4_unicode_ci;

-- --------------------------------------------------------

--
-- Table structure for table `questions`
--

DROP TABLE IF EXISTS `questions`;
CREATE TABLE IF NOT EXISTS `questions` (
  `id` bigint UNSIGNED NOT NULL AUTO_INCREMENT,
  `survey_id` bigint UNSIGNED NOT NULL,
  `title` varchar(191) COLLATE utf8mb4_unicode_ci NOT NULL,
  `description` text COLLATE utf8mb4_unicode_ci,
  `type` varchar(191) COLLATE utf8mb4_unicode_ci NOT NULL,
  `required` tinyint(1) NOT NULL DEFAULT '0',
  `points` int DEFAULT NULL,
  `display_order` int UNSIGNED NOT NULL DEFAULT '0',
  `weight` double(8,2) DEFAULT NULL,
  `metadata` json DEFAULT NULL,
  `created_at` timestamp NULL DEFAULT NULL,
  `updated_at` timestamp NULL DEFAULT NULL,
  PRIMARY KEY (`id`),
  KEY `questions_survey_id_foreign` (`survey_id`)
) ENGINE=MyISAM AUTO_INCREMENT=593 DEFAULT CHARSET=utf8mb4 COLLATE=utf8mb4_unicode_ci;

--
-- Dumping data for table `questions`
--

INSERT INTO `questions` (`id`, `survey_id`, `title`, `description`, `type`, `required`, `points`, `display_order`, `weight`, `metadata`, `created_at`, `updated_at`) VALUES
(9, 1, 'Full Name', NULL, 'radio', 0, 1, 0, NULL, NULL, '2025-09-10 09:27:07', '2025-09-10 09:27:07'),
(10, 1, 'Full Name', NULL, 'short', 0, 1, 1, NULL, NULL, '2025-09-10 09:27:07', '2025-09-10 09:27:07'),
(19, 2, 'Enter a number', NULL, 'number', 0, 1, 3, NULL, NULL, '2025-09-10 09:29:27', '2025-09-10 09:29:27'),
(18, 2, 'Rate the experience', NULL, 'rating', 0, 1, 2, NULL, NULL, '2025-09-10 09:29:27', '2025-09-10 09:29:27'),
(17, 2, 'Select options', NULL, 'checkbox', 0, 1, 1, NULL, NULL, '2025-09-10 09:29:27', '2025-09-10 09:29:27'),
(16, 2, 'Short text question', NULL, 'short', 0, 1, 0, NULL, NULL, '2025-09-10 09:29:27', '2025-09-10 09:29:27'),
(20, 2, 'Pick a date', NULL, 'date', 0, 1, 4, NULL, NULL, '2025-09-10 09:29:27', '2025-09-10 09:29:27'),
(24, 3, 'age', NULL, 'q_1757507555445_lphe', 0, 1, 1, NULL, NULL, '2025-09-10 09:33:09', '2025-09-10 09:33:09'),
(23, 3, 'Full Name', NULL, 'radio', 0, 1, 0, NULL, NULL, '2025-09-10 09:33:09', '2025-09-10 09:33:09'),
(41, 4, 'Age', NULL, 'radio', 0, 1, 1, NULL, NULL, '2025-09-10 09:35:05', '2025-09-10 09:35:05'),
(42, 4, 'Question', NULL, 'q_1757507644292_w8e1', 0, 1, 2, NULL, NULL, '2025-09-10 09:35:05', '2025-09-10 09:35:05'),
(43, 4, 'Question', NULL, 'q_1757507627645_dfac', 0, 1, 3, NULL, NULL, '2025-09-10 09:35:05', '2025-09-10 09:35:05'),
(44, 4, 'Question', NULL, 'q_1757507627645_dfac', 0, 1, 4, NULL, NULL, '2025-09-10 09:35:05', '2025-09-10 09:35:05'),
(30, 5, 'Full Name', NULL, 'short', 0, 1, 0, NULL, NULL, '2025-09-10 09:34:58', '2025-09-10 09:34:58'),
(31, 5, 'Age', NULL, 'radio', 0, 1, 1, NULL, NULL, '2025-09-10 09:34:58', '2025-09-10 09:34:58'),
(32, 5, 'Question', NULL, 'q_1757507644292_w8e1', 0, 1, 2, NULL, NULL, '2025-09-10 09:34:58', '2025-09-10 09:34:58'),
(33, 5, 'Question', NULL, 'q_1757507627645_dfac', 0, 1, 3, NULL, NULL, '2025-09-10 09:34:58', '2025-09-10 09:34:58'),
(34, 5, 'Question', NULL, 'q_1757507627645_dfac', 0, 1, 4, NULL, NULL, '2025-09-10 09:34:58', '2025-09-10 09:34:58'),
(40, 4, 'Full Name', NULL, 'short', 0, 1, 0, NULL, NULL, '2025-09-10 09:35:05', '2025-09-10 09:35:05'),
(48, 7, 'العمر', NULL, 'short', 0, 1, 1, NULL, NULL, '2025-09-10 09:41:30', '2025-09-10 09:41:30'),
(47, 7, 'الاسم', NULL, 'radio', 0, 1, 0, NULL, NULL, '2025-09-10 09:41:30', '2025-09-10 09:41:30'),
(50, 8, 'هل لديك كمبيوتر', NULL, 'short', 0, 1, 0, NULL, NULL, '2025-09-10 09:43:52', '2025-09-10 09:43:52'),
(51, 9, 'Full Name', NULL, 'short', 0, 1, 0, NULL, NULL, '2025-09-10 10:20:51', '2025-09-10 10:20:51'),
(52, 9, 'Email', NULL, 'short', 0, 1, 1, NULL, NULL, '2025-09-10 10:20:51', '2025-09-10 10:20:51'),
(53, 9, 'Age', NULL, 'radio', 0, 1, 2, NULL, NULL, '2025-09-10 10:20:51', '2025-09-10 10:20:51'),
(56, 10, 'yoyo', NULL, 'radio', 0, 1, 0, NULL, NULL, '2025-09-10 10:30:28', '2025-09-10 10:30:28'),
(57, 11, 'name', NULL, 'short', 0, 1, 0, NULL, NULL, '2025-09-11 06:22:45', '2025-09-11 06:22:45'),
(58, 11, 'age', NULL, 'radio', 0, 1, 1, NULL, NULL, '2025-09-11 06:22:45', '2025-09-11 06:22:45'),
(59, 11, 'gander', NULL, 'q_1757582531862_2bft', 0, 1, 2, NULL, NULL, '2025-09-11 06:22:45', '2025-09-11 06:22:45'),
(60, 12, 'name', NULL, 'short', 0, 1, 0, NULL, NULL, '2025-09-11 06:22:45', '2025-09-11 06:22:45'),
(61, 12, 'age', NULL, 'radio', 0, 1, 1, NULL, NULL, '2025-09-11 06:22:45', '2025-09-11 06:22:45'),
(62, 12, 'gander', NULL, 'q_1757582531862_2bft', 0, 1, 2, NULL, NULL, '2025-09-11 06:22:45', '2025-09-11 06:22:45'),
(68, 13, 'Short text question', NULL, 'short', 0, 1, 2, NULL, NULL, '2025-09-11 07:24:01', '2025-09-11 07:24:01'),
(67, 13, 'Long text question', NULL, 'long', 0, 1, 1, NULL, NULL, '2025-09-11 07:24:01', '2025-09-11 07:24:01'),
(66, 13, 'Choose one answer', NULL, 'radio', 0, 1, 0, NULL, NULL, '2025-09-11 07:24:01', '2025-09-11 07:24:01'),
(70, 12, 'Question', NULL, '61', 0, 1, 3, NULL, NULL, '2025-09-11 07:47:21', '2025-09-11 07:47:21'),
(71, 14, 'بالتأكيد، إليك الأسئلة وخياراتها فقط كما طلبت:', NULL, 'number', 0, 1, 0, NULL, NULL, '2025-09-11 07:50:12', '2025-09-11 07:50:12'),
(72, 14, 'Full Name', NULL, 'radio', 0, 1, 1, NULL, NULL, '2025-09-11 07:50:12', '2025-09-11 07:50:12'),
(73, 14, 'Email', NULL, 'radio', 0, 1, 2, NULL, NULL, '2025-09-11 07:50:12', '2025-09-11 07:50:12'),
(74, 14, 'Age  (اختر الفئة العمرية)', NULL, 'radio', 0, 1, 3, NULL, NULL, '2025-09-11 07:50:12', '2025-09-11 07:50:12'),
(75, 14, 'Gender  (اختر الجنس)', NULL, 'radio', 0, 1, 4, NULL, NULL, '2025-09-11 07:50:12', '2025-09-11 07:50:12'),
(76, 14, 'Country  (اختر الدولة)', NULL, 'radio', 0, 1, 5, NULL, NULL, '2025-09-11 07:50:12', '2025-09-11 07:50:12'),
(77, 14, 'Residence  (Please provide your current city and country of residence)', NULL, 'radio', 0, 1, 6, NULL, NULL, '2025-09-11 07:50:12', '2025-09-11 07:50:12'),
(78, 14, 'Educational Level', NULL, 'radio', 0, 1, 7, NULL, NULL, '2025-09-11 07:50:12', '2025-09-11 07:50:12'),
(79, 14, 'What is your major?', NULL, 'radio', 0, 1, 8, NULL, NULL, '2025-09-11 07:50:13', '2025-09-11 07:50:13'),
(80, 14, 'What is your employment status?', NULL, 'radio', 0, 1, 9, NULL, NULL, '2025-09-11 07:50:13', '2025-09-11 07:50:13'),
(81, 14, 'What is your English language proficiency?', NULL, 'radio', 0, 1, 10, NULL, NULL, '2025-09-11 07:50:13', '2025-09-11 07:50:13'),
(82, 14, 'Do you own a personal computer (PC or laptop) that you can work on?', NULL, 'radio', 0, 1, 11, NULL, NULL, '2025-09-11 07:50:13', '2025-09-11 07:50:13'),
(83, 14, 'Which operating systems do you use?  (يمكن اختيار أكثر من خيار)', NULL, 'checkbox', 0, 1, 12, NULL, NULL, '2025-09-11 07:50:13', '2025-09-11 07:50:13'),
(84, 14, 'What is your understanding of basic technical English terms (e.g., File, Browser, Code)?', NULL, 'radio', 0, 1, 13, NULL, NULL, '2025-09-11 07:50:13', '2025-09-11 07:50:13'),
(85, 14, 'How do you organize your files and folders on your device?', NULL, 'radio', 0, 1, 14, NULL, NULL, '2025-09-11 07:50:13', '2025-09-11 07:50:13'),
(86, 14, 'ما هي متصفحات الإنترنت التي تستخدمها بشكل منتظم؟  (يمكن اختيار أكثر من خيار)', NULL, 'checkbox', 0, 1, 15, NULL, NULL, '2025-09-11 07:50:13', '2025-09-11 07:50:13'),
(87, 14, 'How do you rate your keyboard shortcuts skills?', NULL, 'radio', 0, 1, 16, NULL, NULL, '2025-09-11 07:50:13', '2025-09-11 07:50:13'),
(88, 14, 'كيف تقيّم قدرتك على البحث عن المعلومات وحل المشكلات باستخدام الإنترنت؟', NULL, 'radio', 0, 1, 17, NULL, NULL, '2025-09-11 07:50:13', '2025-09-11 07:50:13'),
(89, 14, 'كم ساعة أسبوعياً تستطيع تخصيصها للتعلم والتطبيق العملي؟', NULL, 'radio', 0, 1, 18, NULL, NULL, '2025-09-11 07:50:13', '2025-09-11 07:50:13'),
(90, 14, '10 ساعات', NULL, 'radio', 0, 1, 19, NULL, NULL, '2025-09-11 07:50:13', '2025-09-11 07:50:13'),
(91, 14, 'أي أسلوب تعلم تفضل؟', NULL, 'radio', 0, 1, 20, NULL, NULL, '2025-09-11 07:50:13', '2025-09-11 07:50:13'),
(92, 14, 'عند مواجهة لغز أو تحدي منطقي، كيف تتعامل معه؟', NULL, 'radio', 0, 1, 21, NULL, NULL, '2025-09-11 07:50:13', '2025-09-11 07:50:13'),
(93, 14, 'هل لديك أي خبرة سابقة في البرمجة؟ إذا كانت الإجابة نعم، يرجى التوضيح', NULL, 'radio', 0, 1, 22, NULL, NULL, '2025-09-11 07:50:13', '2025-09-11 07:50:13'),
(94, 14, 'عند مواجهة مشكلة تقنية، ما هو أول إجراء تتخذه؟', NULL, 'radio', 0, 1, 23, NULL, NULL, '2025-09-11 07:50:13', '2025-09-11 07:50:13'),
(138, 15, '10 ساعات', NULL, 'radio', 0, 1, 19, NULL, NULL, '2025-09-11 07:50:19', '2025-09-11 07:50:19'),
(139, 15, 'أي أسلوب تعلم تفضل؟', NULL, 'radio', 0, 1, 20, NULL, NULL, '2025-09-11 07:50:19', '2025-09-11 07:50:19'),
(137, 15, 'كم ساعة أسبوعياً تستطيع تخصيصها للتعلم والتطبيق العملي؟', NULL, 'radio', 0, 1, 18, NULL, NULL, '2025-09-11 07:50:19', '2025-09-11 07:50:19'),
(136, 15, 'كيف تقيّم قدرتك على البحث عن المعلومات وحل المشكلات باستخدام الإنترنت؟', NULL, 'radio', 0, 1, 17, NULL, NULL, '2025-09-11 07:50:19', '2025-09-11 07:50:19'),
(135, 15, 'How do you rate your keyboard shortcuts skills?', NULL, 'radio', 0, 1, 16, NULL, NULL, '2025-09-11 07:50:19', '2025-09-11 07:50:19'),
(134, 15, 'ما هي متصفحات الإنترنت التي تستخدمها بشكل منتظم؟  (يمكن اختيار أكثر من خيار)', NULL, 'checkbox', 0, 1, 15, NULL, NULL, '2025-09-11 07:50:19', '2025-09-11 07:50:19'),
(133, 15, 'How do you organize your files and folders on your device?', NULL, 'radio', 0, 1, 14, NULL, NULL, '2025-09-11 07:50:19', '2025-09-11 07:50:19'),
(132, 15, 'What is your understanding of basic technical English terms (e.g., File, Browser, Code)?', NULL, 'radio', 0, 1, 13, NULL, NULL, '2025-09-11 07:50:19', '2025-09-11 07:50:19'),
(131, 15, 'Which operating systems do you use?  (يمكن اختيار أكثر من خيار)', NULL, 'checkbox', 0, 1, 12, NULL, NULL, '2025-09-11 07:50:19', '2025-09-11 07:50:19'),
(129, 15, 'What is your English language proficiency?', NULL, 'radio', 0, 1, 10, NULL, NULL, '2025-09-11 07:50:19', '2025-09-11 07:50:19'),
(130, 15, 'Do you own a personal computer (PC or laptop) that you can work on?', NULL, 'radio', 0, 1, 11, NULL, NULL, '2025-09-11 07:50:19', '2025-09-11 07:50:19'),
(128, 15, 'What is your employment status?', NULL, 'radio', 0, 1, 9, NULL, NULL, '2025-09-11 07:50:19', '2025-09-11 07:50:19'),
(126, 15, 'Educational Level', NULL, 'radio', 0, 1, 7, NULL, NULL, '2025-09-11 07:50:19', '2025-09-11 07:50:19'),
(127, 15, 'What is your major?', NULL, 'radio', 0, 1, 8, NULL, NULL, '2025-09-11 07:50:19', '2025-09-11 07:50:19'),
(125, 15, 'Residence  (Please provide your current city and country of residence)', NULL, 'radio', 0, 1, 6, NULL, NULL, '2025-09-11 07:50:19', '2025-09-11 07:50:19'),
(124, 15, 'Country  (اختر الدولة)', NULL, 'radio', 0, 1, 5, NULL, NULL, '2025-09-11 07:50:19', '2025-09-11 07:50:19'),
(123, 15, 'Gender  (اختر الجنس)', NULL, 'radio', 0, 1, 4, NULL, NULL, '2025-09-11 07:50:19', '2025-09-11 07:50:19'),
(120, 15, 'Full Name', NULL, 'radio', 0, 1, 1, NULL, NULL, '2025-09-11 07:50:19', '2025-09-11 07:50:19'),
(121, 15, 'Email', NULL, 'radio', 0, 1, 2, NULL, NULL, '2025-09-11 07:50:19', '2025-09-11 07:50:19'),
(122, 15, 'Age  (اختر الفئة العمرية)', NULL, 'radio', 0, 1, 3, NULL, NULL, '2025-09-11 07:50:19', '2025-09-11 07:50:19'),
(119, 15, 'بالتأكيد، إليك الأسئلة وخياراتها فقط كما طلبت:', NULL, 'number', 0, 1, 0, NULL, NULL, '2025-09-11 07:50:19', '2025-09-11 07:50:19'),
(140, 15, 'عند مواجهة لغز أو تحدي منطقي، كيف تتعامل معه؟', NULL, 'radio', 0, 1, 21, NULL, NULL, '2025-09-11 07:50:19', '2025-09-11 07:50:19'),
(141, 15, 'هل لديك أي خبرة سابقة في البرمجة؟ إذا كانت الإجابة نعم، يرجى التوضيح', NULL, 'radio', 0, 1, 22, NULL, NULL, '2025-09-11 07:50:19', '2025-09-11 07:50:19'),
(142, 15, 'عند مواجهة مشكلة تقنية، ما هو أول إجراء تتخذه؟', NULL, 'radio', 0, 1, 23, NULL, NULL, '2025-09-11 07:50:19', '2025-09-11 07:50:19'),
(184, 16, '10 ساعات', NULL, 'radio', 0, 1, 18, NULL, NULL, '2025-09-12 02:41:34', '2025-09-12 02:41:34'),
(183, 16, 'كم ساعة أسبوعياً تستطيع تخصيصها للتعلم والتطبيق العملي؟', NULL, 'radio', 0, 1, 17, NULL, NULL, '2025-09-12 02:41:34', '2025-09-12 02:41:34'),
(182, 16, 'كيف تقيّم قدرتك على البحث عن المعلومات وحل المشكلات باستخدام الإنترنت؟', NULL, 'radio', 0, 1, 16, NULL, NULL, '2025-09-12 02:41:34', '2025-09-12 02:41:34'),
(181, 16, 'How do you rate your keyboard shortcuts skills?', NULL, 'radio', 0, 1, 15, NULL, NULL, '2025-09-12 02:41:34', '2025-09-12 02:41:34'),
(180, 16, 'ما هي متصفحات الإنترنت التي تستخدمها بشكل منتظم؟  (يمكن اختيار أكثر من خيار)', NULL, 'checkbox', 0, 1, 14, NULL, NULL, '2025-09-12 02:41:34', '2025-09-12 02:41:34'),
(179, 16, 'How do you organize your files and folders on your device?', NULL, 'radio', 0, 1, 13, NULL, NULL, '2025-09-12 02:41:33', '2025-09-12 02:41:33'),
(178, 16, 'What is your understanding of basic technical English terms (e.g., File, Browser, Code)?', NULL, 'radio', 0, 1, 12, NULL, NULL, '2025-09-12 02:41:33', '2025-09-12 02:41:33'),
(177, 16, 'Which operating systems do you use?  (يمكن اختيار أكثر من خيار)', NULL, 'checkbox', 0, 1, 11, NULL, NULL, '2025-09-12 02:41:33', '2025-09-12 02:41:33'),
(176, 16, 'Do you own a personal computer (PC or laptop) that you can work on?', NULL, 'radio', 0, 1, 10, NULL, NULL, '2025-09-12 02:41:33', '2025-09-12 02:41:33'),
(174, 16, 'What is your employment status?', NULL, 'radio', 0, 1, 8, NULL, NULL, '2025-09-12 02:41:33', '2025-09-12 02:41:33'),
(175, 16, 'What is your English language proficiency?', NULL, 'radio', 0, 1, 9, NULL, NULL, '2025-09-12 02:41:33', '2025-09-12 02:41:33'),
(172, 16, 'Educational Level', NULL, 'radio', 0, 1, 6, NULL, NULL, '2025-09-12 02:41:33', '2025-09-12 02:41:33'),
(173, 16, 'What is your major?', NULL, 'radio', 0, 1, 7, NULL, NULL, '2025-09-12 02:41:33', '2025-09-12 02:41:33'),
(171, 16, 'Residence  (Please provide your current city and country of residence)', NULL, 'radio', 0, 1, 5, NULL, NULL, '2025-09-12 02:41:33', '2025-09-12 02:41:33'),
(170, 16, 'Country  (اختر الدولة)', NULL, 'radio', 0, 1, 4, NULL, NULL, '2025-09-12 02:41:33', '2025-09-12 02:41:33'),
(168, 16, 'Age  (اختر الفئة العمرية)', NULL, 'radio', 0, 1, 2, NULL, NULL, '2025-09-12 02:41:33', '2025-09-12 02:41:33'),
(169, 16, 'Gender  (اختر الجنس)', NULL, 'radio', 0, 1, 3, NULL, NULL, '2025-09-12 02:41:33', '2025-09-12 02:41:33'),
(166, 16, 'Full Name', NULL, 'short', 0, 1, 0, NULL, NULL, '2025-09-12 02:41:33', '2025-09-12 02:41:33'),
(167, 16, 'Email', NULL, 'short', 0, 1, 1, NULL, NULL, '2025-09-12 02:41:33', '2025-09-12 02:41:33'),
(185, 16, 'أي أسلوب تعلم تفضل؟', NULL, 'radio', 0, 1, 19, NULL, NULL, '2025-09-12 02:41:34', '2025-09-12 02:41:34'),
(186, 16, 'عند مواجهة لغز أو تحدي منطقي، كيف تتعامل معه؟', NULL, 'radio', 0, 1, 20, NULL, NULL, '2025-09-12 02:41:34', '2025-09-12 02:41:34'),
(187, 16, 'هل لديك أي خبرة سابقة في البرمجة؟ إذا كانت الإجابة نعم، يرجى التوضيح', NULL, 'radio', 0, 1, 21, NULL, NULL, '2025-09-12 02:41:34', '2025-09-12 02:41:34'),
(188, 16, 'عند مواجهة مشكلة تقنية، ما هو أول إجراء تتخذه؟', NULL, 'radio', 0, 1, 22, NULL, NULL, '2025-09-12 02:41:34', '2025-09-12 02:41:34'),
(189, 17, 'Full Name', NULL, 'short', 0, 1, 0, NULL, NULL, '2025-09-12 04:17:06', '2025-09-12 04:17:06'),
(190, 17, 'Email', NULL, 'short', 0, 1, 1, NULL, NULL, '2025-09-12 04:17:06', '2025-09-12 04:17:06'),
(191, 17, 'Age  (اختر الفئة العمرية)', NULL, 'dropdown', 0, 1, 2, NULL, NULL, '2025-09-12 04:17:06', '2025-09-12 04:17:06'),
(192, 18, 'Full Name', NULL, 'short', 0, 1, 0, NULL, NULL, '2025-09-12 04:17:06', '2025-09-12 04:17:06'),
(193, 18, 'Email', NULL, 'short', 0, 1, 1, NULL, NULL, '2025-09-12 04:17:06', '2025-09-12 04:17:06'),
(194, 18, 'Age  (اختر الفئة العمرية)', NULL, 'dropdown', 0, 1, 2, NULL, NULL, '2025-09-12 04:17:06', '2025-09-12 04:17:06'),
(195, 19, 'Full Name', NULL, 'short', 0, 1, 0, NULL, NULL, '2025-09-12 04:17:11', '2025-09-12 04:17:11'),
(196, 19, 'Email', NULL, 'short', 0, 1, 1, NULL, NULL, '2025-09-12 04:17:11', '2025-09-12 04:17:11'),
(197, 19, 'Age  (اختر الفئة العمرية)', NULL, 'dropdown', 0, 1, 2, NULL, NULL, '2025-09-12 04:17:11', '2025-09-12 04:17:11'),
(198, 35, 'Full Name', NULL, 'short', 0, NULL, 0, 1.00, NULL, '2025-09-12 12:07:25', '2025-09-12 12:07:25'),
(199, 35, 'Email', NULL, 'short', 0, NULL, 1, 1.00, NULL, '2025-09-12 12:07:25', '2025-09-12 12:07:25'),
(200, 35, 'Age  (اختر الفئة العمرية)', NULL, 'dropdown', 0, NULL, 2, 1.00, NULL, '2025-09-12 12:07:25', '2025-09-12 12:07:25'),
(201, 36, 'Full Name', NULL, 'short', 0, NULL, 0, 1.00, NULL, '2025-09-12 12:10:26', '2025-09-12 12:10:26'),
(202, 36, 'Email', NULL, 'short', 0, NULL, 1, 1.00, NULL, '2025-09-12 12:10:26', '2025-09-12 12:10:26'),
(203, 36, 'Age  (اختر الفئة العمرية)', NULL, 'dropdown', 0, NULL, 2, 1.00, NULL, '2025-09-12 12:10:26', '2025-09-12 12:10:26'),
(204, 37, 'Full Name', NULL, 'short', 0, NULL, 0, 1.00, NULL, '2025-09-12 12:10:33', '2025-09-12 12:10:33'),
(205, 37, 'Email', NULL, 'short', 0, NULL, 1, 1.00, NULL, '2025-09-12 12:10:33', '2025-09-12 12:10:33'),
(206, 37, 'Age  (اختر الفئة العمرية)', NULL, 'dropdown', 0, NULL, 2, 1.00, NULL, '2025-09-12 12:10:33', '2025-09-12 12:10:33'),
(207, 38, 'Full Name', NULL, 'short', 0, NULL, 0, 1.00, NULL, '2025-09-12 12:20:34', '2025-09-12 12:20:34'),
(208, 38, 'Email', NULL, 'short', 0, NULL, 1, 1.00, NULL, '2025-09-12 12:20:34', '2025-09-12 12:20:34'),
(209, 38, 'Age  (اختر الفئة العمرية)', NULL, 'dropdown', 0, NULL, 2, 1.00, NULL, '2025-09-12 12:20:34', '2025-09-12 12:20:34'),
(210, 39, 'Full Name', NULL, 'short', 0, NULL, 0, 1.00, NULL, '2025-09-12 12:20:41', '2025-09-12 12:20:41'),
(211, 39, 'Email', NULL, 'short', 0, NULL, 1, 1.00, NULL, '2025-09-12 12:20:41', '2025-09-12 12:20:41'),
(212, 39, 'Age  (اختر الفئة العمرية)', NULL, 'dropdown', 0, NULL, 2, 1.00, NULL, '2025-09-12 12:20:41', '2025-09-12 12:20:41'),
(213, 40, 'Full Name', NULL, 'short', 0, NULL, 0, 1.00, NULL, '2025-09-12 12:20:46', '2025-09-12 12:20:46'),
(214, 40, 'Email', NULL, 'short', 0, NULL, 1, 1.00, NULL, '2025-09-12 12:20:46', '2025-09-12 12:20:46'),
(215, 40, 'Age  (اختر الفئة العمرية)', NULL, 'dropdown', 0, NULL, 2, 1.00, NULL, '2025-09-12 12:20:46', '2025-09-12 12:20:46'),
(216, 41, 'Full Name', NULL, 'short', 0, NULL, 0, 1.00, NULL, '2025-09-12 12:20:46', '2025-09-12 12:20:46'),
(217, 41, 'Email', NULL, 'short', 0, NULL, 1, 1.00, NULL, '2025-09-12 12:20:46', '2025-09-12 12:20:46'),
(218, 41, 'Age  (اختر الفئة العمرية)', NULL, 'dropdown', 0, NULL, 2, 1.00, NULL, '2025-09-12 12:20:46', '2025-09-12 12:20:46'),
(220, 42, 'Short text question', NULL, 'short', 0, NULL, 0, 1.00, NULL, '2025-09-12 12:21:40', '2025-09-12 12:21:40'),
(221, 43, 'Full Name', NULL, 'short', 0, NULL, 0, 1.00, NULL, '2025-09-12 12:28:49', '2025-09-12 12:28:49'),
(222, 43, 'Email', NULL, 'short', 0, NULL, 1, 1.00, NULL, '2025-09-12 12:28:49', '2025-09-12 12:28:49'),
(223, 43, 'Age  (اختر الفئة العمرية)', NULL, 'dropdown', 0, NULL, 2, 1.00, NULL, '2025-09-12 12:28:49', '2025-09-12 12:28:49'),
(224, 44, 'Full Name', NULL, 'short', 0, NULL, 0, 1.00, NULL, '2025-09-13 02:19:11', '2025-09-13 02:19:11'),
(225, 44, 'Email', NULL, 'short', 0, NULL, 1, 1.00, NULL, '2025-09-13 02:19:11', '2025-09-13 02:19:11'),
(226, 44, 'Age  (اختر الفئة العمرية)', NULL, 'dropdown', 0, NULL, 2, 1.00, NULL, '2025-09-13 02:19:11', '2025-09-13 02:19:11'),
(227, 45, 'Full Name', NULL, 'short', 0, NULL, 0, 1.00, NULL, '2025-09-13 02:42:17', '2025-09-13 02:42:17'),
(228, 45, 'Email', NULL, 'short', 0, NULL, 1, 1.00, NULL, '2025-09-13 02:42:17', '2025-09-13 02:42:17'),
(229, 45, 'Age  (اختر الفئة العمرية)', NULL, 'dropdown', 0, NULL, 2, 1.00, NULL, '2025-09-13 02:42:17', '2025-09-13 02:42:17'),
(230, 46, 'Full Name', NULL, 'short', 0, NULL, 0, 1.00, NULL, '2025-09-13 02:42:17', '2025-09-13 02:42:17'),
(231, 46, 'Email', NULL, 'short', 0, NULL, 1, 1.00, NULL, '2025-09-13 02:42:17', '2025-09-13 02:42:17'),
(232, 46, 'Age  (اختر الفئة العمرية)', NULL, 'dropdown', 0, NULL, 2, 1.00, NULL, '2025-09-13 02:42:17', '2025-09-13 02:42:17'),
(233, 47, 'Full Name', NULL, 'short', 0, NULL, 0, 1.00, NULL, '2025-09-13 02:44:04', '2025-09-13 02:44:04'),
(234, 47, 'Email', NULL, 'short', 0, NULL, 1, 1.00, NULL, '2025-09-13 02:44:04', '2025-09-13 02:44:04'),
(235, 47, 'Age  (اختر الفئة العمرية)', NULL, 'dropdown', 0, NULL, 2, 1.00, NULL, '2025-09-13 02:44:04', '2025-09-13 02:44:04'),
(236, 48, 'Full Name', NULL, 'short', 0, NULL, 0, 1.00, NULL, '2025-09-13 02:44:11', '2025-09-13 02:44:11'),
(237, 48, 'Email', NULL, 'short', 0, NULL, 1, 1.00, NULL, '2025-09-13 02:44:11', '2025-09-13 02:44:11'),
(238, 48, 'Age  (اختر الفئة العمرية)', NULL, 'dropdown', 0, NULL, 2, 1.00, NULL, '2025-09-13 02:44:11', '2025-09-13 02:44:11'),
(239, 49, 'Choose one answer', NULL, 'radio', 0, NULL, 0, 1.00, NULL, '2025-09-13 02:44:31', '2025-09-13 02:44:31'),
(259, 50, 'What is your employment status?', NULL, 'radio', 0, NULL, 8, 1.00, NULL, '2025-09-13 02:48:34', '2025-09-13 02:48:34'),
(258, 50, 'What is your major?', NULL, 'radio', 0, NULL, 7, 1.00, NULL, '2025-09-13 02:48:34', '2025-09-13 02:48:34'),
(257, 50, 'Educational Level', NULL, 'dropdown', 0, NULL, 6, 1.00, NULL, '2025-09-13 02:48:34', '2025-09-13 02:48:34'),
(256, 50, 'Residence  (Please provide your current city and country of residence)', NULL, 'dropdown', 0, NULL, 5, 1.00, NULL, '2025-09-13 02:48:34', '2025-09-13 02:48:34'),
(255, 50, 'Country  (اختر الدولة)', NULL, 'dropdown', 0, NULL, 4, 1.00, NULL, '2025-09-13 02:48:34', '2025-09-13 02:48:34'),
(254, 50, 'Gender  (اختر الجنس)', NULL, 'radio', 0, NULL, 3, 1.00, NULL, '2025-09-13 02:48:34', '2025-09-13 02:48:34'),
(253, 50, 'Age  (اختر الفئة العمرية)', NULL, 'dropdown', 0, NULL, 2, 1.00, NULL, '2025-09-13 02:48:34', '2025-09-13 02:48:34'),
(251, 50, 'Full Name', NULL, 'short', 0, NULL, 0, 1.00, NULL, '2025-09-13 02:48:34', '2025-09-13 02:48:34'),
(252, 50, 'Email', NULL, 'short', 0, NULL, 1, 1.00, NULL, '2025-09-13 02:48:34', '2025-09-13 02:48:34'),
(260, 50, 'What is your English language proficiency?', NULL, 'radio', 0, NULL, 9, 1.00, NULL, '2025-09-13 02:48:34', '2025-09-13 02:48:34'),
(261, 50, 'Do you own a personal computer (PC or laptop) that you can work on?', NULL, 'radio', 0, NULL, 10, 1.00, NULL, '2025-09-13 02:48:34', '2025-09-13 02:48:34'),
(433, 51, 'Educational Level', NULL, 'dropdown', 0, NULL, 6, 1.00, NULL, '2025-09-13 06:42:55', '2025-09-13 06:42:55'),
(434, 51, 'What is your major?', NULL, 'radio', 0, NULL, 7, 1.00, NULL, '2025-09-13 06:42:55', '2025-09-13 06:42:55'),
(435, 51, 'What is your employment status?', NULL, 'radio', 0, NULL, 8, 1.00, NULL, '2025-09-13 06:42:55', '2025-09-13 06:42:55'),
(436, 51, 'What is your English language proficiency?', NULL, 'radio', 0, NULL, 9, 1.00, NULL, '2025-09-13 06:42:55', '2025-09-13 06:42:55'),
(437, 51, 'Do you own a personal computer (PC or laptop) that you can work on?', NULL, 'radio', 0, NULL, 10, 1.00, NULL, '2025-09-13 06:42:55', '2025-09-13 06:42:55'),
(438, 51, 'Full Name', NULL, 'short', 0, NULL, 11, 1.00, NULL, '2025-09-13 06:42:55', '2025-09-13 06:42:55'),
(439, 51, 'Email', NULL, 'short', 0, NULL, 12, 1.00, NULL, '2025-09-13 06:42:55', '2025-09-13 06:42:55'),
(440, 51, 'Age  (اختر الفئة العمرية)', NULL, 'dropdown', 0, NULL, 13, 1.00, NULL, '2025-09-13 06:42:55', '2025-09-13 06:42:55'),
(441, 51, 'Gender  (اختر الجنس)', NULL, 'radio', 0, NULL, 14, 1.00, NULL, '2025-09-13 06:42:55', '2025-09-13 06:42:55'),
(442, 51, 'Country  (اختر الدولة)', NULL, 'dropdown', 0, NULL, 15, 1.00, NULL, '2025-09-13 06:42:55', '2025-09-13 06:42:55'),
(443, 51, 'Residence  (Please provide your current city and country of residence)', NULL, 'dropdown', 0, NULL, 16, 1.00, NULL, '2025-09-13 06:42:55', '2025-09-13 06:42:55'),
(444, 51, 'Educational Level', NULL, 'dropdown', 0, NULL, 17, 1.00, NULL, '2025-09-13 06:42:55', '2025-09-13 06:42:55'),
(445, 51, 'What is your major?', NULL, 'radio', 0, NULL, 18, 1.00, NULL, '2025-09-13 06:42:55', '2025-09-13 06:42:55'),
(446, 51, 'What is your employment status?', NULL, 'radio', 0, NULL, 19, 1.00, NULL, '2025-09-13 06:42:55', '2025-09-13 06:42:55'),
(447, 51, 'What is your English language proficiency?', NULL, 'radio', 0, NULL, 20, 1.00, NULL, '2025-09-13 06:42:55', '2025-09-13 06:42:55'),
(448, 51, 'Do you own a personal computer (PC or laptop) that you can work on?', NULL, 'radio', 0, NULL, 21, 1.00, NULL, '2025-09-13 06:42:56', '2025-09-13 06:42:56'),
(449, 51, 'Full Name', NULL, 'short', 0, NULL, 22, 1.00, NULL, '2025-09-13 06:42:56', '2025-09-13 06:42:56'),
(450, 51, 'Email', NULL, 'short', 0, NULL, 23, 1.00, NULL, '2025-09-13 06:42:56', '2025-09-13 06:42:56'),
(451, 51, 'Age  (اختر الفئة العمرية)', NULL, 'dropdown', 0, NULL, 24, 1.00, NULL, '2025-09-13 06:42:56', '2025-09-13 06:42:56'),
(452, 51, 'Gender  (اختر الجنس)', NULL, 'radio', 0, NULL, 25, 1.00, NULL, '2025-09-13 06:42:56', '2025-09-13 06:42:56'),
(453, 51, 'Country  (اختر الدولة)', NULL, 'dropdown', 0, NULL, 26, 1.00, NULL, '2025-09-13 06:42:56', '2025-09-13 06:42:56'),
(454, 51, 'Residence  (Please provide your current city and country of residence)', NULL, 'dropdown', 0, NULL, 27, 1.00, NULL, '2025-09-13 06:42:56', '2025-09-13 06:42:56'),
(455, 51, 'Educational Level', NULL, 'dropdown', 0, NULL, 28, 1.00, NULL, '2025-09-13 06:42:56', '2025-09-13 06:42:56'),
(456, 51, 'What is your major?', NULL, 'radio', 0, NULL, 29, 1.00, NULL, '2025-09-13 06:42:56', '2025-09-13 06:42:56'),
(457, 51, 'What is your employment status?', NULL, 'radio', 0, NULL, 30, 1.00, NULL, '2025-09-13 06:42:56', '2025-09-13 06:42:56'),
(458, 51, 'What is your English language proficiency?', NULL, 'radio', 0, NULL, 31, 1.00, NULL, '2025-09-13 06:42:56', '2025-09-13 06:42:56'),
(459, 51, 'Do you own a personal computer (PC or laptop) that you can work on?', NULL, 'radio', 0, NULL, 32, 1.00, NULL, '2025-09-13 06:42:56', '2025-09-13 06:42:56'),
(473, 53, 'كم مرة تستخدم هذه الخدمة؟', NULL, 'number', 0, NULL, 6, 1.00, NULL, '2025-09-13 10:10:04', '2025-09-13 10:10:04'),
(295, 52, 'Full Name', NULL, 'short', 0, NULL, 0, 1.00, NULL, '2025-09-13 06:42:47', '2025-09-13 06:42:47'),
(296, 52, 'Email', NULL, 'short', 0, NULL, 1, 1.00, NULL, '2025-09-13 06:42:47', '2025-09-13 06:42:47'),
(297, 52, 'Age  (اختر الفئة العمرية)', NULL, 'dropdown', 0, NULL, 2, 1.00, NULL, '2025-09-13 06:42:47', '2025-09-13 06:42:47'),
(298, 52, 'Gender  (اختر الجنس)', NULL, 'radio', 0, NULL, 3, 1.00, NULL, '2025-09-13 06:42:47', '2025-09-13 06:42:47'),
(299, 52, 'Country  (اختر الدولة)', NULL, 'dropdown', 0, NULL, 4, 1.00, NULL, '2025-09-13 06:42:47', '2025-09-13 06:42:47'),
(300, 52, 'Residence  (Please provide your current city and country of residence)', NULL, 'dropdown', 0, NULL, 5, 1.00, NULL, '2025-09-13 06:42:47', '2025-09-13 06:42:47'),
(301, 52, 'Educational Level', NULL, 'dropdown', 0, NULL, 6, 1.00, NULL, '2025-09-13 06:42:47', '2025-09-13 06:42:47'),
(302, 52, 'What is your major?', NULL, 'radio', 0, NULL, 7, 1.00, NULL, '2025-09-13 06:42:47', '2025-09-13 06:42:47'),
(303, 52, 'What is your employment status?', NULL, 'radio', 0, NULL, 8, 1.00, NULL, '2025-09-13 06:42:47', '2025-09-13 06:42:47'),
(304, 52, 'What is your English language proficiency?', NULL, 'radio', 0, NULL, 9, 1.00, NULL, '2025-09-13 06:42:47', '2025-09-13 06:42:47'),
(305, 52, 'Do you own a personal computer (PC or laptop) that you can work on?', NULL, 'radio', 0, NULL, 10, 1.00, NULL, '2025-09-13 06:42:48', '2025-09-13 06:42:48'),
(306, 52, 'Full Name', NULL, 'short', 0, NULL, 11, 1.00, NULL, '2025-09-13 06:42:48', '2025-09-13 06:42:48'),
(307, 52, 'Email', NULL, 'short', 0, NULL, 12, 1.00, NULL, '2025-09-13 06:42:48', '2025-09-13 06:42:48'),
(308, 52, 'Age  (اختر الفئة العمرية)', NULL, 'dropdown', 0, NULL, 13, 1.00, NULL, '2025-09-13 06:42:48', '2025-09-13 06:42:48'),
(309, 52, 'Gender  (اختر الجنس)', NULL, 'radio', 0, NULL, 14, 1.00, NULL, '2025-09-13 06:42:48', '2025-09-13 06:42:48'),
(310, 52, 'Country  (اختر الدولة)', NULL, 'dropdown', 0, NULL, 15, 1.00, NULL, '2025-09-13 06:42:48', '2025-09-13 06:42:48'),
(311, 52, 'Residence  (Please provide your current city and country of residence)', NULL, 'dropdown', 0, NULL, 16, 1.00, NULL, '2025-09-13 06:42:48', '2025-09-13 06:42:48'),
(312, 52, 'Educational Level', NULL, 'dropdown', 0, NULL, 17, 1.00, NULL, '2025-09-13 06:42:48', '2025-09-13 06:42:48'),
(313, 52, 'What is your major?', NULL, 'radio', 0, NULL, 18, 1.00, NULL, '2025-09-13 06:42:48', '2025-09-13 06:42:48'),
(314, 52, 'What is your employment status?', NULL, 'radio', 0, NULL, 19, 1.00, NULL, '2025-09-13 06:42:48', '2025-09-13 06:42:48'),
(315, 52, 'What is your English language proficiency?', NULL, 'radio', 0, NULL, 20, 1.00, NULL, '2025-09-13 06:42:48', '2025-09-13 06:42:48'),
(316, 52, 'Do you own a personal computer (PC or laptop) that you can work on?', NULL, 'radio', 0, NULL, 21, 1.00, NULL, '2025-09-13 06:42:48', '2025-09-13 06:42:48'),
(317, 52, 'Full Name', NULL, 'short', 0, NULL, 22, 1.00, NULL, '2025-09-13 06:42:48', '2025-09-13 06:42:48'),
(318, 52, 'Email', NULL, 'short', 0, NULL, 23, 1.00, NULL, '2025-09-13 06:42:48', '2025-09-13 06:42:48'),
(319, 52, 'Age  (اختر الفئة العمرية)', NULL, 'dropdown', 0, NULL, 24, 1.00, NULL, '2025-09-13 06:42:48', '2025-09-13 06:42:48'),
(320, 52, 'Gender  (اختر الجنس)', NULL, 'radio', 0, NULL, 25, 1.00, NULL, '2025-09-13 06:42:48', '2025-09-13 06:42:48'),
(321, 52, 'Country  (اختر الدولة)', NULL, 'dropdown', 0, NULL, 26, 1.00, NULL, '2025-09-13 06:42:48', '2025-09-13 06:42:48'),
(322, 52, 'Residence  (Please provide your current city and country of residence)', NULL, 'dropdown', 0, NULL, 27, 1.00, NULL, '2025-09-13 06:42:48', '2025-09-13 06:42:48'),
(323, 52, 'Educational Level', NULL, 'dropdown', 0, NULL, 28, 1.00, NULL, '2025-09-13 06:42:48', '2025-09-13 06:42:48'),
(324, 52, 'What is your major?', NULL, 'radio', 0, NULL, 29, 1.00, NULL, '2025-09-13 06:42:48', '2025-09-13 06:42:48'),
(325, 52, 'What is your employment status?', NULL, 'radio', 0, NULL, 30, 1.00, NULL, '2025-09-13 06:42:48', '2025-09-13 06:42:48'),
(326, 52, 'What is your English language proficiency?', NULL, 'radio', 0, NULL, 31, 1.00, NULL, '2025-09-13 06:42:48', '2025-09-13 06:42:48'),
(327, 52, 'Do you own a personal computer (PC or laptop) that you can work on?', NULL, 'radio', 0, NULL, 32, 1.00, NULL, '2025-09-13 06:42:48', '2025-09-13 06:42:48'),
(432, 51, 'Residence  (Please provide your current city and country of residence)', NULL, 'dropdown', 0, NULL, 5, 1.00, NULL, '2025-09-13 06:42:55', '2025-09-13 06:42:55'),
(431, 51, 'Country  (اختر الدولة)', NULL, 'dropdown', 0, NULL, 4, 1.00, NULL, '2025-09-13 06:42:55', '2025-09-13 06:42:55'),
(430, 51, 'Gender  (اختر الجنس)', NULL, 'radio', 0, NULL, 3, 1.00, NULL, '2025-09-13 06:42:55', '2025-09-13 06:42:55'),
(427, 51, 'Full Name', NULL, 'short', 0, NULL, 0, 1.00, NULL, '2025-09-13 06:42:55', '2025-09-13 06:42:55'),
(428, 51, 'Email', NULL, 'short', 0, NULL, 1, 1.00, NULL, '2025-09-13 06:42:55', '2025-09-13 06:42:55'),
(429, 51, 'Age  (اختر الفئة العمرية)', NULL, 'dropdown', 0, NULL, 2, 1.00, NULL, '2025-09-13 06:42:55', '2025-09-13 06:42:55'),
(472, 53, 'هل أنت راض عن الخدمة؟', NULL, 'dropdown', 0, NULL, 5, 1.00, NULL, '2025-09-13 10:10:04', '2025-09-13 10:10:04'),
(471, 53, 'Employment Status (حالة التوظيف)', NULL, 'dropdown', 0, NULL, 4, 1.00, NULL, '2025-09-13 10:10:04', '2025-09-13 10:10:04'),
(470, 53, 'Education Level (المستوى التعليمي)', NULL, 'dropdown', 0, NULL, 3, 1.00, NULL, '2025-09-13 10:10:04', '2025-09-13 10:10:04'),
(469, 53, 'Age Group (الفئة العمرية)', NULL, 'number', 0, NULL, 2, 1.00, NULL, '2025-09-13 10:10:04', '2025-09-13 10:10:04'),
(468, 53, 'Gender (الجنس)', NULL, 'dropdown', 0, NULL, 1, 1.00, NULL, '2025-09-13 10:10:04', '2025-09-13 10:10:04'),
(467, 53, 'Country (اختر الدولة)', NULL, 'dropdown', 0, NULL, 0, 1.00, NULL, '2025-09-13 10:10:04', '2025-09-13 10:10:04'),
(492, 54, 'What is your major?', NULL, 'radio', 0, 1, 7, NULL, NULL, '2025-09-13 10:35:36', '2025-09-13 10:35:36'),
(491, 54, 'Educational Level', NULL, 'dropdown', 0, 1, 6, NULL, NULL, '2025-09-13 10:35:36', '2025-09-13 10:35:36'),
(490, 54, 'Residence  (Please provide your current city and country of residence)', NULL, 'dropdown', 0, 1, 5, NULL, NULL, '2025-09-13 10:35:36', '2025-09-13 10:35:36'),
(489, 54, 'Country  (اختر الدولة)', NULL, 'dropdown', 0, 1, 4, NULL, NULL, '2025-09-13 10:35:36', '2025-09-13 10:35:36'),
(488, 54, 'Gender  (اختر الجنس)', NULL, 'radio', 0, 1, 3, NULL, NULL, '2025-09-13 10:35:36', '2025-09-13 10:35:36'),
(487, 54, 'Age  (اختر الفئة العمرية)', NULL, 'dropdown', 0, 1, 2, NULL, NULL, '2025-09-13 10:35:36', '2025-09-13 10:35:36'),
(485, 54, 'Full Name', NULL, 'short', 0, 1, 0, NULL, NULL, '2025-09-13 10:35:36', '2025-09-13 10:35:36'),
(486, 54, 'Email', NULL, 'short', 0, 1, 1, NULL, NULL, '2025-09-13 10:35:36', '2025-09-13 10:35:36'),
(493, 54, 'What is your employment status?', NULL, 'radio', 0, 1, 8, NULL, NULL, '2025-09-13 10:35:36', '2025-09-13 10:35:36'),
(494, 54, 'What is your English language proficiency?', NULL, 'radio', 0, 1, 9, NULL, NULL, '2025-09-13 10:35:36', '2025-09-13 10:35:36'),
(495, 54, 'Do you own a personal computer (PC or laptop) that you can work on?', NULL, 'radio', 0, 1, 10, NULL, NULL, '2025-09-13 10:35:36', '2025-09-13 10:35:36'),
(515, 55, 'What is your employment status?', NULL, 'radio', 0, NULL, 8, 1.00, NULL, '2025-09-13 11:06:50', '2025-09-13 11:06:50'),
(514, 55, 'What is your major?', NULL, 'radio', 0, NULL, 7, 1.00, NULL, '2025-09-13 11:06:50', '2025-09-13 11:06:50'),
(513, 55, 'Educational Level', NULL, 'dropdown', 0, NULL, 6, 1.00, NULL, '2025-09-13 11:06:50', '2025-09-13 11:06:50'),
(512, 55, 'Residence  (Please provide your current city and country of residence)', NULL, 'dropdown', 0, NULL, 5, 1.00, NULL, '2025-09-13 11:06:50', '2025-09-13 11:06:50'),
(511, 55, 'Country  (اختر الدولة)', NULL, 'dropdown', 0, NULL, 4, 1.00, NULL, '2025-09-13 11:06:50', '2025-09-13 11:06:50'),
(510, 55, 'Gender  (اختر الجنس)', NULL, 'radio', 0, NULL, 3, 1.00, NULL, '2025-09-13 11:06:50', '2025-09-13 11:06:50'),
(509, 55, 'Age  (اختر الفئة العمرية)', NULL, 'dropdown', 0, NULL, 2, 1.00, NULL, '2025-09-13 11:06:50', '2025-09-13 11:06:50'),
(507, 55, 'Full Name', NULL, 'short', 0, NULL, 0, 1.00, NULL, '2025-09-13 11:06:50', '2025-09-13 11:06:50'),
(508, 55, 'Email', NULL, 'short', 0, NULL, 1, 1.00, NULL, '2025-09-13 11:06:50', '2025-09-13 11:06:50'),
(516, 55, 'What is your English language proficiency?', NULL, 'radio', 0, NULL, 9, 1.00, NULL, '2025-09-13 11:06:50', '2025-09-13 11:06:50'),
(517, 55, 'Do you own a personal computer (PC or laptop) that you can work on?', NULL, 'radio', 0, NULL, 10, 1.00, NULL, '2025-09-13 11:06:50', '2025-09-13 11:06:50'),
(530, 56, 'هل أنت راض عن الخدمة؟', NULL, 'dropdown', 0, NULL, 5, 1.00, NULL, '2025-09-13 11:09:49', '2025-09-13 11:09:49'),
(529, 56, 'Employment Status (حالة التوظيف)', NULL, 'dropdown', 0, NULL, 4, 1.00, NULL, '2025-09-13 11:09:49', '2025-09-13 11:09:49'),
(528, 56, 'Education Level (المستوى التعليمي)', NULL, 'dropdown', 0, NULL, 3, 1.00, NULL, '2025-09-13 11:09:49', '2025-09-13 11:09:49'),
(527, 56, 'Age Group (الفئة العمرية)', NULL, 'number', 0, NULL, 2, 1.00, NULL, '2025-09-13 11:09:49', '2025-09-13 11:09:49'),
(526, 56, 'Gender (الجنس)', NULL, 'dropdown', 0, NULL, 1, 1.00, NULL, '2025-09-13 11:09:49', '2025-09-13 11:09:49'),
(525, 56, 'Country (اختر الدولة)', NULL, 'dropdown', 0, NULL, 0, 1.00, NULL, '2025-09-13 11:09:49', '2025-09-13 11:09:49'),
(531, 56, 'كم مرة تستخدم هذه الخدمة؟', NULL, 'number', 0, NULL, 6, 1.00, NULL, '2025-09-13 11:09:49', '2025-09-13 11:09:49'),
(544, 57, 'هل أنت راض عن الخدمة؟', NULL, 'dropdown', 0, NULL, 5, 1.00, NULL, '2025-09-13 11:32:43', '2025-09-13 11:32:43'),
(543, 57, 'Employment Status (حالة التوظيف)', NULL, 'dropdown', 0, NULL, 4, 1.00, NULL, '2025-09-13 11:32:43', '2025-09-13 11:32:43'),
(542, 57, 'Education Level (المستوى التعليمي)', NULL, 'dropdown', 0, NULL, 3, 1.00, NULL, '2025-09-13 11:32:43', '2025-09-13 11:32:43'),
(541, 57, 'Age Group (الفئة العمرية)', NULL, 'number', 0, NULL, 2, 1.00, NULL, '2025-09-13 11:32:43', '2025-09-13 11:32:43'),
(540, 57, 'Gender (الجنس)', NULL, 'dropdown', 0, NULL, 1, 1.00, NULL, '2025-09-13 11:32:43', '2025-09-13 11:32:43'),
(539, 57, 'Country (اختر الدولة)', NULL, 'dropdown', 0, NULL, 0, 1.00, NULL, '2025-09-13 11:32:43', '2025-09-13 11:32:43'),
(545, 57, 'كم مرة تستخدم هذه الخدمة؟', NULL, 'number', 0, NULL, 6, 1.00, NULL, '2025-09-13 11:32:43', '2025-09-13 11:32:43'),
(558, 58, 'هل أنت راض عن الخدمة؟', NULL, 'dropdown', 0, NULL, 5, 1.00, NULL, '2025-09-13 16:51:25', '2025-09-13 16:51:25'),
(557, 58, 'Employment Status (حالة التوظيف)', NULL, 'dropdown', 0, NULL, 4, 1.00, NULL, '2025-09-13 16:51:25', '2025-09-13 16:51:25'),
(556, 58, 'Education Level (المستوى التعليمي)', NULL, 'dropdown', 0, NULL, 3, 1.00, NULL, '2025-09-13 16:51:25', '2025-09-13 16:51:25'),
(555, 58, 'Age Group (الفئة العمرية)', NULL, 'number', 0, NULL, 2, 1.00, NULL, '2025-09-13 16:51:25', '2025-09-13 16:51:25'),
(554, 58, 'Gender (الجنس)', NULL, 'dropdown', 0, NULL, 1, 1.00, NULL, '2025-09-13 16:51:25', '2025-09-13 16:51:25'),
(553, 58, 'Country (اختر الدولة)', NULL, 'dropdown', 0, NULL, 0, 1.00, NULL, '2025-09-13 16:51:25', '2025-09-13 16:51:25'),
(559, 58, 'كم مرة تستخدم هذه الخدمة؟', NULL, 'number', 0, NULL, 6, 1.00, NULL, '2025-09-13 16:51:25', '2025-09-13 16:51:25'),
(573, 59, 'هل أنت راض عن الخدمة؟', NULL, 'dropdown', 0, NULL, 5, 1.00, NULL, '2025-09-13 17:00:07', '2025-09-13 17:00:07'),
(572, 59, 'Employment Status (حالة التوظيف)', NULL, 'dropdown', 0, NULL, 4, 1.00, NULL, '2025-09-13 17:00:07', '2025-09-13 17:00:07'),
(571, 59, 'Education Level (المستوى التعليمي)', NULL, 'dropdown', 0, NULL, 3, 1.00, NULL, '2025-09-13 17:00:07', '2025-09-13 17:00:07'),
(570, 59, 'Age Group (الفئة العمرية)', NULL, 'number', 0, NULL, 2, 1.00, NULL, '2025-09-13 17:00:07', '2025-09-13 17:00:07'),
(569, 59, 'Gender (الجنس)', NULL, 'dropdown', 0, NULL, 1, 1.00, NULL, '2025-09-13 17:00:07', '2025-09-13 17:00:07'),
(568, 59, 'Country (اختر الدولة)', NULL, 'dropdown', 0, NULL, 0, 1.00, NULL, '2025-09-13 17:00:07', '2025-09-13 17:00:07'),
(574, 59, 'كم مرة تستخدم هذه الخدمة؟', NULL, 'number', 0, NULL, 6, 1.00, NULL, '2025-09-13 17:00:07', '2025-09-13 17:00:07'),
(575, 59, 'Question', NULL, 'q_1757793480041_ft2b', 0, NULL, 7, 1.00, NULL, '2025-09-13 17:00:07', '2025-09-13 17:00:07'),
(578, 60, 'Short text question', NULL, 'short', 0, NULL, 0, 1.00, NULL, '2025-09-13 18:54:05', '2025-09-13 18:54:05'),
(591, 61, 'هل أنت راض عن الخدمة؟', NULL, 'dropdown', 0, NULL, 5, 1.00, NULL, '2025-09-13 18:56:00', '2025-09-13 18:56:00'),
(590, 61, 'Employment Status (حالة التوظيف)', NULL, 'dropdown', 0, NULL, 4, 1.00, NULL, '2025-09-13 18:56:00', '2025-09-13 18:56:00'),
(589, 61, 'Education Level (المستوى التعليمي)', NULL, 'dropdown', 0, NULL, 3, 1.00, NULL, '2025-09-13 18:56:00', '2025-09-13 18:56:00'),
(588, 61, 'Age Group (الفئة العمرية)', NULL, 'number', 1, NULL, 2, 1.00, NULL, '2025-09-13 18:56:00', '2025-09-13 18:56:00'),
(587, 61, 'Gender (الجنس)', NULL, 'dropdown', 0, NULL, 1, 1.00, NULL, '2025-09-13 18:56:00', '2025-09-13 18:56:00'),
(586, 61, 'Country (اختر الدولة)', NULL, 'dropdown', 1, NULL, 0, 1.00, NULL, '2025-09-13 18:56:00', '2025-09-13 18:56:00'),
(592, 61, 'كم مرة تستخدم هذه الخدمة؟', NULL, 'number', 0, NULL, 6, 1.00, NULL, '2025-09-13 18:56:00', '2025-09-13 18:56:00');

-- --------------------------------------------------------

--
-- Table structure for table `respondents`
--

DROP TABLE IF EXISTS `respondents`;
CREATE TABLE IF NOT EXISTS `respondents` (
  `id` bigint UNSIGNED NOT NULL AUTO_INCREMENT,
  `name` varchar(191) COLLATE utf8mb4_unicode_ci DEFAULT NULL,
  `email` varchar(191) COLLATE utf8mb4_unicode_ci DEFAULT NULL,
  `gender` enum('male','female','other') COLLATE utf8mb4_unicode_ci DEFAULT NULL,
  `age` smallint UNSIGNED DEFAULT NULL,
  `education` varchar(191) COLLATE utf8mb4_unicode_ci DEFAULT NULL,
  `location` varchar(191) COLLATE utf8mb4_unicode_ci DEFAULT NULL,
  `created_at` timestamp NULL DEFAULT NULL,
  `updated_at` timestamp NULL DEFAULT NULL,
  PRIMARY KEY (`id`)
) ENGINE=MyISAM AUTO_INCREMENT=21 DEFAULT CHARSET=utf8mb4 COLLATE=utf8mb4_unicode_ci;

--
-- Dumping data for table `respondents`
--

INSERT INTO `respondents` (`id`, `name`, `email`, `gender`, `age`, `education`, `location`, `created_at`, `updated_at`) VALUES
(1, NULL, 'yosra774829@gmail.com', NULL, NULL, NULL, NULL, '2025-09-10 10:30:59', '2025-09-10 10:30:59'),
(2, 'yosra', 'yosra@gmail.com', NULL, NULL, NULL, NULL, '2025-09-10 10:31:41', '2025-09-10 10:31:41'),
(3, 'yoyo', 'yosraziad14@gmail.com', NULL, NULL, NULL, NULL, '2025-09-11 06:23:29', '2025-09-11 06:23:29'),
(4, 'yoyo', 'yosra774829@gmail.com', NULL, NULL, NULL, NULL, '2025-09-11 07:24:40', '2025-09-11 07:24:40'),
(5, 'yoyo', 'yosra774829@gmail.com', NULL, NULL, NULL, NULL, '2025-09-11 07:28:51', '2025-09-11 07:28:51'),
(6, 'ali', 'yora5395@gmail.com', NULL, NULL, NULL, NULL, '2025-09-11 07:47:59', '2025-09-11 07:47:59'),
(7, 'yoyo', 'yosraziad14@gmail.com', NULL, NULL, NULL, NULL, '2025-09-11 07:49:02', '2025-09-11 07:49:02'),
(8, 'ali', 'yora5395@gmail.com', NULL, NULL, NULL, NULL, '2025-09-11 07:51:22', '2025-09-11 07:51:22'),
(9, 'Yosra Mohammed Ziad', 'yosra774829@gmail.com', NULL, NULL, NULL, NULL, '2025-09-13 10:18:38', '2025-09-13 10:18:38'),
(10, NULL, 'atefakl80@gmail.com', NULL, NULL, NULL, NULL, '2025-09-13 10:32:34', '2025-09-13 10:32:34'),
(11, NULL, 'atefakl80@gmail.com', NULL, NULL, NULL, NULL, '2025-09-13 10:33:16', '2025-09-13 10:33:16'),
(12, 'Yosra Mohammed Ziad', 'yosra774829@gmail.com', NULL, NULL, NULL, NULL, '2025-09-13 11:10:24', '2025-09-13 11:10:24'),
(13, 'Yosra Mohammed Ziad', 'yosra774829@gmail.com', NULL, NULL, NULL, NULL, '2025-09-13 11:33:18', '2025-09-13 11:33:18'),
(14, 'Yosra Mohammed Ziad', 'yosra774829@gmail.com', NULL, NULL, NULL, NULL, '2025-09-13 16:52:02', '2025-09-13 16:52:02'),
(15, 'aseel', 'aseel@gmail.com', NULL, NULL, NULL, NULL, '2025-09-13 17:01:17', '2025-09-13 17:01:17'),
(16, 'aseel55', 'aseel55@gmail.com', NULL, NULL, NULL, NULL, '2025-09-13 17:28:49', '2025-09-13 17:28:49'),
(17, 'aseel5500', 'aseel5500@gmail.com', NULL, NULL, NULL, NULL, '2025-09-13 17:41:26', '2025-09-13 17:41:26'),
(18, 'yosra', 'yosra@gmail.com', NULL, NULL, NULL, NULL, '2025-09-13 19:03:03', '2025-09-13 19:03:03'),
(19, 'aseel550000', 'aseel5500@gmail.com', NULL, NULL, NULL, NULL, '2025-09-13 19:11:27', '2025-09-13 19:11:27'),
(20, 'Atef Akl88', 'atefakl8088@gmail.com', NULL, NULL, NULL, NULL, '2025-09-14 06:06:09', '2025-09-14 06:06:09');

-- --------------------------------------------------------

--
-- Table structure for table `responses`
--

DROP TABLE IF EXISTS `responses`;
CREATE TABLE IF NOT EXISTS `responses` (
  `id` bigint UNSIGNED NOT NULL AUTO_INCREMENT,
  `survey_id` bigint UNSIGNED NOT NULL,
  `respondent_id` bigint UNSIGNED DEFAULT NULL,
  `score` double(8,2) DEFAULT NULL,
  `created_at` timestamp NULL DEFAULT NULL,
  `updated_at` timestamp NULL DEFAULT NULL,
  PRIMARY KEY (`id`),
  KEY `responses_survey_id_foreign` (`survey_id`),
  KEY `responses_respondent_id_foreign` (`respondent_id`)
) ENGINE=MyISAM AUTO_INCREMENT=25 DEFAULT CHARSET=utf8mb4 COLLATE=utf8mb4_unicode_ci;

--
-- Dumping data for table `responses`
--

INSERT INTO `responses` (`id`, `survey_id`, `respondent_id`, `score`, `created_at`, `updated_at`) VALUES
(1, 4, NULL, 0.00, '2025-09-10 09:35:41', '2025-09-10 09:35:41'),
(2, 7, NULL, 0.00, '2025-09-10 09:41:53', '2025-09-10 09:41:53'),
(3, 9, NULL, 0.00, '2025-09-10 10:21:39', '2025-09-10 10:21:39'),
(4, 9, NULL, 0.00, '2025-09-10 10:25:24', '2025-09-10 10:25:24'),
(5, 10, 1, 0.00, '2025-09-10 10:30:59', '2025-09-10 10:30:59'),
(6, 10, 2, 0.00, '2025-09-10 10:31:41', '2025-09-10 10:31:41'),
(7, 12, 3, 0.00, '2025-09-11 06:23:29', '2025-09-11 06:23:29'),
(8, 13, 4, 0.00, '2025-09-11 07:24:40', '2025-09-11 07:24:40'),
(9, 13, 5, 0.00, '2025-09-11 07:28:51', '2025-09-11 07:28:51'),
(10, 12, 6, 0.00, '2025-09-11 07:47:59', '2025-09-11 07:47:59'),
(11, 12, 7, 0.00, '2025-09-11 07:49:02', '2025-09-11 07:49:02'),
(12, 15, 8, 0.00, '2025-09-11 07:51:22', '2025-09-11 07:51:22'),
(13, 53, 9, 2.00, '2025-09-13 10:18:38', '2025-09-13 10:18:38'),
(14, 9, 10, 2.00, '2025-09-13 10:32:34', '2025-09-13 10:32:34'),
(15, 9, 11, 2.00, '2025-09-13 10:33:16', '2025-09-13 10:33:16'),
(16, 56, 12, 122.00, '2025-09-13 11:10:24', '2025-09-13 11:10:24'),
(17, 57, 13, 182.00, '2025-09-13 11:33:18', '2025-09-13 11:33:18'),
(18, 58, 14, 9.00, '2025-09-13 16:52:02', '2025-09-13 16:52:02'),
(19, 59, 15, 87.00, '2025-09-13 17:01:17', '2025-09-13 17:01:17'),
(20, 59, 16, 87.00, '2025-09-13 17:28:49', '2025-09-13 17:28:49'),
(21, 59, 17, 77.00, '2025-09-13 17:41:26', '2025-09-13 17:41:26'),
(22, 61, 18, 2.00, '2025-09-13 19:03:03', '2025-09-13 19:03:03'),
(23, 58, 19, 9.00, '2025-09-13 19:11:27', '2025-09-13 19:11:27'),
(24, 59, 20, 59.00, '2025-09-14 06:06:09', '2025-09-14 06:06:09');

-- --------------------------------------------------------

--
-- Table structure for table `surveys`
--

DROP TABLE IF EXISTS `surveys`;
CREATE TABLE IF NOT EXISTS `surveys` (
  `id` bigint UNSIGNED NOT NULL AUTO_INCREMENT,
  `survey_number` int NOT NULL,
  `title` varchar(191) COLLATE utf8mb4_unicode_ci NOT NULL,
  `description` text COLLATE utf8mb4_unicode_ci,
  `type` enum('survey','quiz') COLLATE utf8mb4_unicode_ci NOT NULL DEFAULT 'survey',
  `is_published` tinyint(1) NOT NULL DEFAULT '0',
  `metadata` json DEFAULT NULL,
  `created_at` timestamp NULL DEFAULT NULL,
  `updated_at` timestamp NULL DEFAULT NULL,
  PRIMARY KEY (`id`)
) ENGINE=MyISAM AUTO_INCREMENT=62 DEFAULT CHARSET=utf8mb4 COLLATE=utf8mb4_unicode_ci;

--
-- Dumping data for table `surveys`
--

INSERT INTO `surveys` (`id`, `survey_number`, `title`, `description`, `type`, `is_published`, `metadata`, `created_at`, `updated_at`) VALUES
(61, 54, 'New Survey', 'Survey description', 'survey', 1, NULL, '2025-09-13 18:55:56', '2025-09-13 18:56:11'),
(60, 53, 'New Survey', 'Survey description', 'survey', 1, NULL, '2025-09-13 18:53:55', '2025-09-13 18:54:09'),
(14, 9, 'New Survey', 'Survey description', 'survey', 1, NULL, '2025-09-11 07:50:12', '2025-09-11 07:50:12'),
(13, 8, 'New Survey', 'Survey description', 'survey', 1, NULL, '2025-09-11 07:23:57', '2025-09-11 07:24:07'),
(12, 7, 'New Survey', 'Survey description', 'survey', 1, NULL, '2025-09-11 06:22:45', '2025-09-11 07:47:27'),
(11, 6, 'New Survey', 'Survey description', 'survey', 1, NULL, '2025-09-11 06:22:45', '2025-09-11 06:22:45'),
(7, 2, 'New Survey', 'Survey description', 'survey', 1, NULL, '2025-09-10 09:41:25', '2025-09-10 09:41:33'),
(8, 3, 'New Survey', 'Survey description', 'quiz', 1, NULL, '2025-09-10 09:43:48', '2025-09-10 09:43:58'),
(9, 4, 'نموذج التقديم لدورة تطوير الويب', 'Survey descriptionنموذج التقديم لدورة تطوير الويب', 'quiz', 1, NULL, '2025-09-10 10:20:51', '2025-09-10 10:21:10'),
(10, 5, 'New Survey', 'Survey description', 'quiz', 1, NULL, '2025-09-10 10:30:23', '2025-09-10 10:30:35'),
(16, 11, 'New Survey', 'Survey description', 'survey', 1, NULL, '2025-09-12 02:41:28', '2025-09-12 02:41:40'),
(17, 12, 'New Survey', 'Survey description', 'survey', 1, NULL, '2025-09-12 04:17:06', '2025-09-12 04:17:06'),
(18, 13, 'New Survey', 'Survey description', 'survey', 1, NULL, '2025-09-12 04:17:06', '2025-09-12 04:17:06'),
(19, 14, 'New Survey', 'Survey description', 'survey', 0, NULL, '2025-09-12 04:17:11', '2025-09-12 04:17:11'),
(20, 15, 'New Survey', 'Survey description', 'survey', 1, NULL, '2025-09-12 11:41:25', '2025-09-12 11:41:25'),
(21, 16, 'New Survey', 'Survey description', 'survey', 1, NULL, '2025-09-12 11:41:32', '2025-09-13 10:51:05'),
(22, 17, 'New Survey', 'Survey description', 'survey', 1, NULL, '2025-09-12 11:41:45', '2025-09-12 11:41:45'),
(23, 18, 'New Survey', 'Survey description', 'survey', 1, NULL, '2025-09-12 11:46:07', '2025-09-12 11:46:07'),
(24, 19, 'New Survey', 'Survey description', 'survey', 0, NULL, '2025-09-12 11:46:11', '2025-09-12 11:46:11'),
(25, 20, 'New Survey', 'Survey description', 'survey', 1, NULL, '2025-09-12 11:46:43', '2025-09-12 11:46:43'),
(26, 21, 'New Survey', 'Survey description', 'survey', 1, NULL, '2025-09-12 11:47:04', '2025-09-12 11:47:04'),
(27, 22, 'New Survey', 'Survey description', 'survey', 0, NULL, '2025-09-12 11:47:08', '2025-09-12 11:47:08'),
(28, 23, 'New Survey', 'Survey description', 'survey', 1, NULL, '2025-09-12 11:51:33', '2025-09-12 11:51:33'),
(29, 24, 'New Survey', 'Survey description', 'survey', 0, NULL, '2025-09-12 11:51:36', '2025-09-12 11:51:36'),
(30, 25, 'New Survey', 'Survey description', 'survey', 1, NULL, '2025-09-12 11:51:51', '2025-09-12 11:51:51'),
(31, 26, 'New Survey', 'Survey description', 'survey', 0, NULL, '2025-09-12 11:51:54', '2025-09-12 11:51:54'),
(32, 27, 'New Survey', 'Survey description', 'survey', 1, NULL, '2025-09-12 11:52:07', '2025-09-12 11:52:07'),
(33, 28, 'New Survey', 'Survey description', 'survey', 0, NULL, '2025-09-12 11:52:10', '2025-09-12 11:52:10'),
(34, 29, 'New Survey', 'Survey description', 'survey', 1, NULL, '2025-09-12 11:56:34', '2025-09-12 11:56:34'),
(35, 30, 'New Survey', 'Survey description', 'survey', 1, NULL, '2025-09-12 12:07:25', '2025-09-12 12:07:25'),
(36, 31, 'New Survey', 'Survey description', 'survey', 1, NULL, '2025-09-12 12:10:26', '2025-09-12 12:10:26'),
(37, 32, 'New Survey', 'Survey description', 'survey', 0, NULL, '2025-09-12 12:10:33', '2025-09-12 12:10:33'),
(38, 33, 'New Survey', 'Survey description', 'survey', 1, NULL, '2025-09-12 12:20:34', '2025-09-12 12:20:34'),
(39, 34, 'New Survey', 'Survey description', 'survey', 0, NULL, '2025-09-12 12:20:41', '2025-09-12 12:20:41'),
(40, 35, 'New Survey', 'Survey description', 'survey', 1, NULL, '2025-09-12 12:20:46', '2025-09-12 12:20:46'),
(41, 36, 'New Survey', 'Survey description', 'survey', 1, NULL, '2025-09-12 12:20:46', '2025-09-12 12:20:46'),
(42, 37, 'New Survey', 'Survey description', 'survey', 1, NULL, '2025-09-12 12:21:36', '2025-09-12 12:21:43'),
(43, 38, 'New Survey', 'Survey description', 'survey', 1, NULL, '2025-09-12 12:28:49', '2025-09-12 12:28:49'),
(44, 39, 'New Survey', 'Survey description', 'survey', 1, NULL, '2025-09-13 02:19:11', '2025-09-13 02:19:11'),
(45, 40, 'New Survey', 'Survey description', 'survey', 1, NULL, '2025-09-13 02:42:17', '2025-09-13 02:42:17'),
(46, 41, 'New Survey', 'Survey description', 'survey', 1, NULL, '2025-09-13 02:42:17', '2025-09-13 02:42:17'),
(47, 42, 'New Survey', 'Survey description', 'survey', 1, NULL, '2025-09-13 02:44:04', '2025-09-13 02:44:04'),
(48, 43, 'New Survey', 'Survey description', 'survey', 0, NULL, '2025-09-13 02:44:11', '2025-09-13 02:44:11'),
(49, 44, 'New Survey', 'Survey description', 'survey', 1, NULL, '2025-09-13 02:44:31', '2025-09-13 02:44:31'),
(50, 45, 'New Survey', 'Survey description', 'survey', 1, NULL, '2025-09-13 02:48:28', '2025-09-13 02:48:42'),
(51, 46, 'New Survey', 'Survey description', 'survey', 1, NULL, '2025-09-13 06:42:44', '2025-09-13 06:42:56'),
(52, 47, 'New Survey', 'Survey description', 'survey', 1, NULL, '2025-09-13 06:42:47', '2025-09-13 06:42:47'),
(55, 48, 'New Survey', 'Survey description', 'survey', 1, NULL, '2025-09-13 11:06:46', '2025-09-13 11:06:53'),
(56, 49, 'New Survey', 'Survey description', 'survey', 1, NULL, '2025-09-13 11:09:45', '2025-09-13 11:09:53'),
(57, 50, 'New Survey', 'Survey description', 'survey', 1, NULL, '2025-09-13 11:32:38', '2025-09-13 11:32:50'),
(58, 51, 'New Survey', 'Survey description', 'survey', 1, NULL, '2025-09-13 16:51:21', '2025-09-13 16:51:30'),
(59, 52, 'New Survey', 'Survey description', 'survey', 1, NULL, '2025-09-13 17:00:03', '2025-09-13 17:00:13');

-- --------------------------------------------------------

--
-- Table structure for table `users`
--

DROP TABLE IF EXISTS `users`;
CREATE TABLE IF NOT EXISTS `users` (
  `id` bigint UNSIGNED NOT NULL AUTO_INCREMENT,
  `name` varchar(191) COLLATE utf8mb4_unicode_ci NOT NULL,
  `email` varchar(191) COLLATE utf8mb4_unicode_ci NOT NULL,
  `email_verified_at` timestamp NULL DEFAULT NULL,
  `score` decimal(5,2) DEFAULT NULL,
  `account_type` varchar(191) COLLATE utf8mb4_unicode_ci NOT NULL DEFAULT 'student',
  `password` varchar(191) COLLATE utf8mb4_unicode_ci NOT NULL,
  `remember_token` varchar(100) COLLATE utf8mb4_unicode_ci DEFAULT NULL,
  `created_at` timestamp NULL DEFAULT NULL,
  `updated_at` timestamp NULL DEFAULT NULL,
  PRIMARY KEY (`id`),
  UNIQUE KEY `users_email_unique` (`email`)
) ENGINE=MyISAM DEFAULT CHARSET=utf8mb4 COLLATE=utf8mb4_unicode_ci;
COMMIT;

/*!40101 SET CHARACTER_SET_CLIENT=@OLD_CHARACTER_SET_CLIENT */;
/*!40101 SET CHARACTER_SET_RESULTS=@OLD_CHARACTER_SET_RESULTS */;
/*!40101 SET COLLATION_CONNECTION=@OLD_COLLATION_CONNECTION */;
